X,Y,OBJECTID,LOCATION_ID,COUNTY_ID,COUNTY_DESC,MUN_SORT,MUNICIPALITY,ROADNAME,ID_PREFIX,ID_RTE_NO,MP_SUFFIX,ID_MP,BEGIN_SECTION,END_SECTION,STATION_DESC,ROAD_SECTION,RURAL_URBAN,F_SYSTEM,F_SYSTEM_DESC,ROUTEID,ROUTEID_RH,MAIN_LINE,PEAK_HOUR_DIRECTION,NUM_LANES,COUNTED_FACTORED,STMP_SEQ,K_FACTOR,D_FACTOR,NORTH_EAST_SPLIT,SOUTH_WEST_SPLIT,AVMT,LINK,AADT_2010,AADT_2011,AADT_2012,AADT_2013,AADT_2014,AADT_2015,AADT_2016,AADT_2017,AADT_2018,AADT,AAWDT_2010,AAWDT_2011,AAWDT_2012,AAWDT_2013,AAWDT_2014,AAWDT_2015,AAWDT_2016,AAWDT_2017,AAWDT_2018,AAWDT,MOTORCYCLE_AADT,CAR_AADT,LIGHT_TRUCK_AADT,BUS_AADT,SINGLE_UNIT_AADT,COMBINATION_UNIT_AADT,LOC_ERROR,TRUCK_AADT,SUTRUCK_AADT_PCT_TRUCK,CUTRUCK__AADT_PCT_TRUCK,MCYCLE_AADT_PCT_OVERALL,CAR_AADT_PCT_OVERALL,LIGHT_TRUCK_AADT_PCT_OVERALL,BUS_AADT_PCT_OVERALL,SUTRUCK_AADT_PCT_OVERALL,CUTRUCK_AADT_PCT_OVERALL,TRUCK_AADT_PCT_OVERALL,NUM_LANES_ANNO,K_FACTOR_ANNO,D_FACTOR_ANNO,NORTH_EAST_SPLIT_ANNO,SOUTH_WEST_SPLIT_ANNO,AADT_2010_ANNO,AADT_2011_ANNO,AADT_2012_ANNO,AADT_2013_ANNO,AADT_2014_ANNO,AADT_2015_ANNO,AADT_2016_ANNO,AADT_2017_ANNO,AADT_2018_ANNO,AADT_ANNO,AAWDT_2010_ANNO,AAWDT_2011_ANNO,AAWDT_2012_ANNO,AAWDT_2013_ANNO,AAWDT_2014_ANNO,AAWDT_2015_ANNO,AAWDT_2016_ANNO,AAWDT_2017_ANNO,AAWDT_2018_ANNO,AAWDT_ANNO,MOTORCYCLE_AADT_ANNO,CAR_AADT_ANNO,BUS_AADT_ANNO,LIGHT_TRUCK_AADT_ANNO,SINGLE_UNIT_AADT_ANNO,COMBINATION_UNIT_AADT_ANNO,TRUCK_AADT_ANNO
-8579956.3514,4728856.3999,1208,B2797,15,Montgomery,0,None,Connecticut Ave,MD,185,  ,5.82,4.54,5.92,Md185-.10 Mi S Of Md586,Md 193 To Md 586,Urban,3,Principal Arterial Other,15000MD00185  01NN**************,15000MD00185--1-----,1,South,6,C,0,7.8,79.79,46.67,53.33,18.2239,https://maps.roads.maryland.gov/itms_public/?stationid=B2797,39950,40111,39792,37270,37161,38132,35300,36151,35832,36180,42750,43321,42982,40250,39761,40802,37770,38681,38342,38350,,,,,,,NO ERROR,,,,,,,,,,,6,7.8,79.79,46.67,53.33,"39,950","40,111","39,792","37,270","37,161","38,132","35,300","36,151","35,832","36,180","42,750","43,321","42,982","40,250","39,761","40,802","37,770","38,681","38,342","38,350",N/A,N/A,N/A,N/A,N/A,N/A,N/A
-8579971.5453,4726122.9005,1213,B2796,15,Montgomery,0,None,Connecticut Ave,MD,185,  ,4.5,4.4,4.54,Md185-.10 Mi N Of Md192,Md 192 To Md 193,Urban,3,Principal Arterial Other,15000MD00185  01NN**************,15000MD00185--1-----,1,North,6,C,0,7.02,62.59,46.97,53.03,2.6797,https://maps.roads.maryland.gov/itms_public/?stationid=B2796,56030,56251,55802,51620,51471,52812,52840,54111,53622,52440,59950,60751,60272,55750,55071,56512,56540,57901,57382,55590,,,,,,,NO ERROR,,,,,,,,,,,6,7.02,62.59,46.97,53.03,"56,030","56,251","55,802","51,620","51,471","52,812","52,840","54,111","53,622","52,440","59,950","60,751","60,272","55,750","55,071","56,512","56,540","57,901","57,382","55,590",N/A,N/A,N/A,N/A,N/A,N/A,N/A
-8569109.9624,4723907.0471,1214,B2960,15,Montgomery,0,None,New Hampshire Ave,MD,650,  ,2.98,2.68,3.23,Md650-.25 Mi S Of Is495,Adelphi Rd To Is 495,Urban,3,Principal Arterial Other,15000MD00650  01NN**************,15000MD00650--1-----,1,North,6,F,2,6.88,50.93,48.91,51.09,16.1546,https://maps.roads.maryland.gov/itms_public/?stationid=B2960,69311,69592,68890,69031,68822,77390,78861,80752,80470,80471,74161,75162,74400,74551,73642,82810,84381,86412,86100,85301,183,69281,8535,417,1678,377,NO ERROR,2055,0.81654501,0.18345499,0.00227411,0.86094369,0.10606305,0.00518199,0.02085223,0.00468492,0.02553715,6,6.88,50.93,48.91,51.09,"69,311","69,592","68,890","69,031","68,822","77,390","78,861","80,752","80,470","80,471","74,161","75,162","74,400","74,551","73,642","82,810","84,381","86,412","86,100","85,301",183,"69,281",417,"8,535","1,678",377,"2,055"
-8603024.3873,4745220.091,1228,B2768,15,Montgomery,0,None,Germantown Rd,MD,118,  ,4.1,4,5.42,Md118-.10 Mi N Of Md117,Md 117 To Middlebrook Rd,Urban,3,Principal Arterial Other,15000MD00118  01NN**************,15000MD00118--1-----,1,South,6,F,0,8.66,52.96,49.27,50.73,11.9582,https://maps.roads.maryland.gov/itms_public/?stationid=B2768,25602,24870,24671,24722,23880,24501,24972,22340,22141,23072,27392,26860,26651,26702,25550,26221,26722,23900,23691,23472,,,,,,,NO ERROR,,,,,,,,,,,6,8.66,52.96,49.27,50.73,"25,602","24,870","24,671","24,722","23,880","24,501","24,972","22,340","22,141","23,072","27,392","26,860","26,651","26,702","25,550","26,221","26,722","23,900","23,691","23,472",N/A,N/A,N/A,N/A,N/A,N/A,N/A
-8584959.8722,4724035.9745,1238,S2000150143,15,Montgomery,0,None,Ramp 8 Fr Md 187 Sb To Is 495 Wb,RP,495,  ,0.02,0,0.03,Exit 36 Ramp 8 Fr Md 187 Sb To Is 495 Wb,Exit 36 Ramp 08 Old Georgetown Rd To Ramp 1 Fr Md 187 Nb To Ramp 8 (to Is495),Urban,1,Interstate,15000RP00495  02SSIS36        08,15000RP00495--103608,2,West,1,F,0,9.69,100,0,100,0.0419,https://maps.roads.maryland.gov/itms_public/?stationid=S2000150143,4333,5050,5081,5132,5133,5264,5385,5390,3800,3831,4593,5350,5391,5442,5393,5534,5655,5610,3950,3981,,,,,,,NO ERROR,,,,,,,,,,,1,9.69,100,0,100,"4,333","5,050","5,081","5,132","5,133","5,264","5,385","5,390","3,800","3,831","4,593","5,350","5,391","5,442","5,393","5,534","5,655","5,610","3,950","3,981",N/A,N/A,N/A,N/A,N/A,N/A,N/A
-8588178.5712,4748231.2055,1240,B150115,15,Montgomery,0,None,Fieldcrest Rd,CO,5076,  ,0.1,0,1.68,Fieldcrest Rd-.10 Mi E Of Md124,Md 124  To Md 108,Urban,4,Minor Arterial,15000CO05076  01EE**************,15000CO05076--1-----,1,East,2,F,0,9.32,54.23,50.45,49.55,5.7586,https://maps.roads.maryland.gov/itms_public/?stationid=B150115,9521,9562,9340,9361,9332,9250,9431,9662,9390,9391,10191,10332,10090,10111,9992,9900,10091,10342,10050,9951,11,7488,1284,61,447,100,NO ERROR,547,0.81718464,0.18281536,0.00117133,0.79735917,0.13672665,0.00649558,0.04759876,0.01064849,0.05824726,2,9.32,54.23,50.45,49.55,"9,521","9,562","9,340","9,361","9,332","9,250","9,431","9,662","9,390","9,391","10,191","10,332","10,090","10,111","9,992","9,900","10,091","10,342","10,050","9,951",11,"7,488",61,"1,284",447,100,547
-8561621.538,4736900.8945,1261,S2012150651,15,Montgomery,0,None,Riding Stable Rd                        ,CO,90,  ,0.06,0,0.67,Riding Stable Rd - Between Md 198 & Huckburn Ct,Sandy Spring Rd To Jerald Rd,Urban,5,Major Collector,15000CO00090  01NN**************,15000CO00090--1-----,1,North,2,F,0,10.25,65.03,49.85,50.15,0.8366,https://maps.roads.maryland.gov/itms_public/?stationid=S2012150651,,,3400,3411,3402,3493,3564,3655,3420,3421,,,3670,3681,3642,3743,3814,3875,3630,3761,,,,,,,NO ERROR,,,,,,,,,,,2,10.25,65.03,49.85,50.15,N/A,N/A,"3,400","3,411","3,402","3,493","3,564","3,655","3,420","3,421",N/A,N/A,"3,670","3,681","3,642","3,743","3,814","3,875","3,630","3,761",N/A,N/A,N/A,N/A,N/A,N/A,N/A
-8588147.7393,4733867.5802,1280,S2012150979,15,Montgomery,130,Rockville,E Middle La,MU,3356,  ,0.23,0,0.25,E Middle La - Between Md 355 & Monroe St,N Washington St To Hungerford Dr,Urban,5,Major Collector,15130MU03356  01EE**************,15130MU03356--1-----,1,East,4,F,0,9.11,59.32,52.44,47.56,0.94,https://maps.roads.maryland.gov/itms_public/?stationid=S2012150979,,,10640,10661,10632,10913,11124,11395,10300,10301,,,11490,11511,11382,11683,11904,12085,10920,11331,,,,,,,NO ERROR,,,,,,,,,,,4,9.11,59.32,52.44,47.56,N/A,N/A,"10,640","10,661","10,632","10,913","11,124","11,395","10,300","10,301",N/A,N/A,"11,490","11,511","11,382","11,683","11,904","12,085","10,920","11,331",N/A,N/A,N/A,N/A,N/A,N/A,N/A
-8566730.3504,4730235.2185,1282,B150074,15,Montgomery,0,None,Cherry Hill Rd,CO,4359,  ,0.4,0.25,1.47,Cherry Hill Rd-.40 Mi S Of Us29,Md 929b (back) To Prince Georges Co/l,Urban,4,Minor Arterial,15000CO04359  01SS**************,15000CO04359--1-----,1,North,4,F,0,8.26,50.96,51.49,48.51,15.675,https://maps.roads.maryland.gov/itms_public/?stationid=B150074,33301,33432,33870,33941,33842,34040,34691,35522,33780,35201,35631,36112,36580,36661,36212,36420,37121,38012,36150,35811,,,,,,,NO ERROR,,,,,,,,,,,4,8.26,50.96,51.49,48.51,"33,301","33,432","33,870","33,941","33,842","34,040","34,691","35,522","33,780","35,201","35,631","36,112","36,580","36,661","36,212","36,420","37,121","38,012","36,150","35,811",N/A,N/A,N/A,N/A,N/A,N/A,N/A
-8591716.9157,4717892.6268,1286,S2000150116,15,Montgomery,0,None,Ramp 3 Fr Ramp 6 (fr C B Pkwy) To Is 495,RP,495,  ,0.1,0,0.46,Exit 41 Ramp 3 Fr Clara Barton Pkwy Eb To Is 495 Nb,Exit 41 Ramp 03 Ramp 6 Fr Clara Barton Pkwy To Is 495 Sb To Capital Beltway,Urban,1,Interstate,15000RP00495  02EEIS41        03,15000RP00495--104103,2,North,1,F,0,13.77,100,100,0,0.2386,https://maps.roads.maryland.gov/itms_public/?stationid=S2000150116,904,915,1410,1421,1422,1463,1494,1535,1410,1421,964,975,1500,1511,1492,1543,1574,1605,1470,1481,,,,,,,NO ERROR,,,,,,,,,,,1,13.77,100,100,0,904,915,"1,410","1,421","1,422","1,463","1,494","1,535","1,410","1,421",964,975,"1,500","1,511","1,492","1,543","1,574","1,605","1,470","1,481",N/A,N/A,N/A,N/A,N/A,N/A,N/A
-8588619.9527,4733675.0781,1296,S2012150977,15,Montgomery,130,Rockville,S Washington St,MU,3150,  ,0.37,0,0.4,S Washington St - Between Md 28 & E Montgomery Ave,Argyle St To E Montgomery Ave At Courthouse Sq,Urban,7,Local,15130MU03150  01NN**************,15130MU03150--1-----,1,South,2,F,0,8.07,50,45.1,54.9,0.7389,https://maps.roads.maryland.gov/itms_public/?stationid=S2012150977,,,5100,5111,5102,5243,5344,5475,5060,5061,,,5510,5521,5462,5613,5724,5865,5410,5371,,,,,,,NO ERROR,,,,,,,,,,,2,8.07,50,45.1,54.9,N/A,N/A,"5,100","5,111","5,102","5,243","5,344","5,475","5,060","5,061",N/A,N/A,"5,510","5,521","5,462","5,613","5,724","5,865","5,410","5,371",N/A,N/A,N/A,N/A,N/A,N/A,N/A
-8608000.646,4732785.3389,1298,B2815,15,Montgomery,0,None,River Rd,MD,190,  ,0.1,0,3.03,Md190-.10 Mi E Of Md112,Md 112 To Travilah Rd,Rural,5,Major Collector,15000MD00190  01EE**************,15000MD00190--1-----,1,East,2,C,0,10.89,85.81,51.62,48.38,4.081,https://maps.roads.maryland.gov/itms_public/?stationid=B2815,3623,3554,3565,3380,3381,3462,3543,3624,3605,3690,3803,3844,3785,3620,3581,3672,3793,3844,3825,3910,,,,,,,NO ERROR,,,,,,,,,,,2,10.89,85.81,51.62,48.38,"3,623","3,554","3,565","3,380","3,381","3,462","3,543","3,624","3,605","3,690","3,803","3,844","3,785","3,620","3,581","3,672","3,793","3,844","3,825","3,910",N/A,N/A,N/A,N/A,N/A,N/A,N/A
-8605830.1379,4759966.0687,1307,B150121,15,Montgomery,0,None,Little Bennett Dr,CO,7560,  ,0.1,0,0.213,Little Bennett Dr-.10 Mi W Of Md355,Md 355 To Cul De Sac,Rural,7,Local,15000CO07560  01WW**************,15000CO07560--1-----,1,East,2,F,0,11.01,66.67,52.29,47.71,0.0081,https://maps.roads.maryland.gov/itms_public/?stationid=B150121,91,92,93,94,95,100,101,102,103,104,101,102,103,104,105,110,111,112,113,114,,,,,,,NO ERROR,,,,,,,,,,,2,11.01,66.67,52.29,47.71,91,92,93,94,95,100,101,102,103,104,101,102,103,104,105,110,111,112,113,114,N/A,N/A,N/A,N/A,N/A,N/A,N/A
-8603314.364,4736758.9355,1308,B2709,15,Montgomery,0,None,Darnestown Rd,MD,28,  ,13.62,13.18,14.64,Md28-.10 Mi E Of Turkey Foot Rd,Md 112 To Ancient Oak Dr,Urban,4,Minor Arterial,15000MD00028  01EE**************,15000MD00028--1-----,1,West,2,F,2,9.3,69.03,49.83,50.17,7.4611,https://maps.roads.maryland.gov/itms_public/?stationid=B2709,13621,13682,13540,13571,13532,12180,12411,12712,14000,14001,14571,14782,14620,14661,14482,13030,13281,13602,14980,14841,63,10978,2046,70,701,143,NO ERROR,844,0.83056872,0.16943128,0.00449968,0.78408685,0.14613242,0.00499964,0.05006785,0.01021356,0.06028141,2,9.3,69.03,49.83,50.17,"13,621","13,682","13,540","13,571","13,532","12,180","12,411","12,712","14,000","14,001","14,571","14,782","14,620","14,661","14,482","13,030","13,281","13,602","14,980","14,841",63,"10,978",70,"2,046",701,143,844
-8616783.0431,4747993.7493,1315,B2756,15,Montgomery,0,None,Beallsville Rd,MD,109,  ,2.91,2.41,6.03,Md109-.50 Mi N Of Md28,Md 28 To Barnesville Rd,Rural,5,Major Collector,15000MD00109  01NN**************,15000MD00109--1-----,1,North,2,C,0,9.91,61.18,49.68,50.32,2.1009,https://maps.roads.maryland.gov/itms_public/?stationid=B2756,1510,1481,1482,1600,1601,1642,1520,1551,1542,1590,1590,1601,1572,1710,1701,1742,1630,1641,1642,1690,15,1017,379,8,136,35,NO ERROR,171,0.79532164,0.20467836,0.00943396,0.63962264,0.23836478,0.00503145,0.08553459,0.02201258,0.10754717,2,9.91,61.18,49.68,50.32,"1,510","1,481","1,482","1,600","1,601","1,642","1,520","1,551","1,542","1,590","1,590","1,601","1,572","1,710","1,701","1,742","1,630","1,641","1,642","1,690",15,"1,017",8,379,136,35,171
-8589080.7267,4729864.7539,1334,S2017150196,15,Montgomery,0,None,Ramp 12 Fr Ramp 8 To Park Potomac Ave,RP,270,  ,0.06,0,0.23,Exit 4 Ramp 12 Fr Ramp 8 To Park Potomac Ave,Exit 4  Ramp 12 Fr Ramp 8 To Park Potomac,Urban,1,Interstate,15000RP00270  02WWIS4         12,15000RP00270--100412,2,West,1,F,0,9.49,100,0,100,0.0715,https://maps.roads.maryland.gov/itms_public/?stationid=S2017150196,,,,,,,,840,841,852,,,,,,,,870,881,892,,,,,,,NO ERROR,,,,,,,,,,,1,9.49,100,0,100,N/A,N/A,N/A,N/A,N/A,N/A,N/A,840,841,852,N/A,N/A,N/A,N/A,N/A,N/A,N/A,870,881,892,N/A,N/A,N/A,N/A,N/A,N/A,N/A
-8589042.8506,4721833.5324,1336,B2970,15,Montgomery,0,None,Capital Beltway,IS,495,  ,3.07,2.37,3.95,Is495-.70 Mi E Of Md190,Md 190 To Is 270y,Urban,1,Interstate,15000IS00495  01EE**************,15000IS00495--1-----,1,West,8,C,1,6.98,50.95,49.71,50.29,147.1104,https://maps.roads.maryland.gov/itms_public/?stationid=B2970,220901,221122,222233,244020,243781,249632,243060,248891,247402,255090,234161,234392,235573,258660,255971,262112,255210,258851,257302,265290,,,,,,,NO ERROR,,,,,,,,,,,8,6.98,50.95,49.71,50.29,"220,901","221,122","222,233","244,020","243,781","249,632","243,060","248,891","247,402","255,090","234,161","234,392","235,573","258,660","255,971","262,112","255,210","258,851","257,302","265,290",N/A,N/A,N/A,N/A,N/A,N/A,N/A
-8579871.0207,4725876.352,1339,B2827,15,Montgomery,0,None,Metropolitan Ave,MD,192,  ,0.49,0.29,2.14,Md192-.10 Mi E Of Md185,Plyers Mill Rd (back) To Seminary Rd,Urban,4,Minor Arterial,15000MD00192  01EE**************,15000MD00192--1-----,1,West,2,C,0,8.31,58.4,48.47,51.53,6.8808,https://maps.roads.maryland.gov/itms_public/?stationid=B2827,8921,8962,8893,8680,8651,8882,9053,9274,9195,10190,9551,9682,9603,9370,9261,9502,9693,9924,9845,10800,21,8375,1320,75,364,35,NO ERROR,399,0.9122807,0.0877193,0.00206084,0.8218842,0.12953876,0.00736016,0.0357213,0.00343474,0.03915604,2,8.31,58.4,48.47,51.53,"8,921","8,962","8,893","8,680","8,651","8,882","9,053","9,274","9,195","10,190","9,551","9,682","9,603","9,370","9,261","9,502","9,693","9,924","9,845","10,800",21,"8,375",75,"1,320",364,35,399
-8588475.1704,4760126.9696,1349,B150089,15,Montgomery,0,None,Damascus Rd,MD,108,  ,3.42,3.32,4.44,Md108-.10 Mi E Of Annapolis Rock Rd,Annapolis Rock Rd To Md 650,Rural,4,Minor Arterial,15000MD00108  01EE**************,15000MD00108--1-----,1,East,2,F,1,10.69,82.73,50.01,49.99,3.6428,https://maps.roads.maryland.gov/itms_public/?stationid=B150089,8351,8192,7880,7841,7832,8023,8204,8385,8800,8911,8771,8852,8350,8391,8302,8503,8784,8805,9240,9271,,,,,,,NO ERROR,,,,,,,,,,,2,10.69,82.73,50.01,49.99,"8,351","8,192","7,880","7,841","7,832","8,023","8,204","8,385","8,800","8,911","8,771","8,852","8,350","8,391","8,302","8,503","8,784","8,805","9,240","9,271",N/A,N/A,N/A,N/A,N/A,N/A,N/A
-8594115.4033,4742228.9431,1355,S2012150919,15,Montgomery,63,Gaithersburg,Chestnut St,MU,40,  ,0.04,0,0.29,Chestnut St - Between Md 355 & E Diamond Ave,Frederick Rd To W Diamond Ave,Urban,6,Minor Collector,15063MU00040  01SS**************,15063MU00040--1-----,1,South,3,F,0,8.23,55.15,43.51,56.49,0.7908,https://maps.roads.maryland.gov/itms_public/?stationid=S2012150919,,,7960,7981,7962,8173,8334,8535,7470,7471,,,8600,8621,8522,8753,8924,9055,7920,8221,,,,,,,NO ERROR,,,,,,,,,,,3,8.23,55.15,43.51,56.49,N/A,N/A,"7,960","7,981","7,962","8,173","8,334","8,535","7,470","7,471",N/A,N/A,"8,600","8,621","8,522","8,753","8,924","9,055","7,920","8,221",N/A,N/A,N/A,N/A,N/A,N/A,N/A
-8593354.0126,4717762.2688,1356,S2009150013,15,Montgomery,0,None,Ramp 7 Fr Ramp 2 To Gv 29,RP,6,  ,0.01,0,0.02,Exit 1 Ramp 7 Fr Ramp 2 (fr Clara Barton Pkwy Wb) To Gv 29,Exit 1  Ramp 07 Ramp 2 Fr Clara Barton Pkwy To Gv 29 To Govt Spur Fr R&d Ctr,Urban,2,Principal Arterial Other Freeways and Expressways,15000RP00006  02WWGV1         07,15000RP00006--100107,2,West,1,F,0,11.4,100,0,100,0.0025,https://maps.roads.maryland.gov/itms_public/?stationid=S2009150013,,311,311,312,313,320,331,342,343,344,,0,341,342,343,340,351,372,373,374,,,,,,,NO ERROR,,,,,,,,,,,1,11.4,100,0,100,N/A,311,311,312,313,320,331,342,343,344,N/A,0,341,342,343,340,351,372,373,374,N/A,N/A,N/A,N/A,N/A,N/A,N/A
-8589574.8678,4718197.8331,1363,S2012150692,15,Montgomery,0,None,Seven Locks Rd,CO,148,  ,0.09,0,0.94,Seven Locks Rd - .10 Mile North Of Macarthur Blvd,Macarthur Blvd To Lilly Stone Dr,Urban,5,Major Collector,15000CO00148  01NN**************,15000CO00148--1-----,1,South,2,F,0,9.54,70.61,50.07,49.93,1.6095,https://maps.roads.maryland.gov/itms_public/?stationid=S2012150692,,,4930,4941,4932,5063,5164,5295,4690,4691,,,5320,5341,5282,5423,5534,5615,4970,5161,,,,,,,NO ERROR,,,,,,,,,,,2,9.54,70.61,50.07,49.93,N/A,N/A,"4,930","4,941","4,932","5,063","5,164","5,295","4,690","4,691",N/A,N/A,"5,320","5,341","5,282","5,423","5,534","5,615","4,970","5,161",N/A,N/A,N/A,N/A,N/A,N/A,N/A
-8595351.0146,4736043.7874,1364,S2012150900,15,Montgomery,0,None,Darnestown Rd,CO,7009,  ,0.03,0,1.09,Darnestown Rd - Between Md 28 & Hunting La,Md 28 To Shady Grove Rd,Urban,4,Minor Arterial,15000CO07009  01EE**************,15000CO07009--1-----,1,East,4,F,0,9.46,66.34,51.51,48.49,6.7678,https://maps.roads.maryland.gov/itms_public/?stationid=S2012150900,,,16570,16601,16552,16983,17314,17735,17010,17011,,,17900,17931,17712,18173,18534,18985,18200,18031,,,,,,,NO ERROR,,,,,,,,,,,4,9.46,66.34,51.51,48.49,N/A,N/A,"16,570","16,601","16,552","16,983","17,314","17,735","17,010","17,011",N/A,N/A,"17,900","17,931","17,712","18,173","18,534","18,985","18,200","18,031",N/A,N/A,N/A,N/A,N/A,N/A,N/A
-8590259.1012,4733938.5181,1365,B2712,15,Montgomery,0,None,W Montgomery Ave,MD,28,  ,21.45,21.15,22.72,Md28-.30 Mi E Of Is270,Is 270 To Md 355,Urban,3,Principal Arterial Other,15000MD00028  01EE**************,15000MD00028--1-----,1,West,3,F,2,8.05,53.81,49.53,50.47,14.705,https://maps.roads.maryland.gov/itms_public/?stationid=B2712,26251,26362,27640,27701,27622,25200,25681,26302,25660,25661,28091,28472,29850,29921,29562,26960,27481,28142,27460,27201,68,21469,3293,54,665,112,NO ERROR,777,0.85585586,0.14414414,0.00264994,0.83663926,0.12832703,0.00210436,0.02591481,0.0043646,0.03027941,3,8.05,53.81,49.53,50.47,"26,251","26,362","27,640","27,701","27,622","25,200","25,681","26,302","25,660","25,661","28,091","28,472","29,850","29,921","29,562","26,960","27,481","28,142","27,460","27,201",68,"21,469",54,"3,293",665,112,777
-8569990.7752,4728228.0057,1375,S2017150247,15,Montgomery,0,None,Stewart La,CO,112,  ,0.12,0,0.47,Stewart La - .10 Mile East Of Us 29,Milestone Dr To Lockwood Dr,Urban,5,Major Collector,15000CO00112  01EE**************,15000CO00112--1-----,1,East,2,F,0,7.62,60.59,55.49,44.51,1.1858,https://maps.roads.maryland.gov/itms_public/?stationid=S2017150247,,,,,,,,6970,6911,6912,,,,,,,,7390,7331,7602,,,,,,,NO ERROR,,,,,,,,,,,2,7.62,60.59,55.49,44.51,N/A,N/A,N/A,N/A,N/A,N/A,N/A,"6,970","6,911","6,912",N/A,N/A,N/A,N/A,N/A,N/A,N/A,"7,390","7,331","7,602",N/A,N/A,N/A,N/A,N/A,N/A,N/A
-8569044.0673,4738406.0081,1392,S2012150704,15,Montgomery,0,None,Good Hope Rd,CO,161,  ,0.1,0,1.15,Good Hope Rd - .10 Mile South Of Md 198,Md 198 To Briggs Chaney Rd,Urban,5,Major Collector,15000CO00161  01SS**************,15000CO00161--1-----,1,South,2,F,0,8.44,51.55,48.9,51.1,0.8735,https://maps.roads.maryland.gov/itms_public/?stationid=S2012150704,,,2120,2121,2122,2183,2224,2285,2080,2081,,,2290,2291,2272,2343,2384,2425,2210,2291,,,,,,,NO ERROR,,,,,,,,,,,2,8.44,51.55,48.9,51.1,N/A,N/A,"2,120","2,121","2,122","2,183","2,224","2,285","2,080","2,081",N/A,N/A,"2,290","2,291","2,272","2,343","2,384","2,425","2,210","2,291",N/A,N/A,N/A,N/A,N/A,N/A,N/A
-8601904.2445,4742782.3772,1395,S2012150877,15,Montgomery,0,None,Mateny Rd,CO,4763,  ,1.48,0.71,1.64,Mateny Rd -.10 Mi North Of Md 119,Md 117 To Md 119,Urban,5,Major Collector,15000CO04763  01SS**************,15000CO04763--1-----,1,North,3,F,0,10.13,57.35,49.87,50.13,2.6413,https://maps.roads.maryland.gov/itms_public/?stationid=S2012150877,,,7720,7741,7722,7923,8074,8275,7780,7781,,,8340,8361,8262,8483,8644,8775,8250,8561,,,,,,,NO ERROR,,,,,,,,,,,3,10.13,57.35,49.87,50.13,N/A,N/A,"7,720","7,741","7,722","7,923","8,074","8,275","7,780","7,781",N/A,N/A,"8,340","8,361","8,262","8,483","8,644","8,775","8,250","8,561",N/A,N/A,N/A,N/A,N/A,N/A,N/A
-8594994.2123,4724102.4613,1402,B2811,15,Montgomery,0,None,Falls Rd                                ,CO,7068,  ,1.87,0,1.97,Falls Rd-.10 Mi S Of Md190,Mcarthur Blvd To Md 190,Urban,4,Minor Arterial,15000CO07068  01NN**************,15000CO07068--1-----,1,North,3,F,0,9.79,60.47,49.9,50.1,10.931,https://maps.roads.maryland.gov/itms_public/?stationid=B2811,17452,15950,15821,15852,15803,16214,16525,14720,14591,15202,18672,17230,17091,17122,16913,17354,17695,15750,15611,15472,,,,,,,NO ERROR,,,,,,,,,,,3,9.79,60.47,49.9,50.1,"17,452","15,950","15,821","15,852","15,803","16,214","16,525","14,720","14,591","15,202","18,672","17,230","17,091","17,122","16,913","17,354","17,695","15,750","15,611","15,472",N/A,N/A,N/A,N/A,N/A,N/A,N/A
-8592476.1276,4739126.9437,1421,B2961,15,Montgomery,0,None,No Name,IS,370,  ,1.04,0.43,1.61,Is370-.60 Mi E Of Is270,Is 270 To Md 355,Urban,1,Interstate,15000IS00370  01EE**************,15000IS00370--1-----,1,East,6,F,0,7.64,51.67,48.8,51.2,42.4205,https://maps.roads.maryland.gov/itms_public/?stationid=B2961,79062,80900,89410,90221,90132,100570,102681,98390,97801,98492,83812,85750,94780,95631,94642,105600,107821,102330,101711,102432,100,85536,8796,775,2573,712,NO ERROR,3285,0.78325723,0.21674277,0.00101531,0.86845632,0.08930675,0.00786866,0.02612395,0.00722901,0.03335296,6,7.64,51.67,48.8,51.2,"79,062","80,900","89,410","90,221","90,132","100,570","102,681","98,390","97,801","98,492","83,812","85,750","94,780","95,631","94,642","105,600","107,821","102,330","101,711","102,432",100,"85,536",775,"8,796","2,573",712,"3,285"
-8578397.7154,4746382.2934,1423,B150105,15,Montgomery,0,None,Gold Mine Rd,CO,3937,  ,0.79,0.39,0.89,Gold Mine Rd-.10 Mi W Of Md97,Heritage Hills Dr To Md 97,Urban,6,Minor Collector,15000CO03937  01EE**************,15000CO03937--1-----,1,West,2,F,0,9.41,55.49,52,48,0.5588,https://maps.roads.maryland.gov/itms_public/?stationid=B150105,3082,3030,3011,3022,3160,3241,3302,3090,3061,3062,3302,3270,3251,3262,3380,3471,3532,3280,3251,3372,10,2424,410,58,39,121,NO ERROR,160,0.24375,0.75625,0.00326584,0.79163945,0.13389941,0.01894187,0.01273677,0.03951666,0.05225343,2,9.41,55.49,52,48,"3,082","3,030","3,011","3,022","3,160","3,241","3,302","3,090","3,061","3,062","3,302","3,270","3,251","3,262","3,380","3,471","3,532","3,280","3,251","3,372",10,"2,424",58,410,39,121,160
-8578903.0539,4728080.2356,1436,S2012150691,15,Montgomery,0,None,Newport Mill Rd,CO,147,  ,0.69,0,0.73,Newport Mill Rd - Between College View Dr & Md 586,Denfeld Ave To Md 586,Urban,6,Minor Collector,15000CO00147  01NN**************,15000CO00147--1-----,1,South,2,F,0,14.13,58.59,53.13,46.87,1.5761,https://maps.roads.maryland.gov/itms_public/?stationid=S2012150691,,,5560,5571,5552,5703,5814,5955,5905,5915,,,6010,6021,5942,6103,6224,6315,6265,6515,,,,,,,NO ERROR,,,,,,,,,,,2,14.13,58.59,53.13,46.87,N/A,N/A,"5,560","5,571","5,552","5,703","5,814","5,955","5,905","5,915",N/A,N/A,"6,010","6,021","5,942","6,103","6,224","6,315","6,265","6,515",N/A,N/A,N/A,N/A,N/A,N/A,N/A
-8573970.0016,4722911.6331,1439,B150078,15,Montgomery,0,None,Sligo Creek Pkwy,GV,7,  ,2.19,2.09,4.56,Sligo Creek Pkwy-.10 Mi W Of Us29,Us 29 To Md 193,Urban,5,Major Collector,15000GV00007  01WW**************,15000GV00007--1-----,1,West,2,F,0,9.26,53.9,50.16,49.84,8.5395,https://maps.roads.maryland.gov/itms_public/?stationid=B150078,8512,8930,8861,8882,8610,8831,9002,9560,9471,9472,9112,9640,9571,9592,9210,9451,9632,10130,10041,10422,64,8672,486,5,181,64,NO ERROR,245,0.73877551,0.26122449,0.00675676,0.91554054,0.05130912,0.00052787,0.01910895,0.00675676,0.02586571,2,9.26,53.9,50.16,49.84,"8,512","8,930","8,861","8,882","8,610","8,831","9,002","9,560","9,471","9,472","9,112","9,640","9,571","9,592","9,210","9,451","9,632","10,130","10,041","10,422",64,"8,672",5,486,181,64,245
-8588541.8216,4720360.5178,1444,S2012150715,15,Montgomery,0,None,Burdette Rd,CO,169,  ,1.39,0.2,1.61,Burdette Rd - .10 Mile North Of Md 190,Md 191 To Royal Dominion Dr,Urban,5,Major Collector,15000CO00169  01SS**************,15000CO00169--1-----,1,South,2,F,0,10.22,52.24,52.16,47.84,1.8481,https://maps.roads.maryland.gov/itms_public/?stationid=S2012150715,,,3420,3431,3422,3513,3584,3675,3590,3591,,,3690,3711,3662,3763,3844,3905,3810,3951,,,,,,,NO ERROR,,,,,,,,,,,2,10.22,52.24,52.16,47.84,N/A,N/A,"3,420","3,431","3,422","3,513","3,584","3,675","3,590","3,591",N/A,N/A,"3,690","3,711","3,662","3,763","3,844","3,905","3,810","3,951",N/A,N/A,N/A,N/A,N/A,N/A,N/A
-8588376.5693,4734174.687,1447,S2012150937,15,Montgomery,130,Rockville,Beall Ave #2,MU,272,  ,0.87,0,0.91,Beall Ave #2 - Between Md 355 & Maryland Ave,Henderson Cir To Hungerford Dr,Urban,6,Minor Collector,15130MU00272  01EE**************,15130MU00272--1-----,1,East,2,F,0,8.42,53.43,53.65,46.35,2.0896,https://maps.roads.maryland.gov/itms_public/?stationid=S2012150937,,,6270,6281,6262,6433,6564,6725,6290,6291,,,6770,6781,6702,6883,7024,7135,6670,6921,,,,,,,NO ERROR,,,,,,,,,,,2,8.42,53.43,53.65,46.35,N/A,N/A,"6,270","6,281","6,262","6,433","6,564","6,725","6,290","6,291",N/A,N/A,"6,770","6,781","6,702","6,883","7,024","7,135","6,670","6,921",N/A,N/A,N/A,N/A,N/A,N/A,N/A
-8600669.6007,4747950.9302,1452,S2012150904,15,Montgomery,0,None,Aircraft Dr,CO,7063,  ,0.1,0,0.35,Aircraft Dr - .10 Mi North Of Md 118,Germantown Rd To Crystal Rock Dr,Urban,5,Major Collector,15000CO07063  01NN**************,15000CO07063--1-----,1,South,3,F,0,7.37,50.05,50.82,49.18,1.689,https://maps.roads.maryland.gov/itms_public/?stationid=S2012150904,,,9350,9371,9342,9593,9784,10025,13220,13221,,,10100,10121,10002,10273,10474,10635,14010,14541,,,,,,,NO ERROR,,,,,,,,,,,3,7.37,50.05,50.82,49.18,N/A,N/A,"9,350","9,371","9,342","9,593","9,784","10,025","13,220","13,221",N/A,N/A,"10,100","10,121","10,002","10,273","10,474","10,635","14,010","14,541",N/A,N/A,N/A,N/A,N/A,N/A,N/A
-8578538.7424,4743306.2398,1453,B2751,15,Montgomery,0,None,Olney Sandy Spring Rd,MD,108,  ,13.66,13.36,14.79,Md108-.20 Mi E Of Md97,Md 97 To Md 182,Urban,4,Minor Arterial,15000MD00108  01EE**************,15000MD00108--1-----,1,West,4,F,1,7.93,58.56,49.39,50.61,11.5356,https://maps.roads.maryland.gov/itms_public/?stationid=B2751,26891,27002,21600,21641,21582,22410,22841,23392,22100,22101,28771,29162,23330,23371,23092,23980,24441,25032,23650,23431,99,17902,2968,235,775,122,NO ERROR,897,0.86399108,0.13600892,0.00447944,0.8100086,0.13429257,0.010633,0.03506629,0.00552011,0.0405864,4,7.93,58.56,49.39,50.61,"26,891","27,002","21,600","21,641","21,582","22,410","22,841","23,392","22,100","22,101","28,771","29,162","23,330","23,371","23,092","23,980","24,441","25,032","23,650","23,431",99,"17,902",235,"2,968",775,122,897
-8582915.5898,4738574.1375,1460,B2762,15,Montgomery,0,None,Muncaster Mill Rd,MD,115,  ,4.48,1.02,4.66,Md115-.20 Mi W Of Emory La,Shady Grove Rd To Emory La,Urban,4,Minor Arterial,15000MD00115  01EE**************,15000MD00115--1-----,1,East,3,F,0,9.87,63.37,49.67,50.33,22.2952,https://maps.roads.maryland.gov/itms_public/?stationid=B2762,19671,19752,16950,16981,16932,16840,17161,17572,16780,16781,21051,21332,18310,18341,18122,18020,18361,18802,17960,17791,36,13796,2227,29,614,79,NO ERROR,693,0.88600289,0.11399711,0.00214528,0.82212026,0.13270961,0.00172814,0.036589,0.00470771,0.0412967,3,9.87,63.37,49.67,50.33,"19,671","19,752","16,950","16,981","16,932","16,840","17,161","17,572","16,780","16,781","21,051","21,332","18,310","18,341","18,122","18,020","18,361","18,802","17,960","17,791",36,"13,796",29,"2,227",614,79,693
-8570810.5795,4741296.821,1473,S2012150687,15,Montgomery,0,None,Ednor Rd,CO,145,  ,2.08,1.96,3.96,Ednor Rd - Between Md 650 & Gadsden Ave,Md 650 To Howard Co/l,Urban,5,Major Collector,15000CO00145  01EE**************,15000CO00145--1-----,1,East,2,F,0,10.98,63.68,50.3,49.7,3.5704,https://maps.roads.maryland.gov/itms_public/?stationid=S2012150687,,,4810,4821,4812,4943,5044,5175,4890,4891,,,5200,5211,5152,5293,5404,5495,5180,5381,,,,,,,NO ERROR,,,,,,,,,,,2,10.98,63.68,50.3,49.7,N/A,N/A,"4,810","4,821","4,812","4,943","5,044","5,175","4,890","4,891",N/A,N/A,"5,200","5,211","5,152","5,293","5,404","5,495","5,180","5,381",N/A,N/A,N/A,N/A,N/A,N/A,N/A
-8599756.8771,4748854.1289,1483,S2017150251,15,Montgomery,0,None,Seneca Meadows Pkwy,CO,7686,  ,0.1,0,1.13,Seneca Meadows Pkwy - .10 Mile North Of Md 118,Md 118 To Observation Dr,Urban,5,Major Collector,15000CO07686  01NN**************,15000CO07686--1-----,1,South,3,F,0,10.77,66.13,43.82,56.18,2.6859,https://maps.roads.maryland.gov/itms_public/?stationid=S2017150251,,,,,,,,6570,6511,6512,,,,,,,,6960,6901,7162,19,5212,1059,10,201,11,NO ERROR,212,0.94811321,0.05188679,0.00291769,0.80036855,0.16262285,0.00153563,0.03086609,0.00168919,0.03255528,3,10.77,66.13,43.82,56.18,N/A,N/A,N/A,N/A,N/A,N/A,N/A,"6,570","6,511","6,512",N/A,N/A,N/A,N/A,N/A,N/A,N/A,"6,960","6,901","7,162",19,"5,212",10,"1,059",201,11,212
-8593724.8437,4739035.3722,1484,S2005150077,15,Montgomery,0,None,Ramp 3 Fr Is 370 Eb To Is 270 Nb,RP,270,  ,0.1,0,0.46,Exit 9 Ramp 3 Fr Is 370 Eb To Is 270 Nb,Exit 9 Ramp 3 Fr Is 370 Eb To Is 270 Nb,Urban,1,Interstate,15000RP00270  02SSIS9         03,15000RP00270--100903,2,North,1,F,0,10.84,100,100,0,1.4441,https://maps.roads.maryland.gov/itms_public/?stationid=S2005150077,6605,6970,7011,7072,7073,8830,9021,9242,8540,8601,7005,7390,7431,7502,7433,9270,9471,9612,8880,8951,,,,,,,NO ERROR,,,,,,,,,,,1,10.84,100,100,0,"6,605","6,970","7,011","7,072","7,073","8,830","9,021","9,242","8,540","8,601","7,005","7,390","7,431","7,502","7,433","9,270","9,471","9,612","8,880","8,951",N/A,N/A,N/A,N/A,N/A,N/A,N/A
-8577434.9059,4728764.287,1485,S2012150732,15,Montgomery,0,None,Parker Ave                              ,CO,284,  ,0.72,0,1.15,Parker Ave - Between Gandview Ave & Md 97,Newport Mill Rd To Md 97,Urban,6,Minor Collector,15000CO00284  01EE**************,15000CO00284--1-----,1,West,2,F,0,7.68,81.43,37.01,62.99,0.3404,https://maps.roads.maryland.gov/itms_public/?stationid=S2012150732,,,700,701,702,723,744,765,810,811,,,760,761,752,773,804,815,860,891,,,,,,,NO ERROR,,,,,,,,,,,2,7.68,81.43,37.01,62.99,N/A,N/A,700,701,702,723,744,765,810,811,N/A,N/A,760,761,752,773,804,815,860,891,N/A,N/A,N/A,N/A,N/A,N/A,N/A
-8580170.665,4724613.3021,1503,B2795,15,Montgomery,0,None,Connecticut Ave,MD,185,  ,3.74,3.37,4.4,Md185-.50 Mi S Of Md547,Saul Rd To Md 192,Urban,3,Principal Arterial Other,15000MD00185  01NN**************,15000MD00185--1-----,1,South,6,F,0,7.42,75.22,46.62,53.38,14.8436,https://maps.roads.maryland.gov/itms_public/?stationid=B2795,38890,39051,38742,38670,38551,39552,37330,38231,37892,39483,41610,42181,41842,41760,41251,42322,39940,40911,40542,40173,,,,,,,NO ERROR,,,,,,,,,,,6,7.42,75.22,46.62,53.38,"38,890","39,051","38,742","38,670","38,551","39,552","37,330","38,231","37,892","39,483","41,610","42,181","41,842","41,760","41,251","42,322","39,940","40,911","40,542","40,173",N/A,N/A,N/A,N/A,N/A,N/A,N/A
-8603430.8993,4743673.9166,1511,S2012150897,15,Montgomery,0,None,Richter Farm Rd,CO,6603,  ,0.67,0,0.76,Richter Farm Rd - .10 Mi East Of Md 118,Md 119 To Md 118,Urban,5,Major Collector,15000CO06603  01WW**************,15000CO06603--1-----,1,East,4,F,0,15.98,66.84,50.83,49.17,2.1446,https://maps.roads.maryland.gov/itms_public/?stationid=S2012150897,,,7250,7271,7252,7443,7584,7775,7730,7731,,,7830,7851,7762,7963,8124,8245,8190,8501,,,,,,,NO ERROR,,,,,,,,,,,4,15.98,66.84,50.83,49.17,N/A,N/A,"7,250","7,271","7,252","7,443","7,584","7,775","7,730","7,731",N/A,N/A,"7,830","7,851","7,762","7,963","8,124","8,245","8,190","8,501",N/A,N/A,N/A,N/A,N/A,N/A,N/A
-8617395.5321,4747273.4684,1512,B2704,15,Montgomery,0,None,Darnestown Rd,MD,28,  ,4.45,4.35,6.03,Md28-.10 Mi E Of Md109,Md 109 To Peach Tree Rd,Rural,4,Minor Arterial,15000MD00028  01EE**************,15000MD00028--1-----,1,East,2,F,2,13.1,94.71,51.21,48.79,3.2095,https://maps.roads.maryland.gov/itms_public/?stationid=B2704,4871,4782,4793,4774,4775,4970,5081,5192,5163,5234,5121,5172,5083,5114,5065,5270,5441,5452,5423,5444,38,3958,911,11,223,93,NO ERROR,316,0.7056962,0.2943038,0.00726022,0.7562094,0.17405426,0.00210164,0.04260604,0.01776844,0.06037447,2,13.1,94.71,51.21,48.79,"4,871","4,782","4,793","4,774","4,775","4,970","5,081","5,192","5,163","5,234","5,121","5,172","5,083","5,114","5,065","5,270","5,441","5,452","5,423","5,444",38,"3,958",11,911,223,93,316
-8567434.9949,4737966.7793,1524,S2012150650,15,Montgomery,0,None,Peach Orchard Rd,CO,79,  ,0.17,0,1.58,Peach Orchard - Between Md 198 & Rowland La,Spencerville Rd To Briggs Chaney Rd,Urban,6,Minor Collector,15000CO00079  01SS**************,15000CO00079--1-----,1,South,2,F,0,8.46,55.91,48.65,51.35,1.3616,https://maps.roads.maryland.gov/itms_public/?stationid=S2012150650,,,2290,2301,2292,2353,2404,2465,2360,2361,,,2470,2491,2452,2523,2574,2615,2500,2601,,,,,,,NO ERROR,,,,,,,,,,,2,8.46,55.91,48.65,51.35,N/A,N/A,"2,290","2,301","2,292","2,353","2,404","2,465","2,360","2,361",N/A,N/A,"2,470","2,491","2,452","2,523","2,574","2,615","2,500","2,601",N/A,N/A,N/A,N/A,N/A,N/A,N/A
-8585099.0712,4736810.5887,1528,S2012150679,15,Montgomery,0,None,Avery Rd,CO,139,  ,1,0.43,1.08,Avery Rd - .10 Mile South Of Southlawn La,Avery Rd (back) To Southlawn La,Urban,5,Major Collector,15000CO00139  01NN**************,15000CO00139--1-----,1,North,2,F,0,11.45,68.38,50.41,49.59,0.9564,https://maps.roads.maryland.gov/itms_public/?stationid=S2012150679,,,3560,3571,3562,3663,3734,3825,4030,4031,,,3850,3861,3812,3923,4004,4065,4270,4431,,,,,,,NO ERROR,,,,,,,,,,,2,11.45,68.38,50.41,49.59,N/A,N/A,"3,560","3,571","3,562","3,663","3,734","3,825","4,030","4,031",N/A,N/A,"3,850","3,861","3,812","3,923","4,004","4,065","4,270","4,431",N/A,N/A,N/A,N/A,N/A,N/A,N/A
-8588695.3871,4734770.5402,1542,S2012150978,15,Montgomery,130,Rockville,N Washington St,MU,3151,  ,0.5,0,0.55,N Washington St - Between Md 355 & Martins La,E Montgomery Ave At Courthouse Sq To Hungerford Dr,Urban,4,Minor Arterial,15130MU03151  01NN**************,15130MU03151--1-----,1,North,2,F,0,8.17,56.97,50.01,49.99,2.4694,https://maps.roads.maryland.gov/itms_public/?stationid=S2012150978,,,11740,11761,11732,12043,12274,12575,12300,12301,,,12680,12701,12552,12893,13134,13465,13160,13041,,,,,,,NO ERROR,,,,,,,,,,,2,8.17,56.97,50.01,49.99,N/A,N/A,"11,740","11,761","11,732","12,043","12,274","12,575","12,300","12,301",N/A,N/A,"12,680","12,701","12,552","12,893","13,134","13,465","13,160","13,041",N/A,N/A,N/A,N/A,N/A,N/A,N/A
-8584409.1744,4719486.3793,1545,B2823,15,Montgomery,0,None,Bradley Blvd,MD,191,  ,4.81,4.71,5.53,Md191-.10 Mi S Of Md188,Md 188 To Md 614,Urban,4,Minor Arterial,15000MD00191  01NN**************,15000MD00191--1-----,1,North,3,F,0,9.7,54.69,49.19,50.81,3.7026,https://maps.roads.maryland.gov/itms_public/?stationid=B2823,14601,13160,12440,12471,12432,12763,13014,13335,12370,12371,15621,14210,13440,13471,13302,13663,13934,14275,13240,13111,90,10688,1203,78,277,35,NO ERROR,312,0.88782051,0.11217949,0.00727508,0.86395603,0.09724355,0.00630507,0.02239108,0.0028292,0.02522027,3,9.7,54.69,49.19,50.81,"14,601","13,160","12,440","12,471","12,432","12,763","13,014","13,335","12,370","12,371","15,621","14,210","13,440","13,471","13,302","13,663","13,934","14,275","13,240","13,111",90,"10,688",78,"1,203",277,35,312
-8589820.3087,4744216.2911,1562,B150004,15,Montgomery,0,None,Woodfield Rd,MD,124,  ,6.75,6.01,6.95,Md124-.20 Mi S Of Md115,Midcounty Hwy To Md 115,Urban,4,Minor Arterial,15000MD00124  01NN**************,15000MD00124--1-----,1,North,3,C,0,8.04,56.15,53.8,46.2,6.2959,https://maps.roads.maryland.gov/itms_public/?stationid=B150004,20601,20682,18610,18651,18602,19093,19464,19935,19420,18350,22041,22342,20100,20141,19902,20433,20834,21335,20780,19450,26,14945,2715,131,458,75,NO ERROR,533,0.85928705,0.14071295,0.00141689,0.81444142,0.1479564,0.00713896,0.02495913,0.00408719,0.02904632,3,8.04,56.15,53.8,46.2,"20,601","20,682","18,610","18,651","18,602","19,093","19,464","19,935","19,420","18,350","22,041","22,342","20,100","20,141","19,902","20,433","20,834","21,335","20,780","19,450",26,"14,945",131,"2,715",458,75,533
-8565281.9574,4733211.9404,1580,S2012150652,15,Montgomery,0,None,Robey Rd,CO,94,  ,0.78,0,0.9,Robey Rd - .10 Mi East Of Briggs Chaney Rd,Greencastle Rd To Briggs Chaney Rd,Urban,5,Major Collector,15000CO00094  01WW**************,15000CO00094--1-----,1,West,2,F,0,9.9,53.72,48.76,51.24,1.5936,https://maps.roads.maryland.gov/itms_public/?stationid=S2012150652,,,4950,4961,4952,5083,5184,5315,4850,4851,,,5350,5361,5302,5443,5554,5635,5140,5341,,,,,,,NO ERROR,,,,,,,,,,,2,9.9,53.72,48.76,51.24,N/A,N/A,"4,950","4,961","4,952","5,083","5,184","5,315","4,850","4,851",N/A,N/A,"5,350","5,361","5,302","5,443","5,554","5,635","5,140","5,341",N/A,N/A,N/A,N/A,N/A,N/A,N/A
-8589629.8191,4729712.7351,1597,S2012150699,15,Montgomery,0,None,Seven Locks Rd,CO,148,  ,5.85,5.56,5.93,Seven Locks Rd - Between Goya Dr & Montrose Rd,Postoak Rd To Montrose Rd,Urban,4,Minor Arterial,15000CO00148  01NN**************,15000CO00148--1-----,1,North,2,C,0,8.63,55.89,52.06,47.94,3.2115,https://maps.roads.maryland.gov/itms_public/?stationid=S2012150699,,,22930,22470,22401,22982,23423,23994,23785,23780,,,24760,24270,23971,24592,25063,25674,25455,25210,17,20044,2806,110,579,224,NO ERROR,803,0.72104608,0.27895392,0.00071489,0.84289319,0.11799832,0.00462574,0.02434819,0.00941968,0.03376787,2,8.63,55.89,52.06,47.94,N/A,N/A,"22,930","22,470","22,401","22,982","23,423","23,994","23,785","23,780",N/A,N/A,"24,760","24,270","23,971","24,592","25,063","25,674","25,455","25,210",17,"20,044",110,"2,806",579,224,803
-8601525.5725,4749588.0906,1605,B150058,15,Montgomery,0,None,Father Hurley Blvd,CO,4556,  ,0.37,0,1.42,Father Hurley Blvd-.10 Mi N Of Crystal Rock Dr,Is 270 To Wisteria Dr,Urban,3,Principal Arterial Other,15000CO04556  01SS**************,15000CO04556--1-----,1,North,5,F,0,8.82,57.37,51.03,48.97,17.2599,https://maps.roads.maryland.gov/itms_public/?stationid=B150058,26721,26832,34030,34101,34002,38410,39141,40082,33300,33301,28591,28982,36750,36831,36382,41100,41881,42892,35630,35301,123,28868,3417,46,715,132,NO ERROR,847,0.84415584,0.15584416,0.00369358,0.86688087,0.10260953,0.00138134,0.02147083,0.00396384,0.02543467,5,8.82,57.37,51.03,48.97,"26,721","26,832","34,030","34,101","34,002","38,410","39,141","40,082","33,300","33,301","28,591","28,982","36,750","36,831","36,382","41,100","41,881","42,892","35,630","35,301",123,"28,868",46,"3,417",715,132,847
-8599006.53,4750075.6598,1609,S2017150249,15,Montgomery,0,None,Shakespeare Blvd,CO,6136,  ,0.45,0,0.53,Shakespeare Blvd - .08 Mile West Of Md 355,Observation Dr To Md 355,Urban,5,Major Collector,15000CO06136  01EE**************,15000CO06136--1-----,1,East,3,F,0,8.77,53.25,54.62,45.38,1.962,https://maps.roads.maryland.gov/itms_public/?stationid=S2017150249,,,,,,,,10230,10141,10142,,,,,,,,10840,10751,11162,14,8578,1236,87,221,6,NO ERROR,227,0.97356828,0.02643172,0.0013804,0.84578979,0.12186945,0.00857819,0.02179057,0.0005916,0.02238217,3,8.77,53.25,54.62,45.38,N/A,N/A,N/A,N/A,N/A,N/A,N/A,"10,230","10,141","10,142",N/A,N/A,N/A,N/A,N/A,N/A,N/A,"10,840","10,751","11,162",14,"8,578",87,"1,236",221,6,227
-8604306.7538,4742095.7904,1616,B2767,15,Montgomery,0,None,Germantown Rd,MD,118,  ,2.45,2.35,4,Md118-.10 Mi N Of Black Rock Rd,Black Rock Rd To Md 117,Urban,4,Minor Arterial,15000MD00118  01NN**************,15000MD00118--1-----,1,North,4,F,0,10.07,64.42,51.54,48.46,3.9941,https://maps.roads.maryland.gov/itms_public/?stationid=B2767,7052,6560,6511,6522,6503,6674,6805,6690,6631,6632,7552,7090,7031,7042,6963,7144,7295,7160,7101,7032,39,5504,869,5,177,38,NO ERROR,215,0.82325581,0.17674419,0.00588058,0.82991556,0.13103136,0.00075392,0.02668878,0.00572979,0.03241858,4,10.07,64.42,51.54,48.46,"7,052","6,560","6,511","6,522","6,503","6,674","6,805","6,690","6,631","6,632","7,552","7,090","7,031","7,042","6,963","7,144","7,295","7,160","7,101","7,032",39,"5,504",5,869,177,38,215
-8590179.9701,4764733.1623,1621,B150103,15,Montgomery,0,None,Gue Rd,CO,40,  ,1.91,1.54,2.01,Gue Rd-.10 Mi W Of Long Corner Rd,Howard Chapel Dr To Long Corner Rd,Urban,6,Minor Collector,15000CO00040  01EE**************,15000CO00040--1-----,1,East,2,F,0,9.68,51.72,48.91,51.09,0.0964,https://maps.roads.maryland.gov/itms_public/?stationid=B150103,612,640,641,642,470,481,492,560,561,562,662,690,691,692,500,521,532,590,601,622,1,349,147,0,27,38,NO ERROR,65,0.41538462,0.58461538,0.00177936,0.62099644,0.26156584,0,0.0480427,0.06761566,0.11565836,2,9.68,51.72,48.91,51.09,612,640,641,642,470,481,492,560,561,562,662,690,691,692,500,521,532,590,601,622,1,349,0,147,27,38,65
-8570761.4493,4720770.7825,1623,B2954,15,Montgomery,0,None,University Blvd E,MD,193,  ,6.6,6.58,6.69,Md193-between Md195 & Merrimac Dr,Md 195 To Merrimac Dr,Urban,3,Principal Arterial Other,15000MD00193  01EE**************,15000MD00193--1-----,1,East,6,F,1,7.5,50.07,51.05,48.95,1.5181,https://maps.roads.maryland.gov/itms_public/?stationid=B2954,38151,38302,35170,35241,35142,37100,37811,38722,37810,37811,40821,41372,37980,38061,37602,39700,40461,41432,40460,40081,23,32068,4461,373,762,124,NO ERROR,886,0.86004515,0.13995485,0.00060829,0.84811298,0.11798154,0.00986485,0.02015287,0.00327947,0.02343233,6,7.5,50.07,51.05,48.95,"38,151","38,302","35,170","35,241","35,142","37,100","37,811","38,722","37,810","37,811","40,821","41,372","37,980","38,061","37,602","39,700","40,461","41,432","40,460","40,081",23,"32,068",373,"4,461",762,124,886
-8590524.3796,4742701.9042,1638,S2012150902,15,Montgomery,0,None,Washington Grove La,CO,7011,  ,0.79,0,1.67,Washington Grove La - Between Amity Dr & Midcounty Hwy,E Diamond Ave To Cul De Sac,Urban,4,Minor Arterial,15000CO07011  01NN**************,15000CO07011--1-----,1,North,2,F,0,9.17,55.72,50.39,49.61,5.4805,https://maps.roads.maryland.gov/itms_public/?stationid=S2012150902,,,8540,8561,8542,8763,8934,9155,8990,8991,,,9220,9251,9142,9383,9564,9805,9620,9531,,,,,,,NO ERROR,,,,,,,,,,,2,9.17,55.72,50.39,49.61,N/A,N/A,"8,540","8,561","8,542","8,763","8,934","9,155","8,990","8,991",N/A,N/A,"9,220","9,251","9,142","9,383","9,564","9,805","9,620","9,531",N/A,N/A,N/A,N/A,N/A,N/A,N/A
-8587563.1313,4733261.2466,1639,B2713,15,Montgomery,0,None,Veirs Mill Rd,MD,28,  ,22.85,22.72,23.15,Md28-.30 Mi W Of Md586,Md 355 To Md 586,Urban,3,Principal Arterial Other,15000MD00028  01EE**************,15000MD00028--1-----,1,East,4,F,2,7.78,57.54,50.55,49.45,4.1342,https://maps.roads.maryland.gov/itms_public/?stationid=B2713,27181,27292,26390,26441,26362,26590,27101,27752,26340,26341,29081,29482,28500,28561,28212,28450,29001,29702,28180,27921,34,23090,2223,189,622,183,NO ERROR,805,0.77267081,0.22732919,0.00129076,0.87658024,0.08439315,0.00717513,0.02361338,0.00694734,0.03056072,4,7.78,57.54,50.55,49.45,"27,181","27,292","26,390","26,441","26,362","26,590","27,101","27,752","26,340","26,341","29,081","29,482","28,500","28,561","28,212","28,450","29,001","29,702","28,180","27,921",34,"23,090",189,"2,223",622,183,805
-8582259.5318,4715882.9419,1641,B2821,15,Montgomery,0,None,River Rd,MD,190,  ,15.56,15.19,15.88,Md190-.30 Mi W Of Wash Dc Line,Little Falls Pkwy To Washington Dc/l,Urban,3,Principal Arterial Other,15000MD00190  01EE**************,15000MD00190--1-----,1,West,4,C,0,8.5,52.63,51.97,48.03,5.0823,https://maps.roads.maryland.gov/itms_public/?stationid=B2821,21450,21541,21372,20120,20061,20582,20120,20601,20422,20180,22950,23261,23082,21730,21471,22022,21530,22041,21852,21390,,,,,,,NO ERROR,,,,,,,,,,,4,8.5,52.63,51.97,48.03,"21,450","21,541","21,372","20,120","20,061","20,582","20,120","20,601","20,422","20,180","22,950","23,261","23,082","21,730","21,471","22,022","21,530","22,041","21,852","21,390",N/A,N/A,N/A,N/A,N/A,N/A,N/A
-8580048.7757,4733323.2805,1646,B2741,15,Montgomery,0,None,Georgia Ave,MD,97,  ,6.8,4.81,7,Md97-.20 Mi S Of Md185,Md 182 To Md 185,Urban,3,Principal Arterial Other,15000MD00097  01NN**************,15000MD00097--1-----,1,North,6,F,1,7.79,54.56,50.29,49.71,24.1252,https://maps.roads.maryland.gov/itms_public/?stationid=B2741,34011,34152,35080,35151,35052,31750,32351,33132,30180,30181,36391,36882,37890,37961,37512,33970,34621,35452,32290,31991,,,,,,,NO ERROR,,,,,,,,,,,6,7.79,54.56,50.29,49.71,"34,011","34,152","35,080","35,151","35,052","31,750","32,351","33,132","30,180","30,181","36,391","36,882","37,890","37,961","37,512","33,970","34,621","35,452","32,290","31,991",N/A,N/A,N/A,N/A,N/A,N/A,N/A
-8597047.8615,4757920.4409,1651,S2012150436,15,Montgomery,0,None,Kings Valley Rd,CO,19,  ,1.28,0,2.28,Kings Valley Rd - .01 Mi S Of Md 27,Kingstead Rd To Founders Way,Urban,6,Minor Collector,15000CO00019  01SS**************,15000CO00019--1-----,1,North,2,F,0,8.85,61.06,50.05,49.95,1.7651,https://maps.roads.maryland.gov/itms_public/?stationid=S2012150436,,,1940,1941,1942,1993,2034,2085,2120,2121,,,2100,2101,2082,2133,2184,2215,2250,2331,,,,,,,NO ERROR,,,,,,,,,,,2,8.85,61.06,50.05,49.95,N/A,N/A,"1,940","1,941","1,942","1,993","2,034","2,085","2,120","2,121",N/A,N/A,"2,100","2,101","2,082","2,133","2,184","2,215","2,250","2,331",N/A,N/A,N/A,N/A,N/A,N/A,N/A
-8588974.7167,4738115.532,1660,S2017150272,15,Montgomery,0,None,Indianola Dr,CO,5052,  ,0.39,0.34,1.23,Indianola Dr - .05 Mile North Of Crabbs Branch Way,Crabbs Branch Way To Cul De Sac,Urban,6,Minor Collector,15000CO05052  01NN**************,15000CO05052--1-----,1,South,2,F,0,9.15,72.97,47.72,52.28,0.6146,https://maps.roads.maryland.gov/itms_public/?stationid=S2017150272,,,,,,,,1910,1891,1892,,,,,,,,2030,2001,2082,,,,,,,NO ERROR,,,,,,,,,,,2,9.15,72.97,47.72,52.28,N/A,N/A,N/A,N/A,N/A,N/A,N/A,"1,910","1,891","1,892",N/A,N/A,N/A,N/A,N/A,N/A,N/A,"2,030","2,001","2,082",N/A,N/A,N/A,N/A,N/A,N/A,N/A
-8604834.2609,4738359.9958,1666,B2766,15,Montgomery,0,None,Germantown Rd,MD,118,  ,0.5,0,2.35,Md118-.50 Mi N Of Md28,Md 28 To Black Rock Rd,Urban,4,Minor Arterial,15000MD00118  01NN**************,15000MD00118--1-----,1,North,2,F,0,10.43,67.23,51.84,48.16,4.9252,https://maps.roads.maryland.gov/itms_public/?stationid=B2766,6162,5700,5651,5662,5653,5804,5915,5790,5741,5742,6592,6160,6101,6122,6053,6214,6345,6200,6141,6092,22,4712,646,16,285,61,NO ERROR,346,0.82369942,0.17630058,0.00383142,0.82061999,0.11250435,0.00278649,0.04963427,0.01062348,0.06025775,2,10.43,67.23,51.84,48.16,"6,162","5,700","5,651","5,662","5,653","5,804","5,915","5,790","5,741","5,742","6,592","6,160","6,101","6,122","6,053","6,214","6,345","6,200","6,141","6,092",22,"4,712",16,646,285,61,346
-8570774.1056,4739106.4135,1669,B150100,15,Montgomery,0,None,Norbeck Rd,CO,7445,  ,2.33,0,2.526,Norbeck Rd-.20 Mi W Of Md650,Md 28/md 182 To Md650/md198,Urban,3,Principal Arterial Other,15000CO07445  01EE**************,15000CO07445--1-----,1,West,3,F,0,9.97,64.49,47.49,52.51,19.548,https://maps.roads.maryland.gov/itms_public/?stationid=B150100,19042,22310,22131,22182,21440,22001,22422,20520,20341,21202,20382,24100,23901,23962,22940,23541,23992,21960,21771,21562,,,,,,,NO ERROR,,,,,,,,,,,3,9.97,64.49,47.49,52.51,"19,042","22,310","22,131","22,182","21,440","22,001","22,422","20,520","20,341","21,202","20,382","24,100","23,901","23,962","22,940","23,541","23,992","21,960","21,771","21,562",N/A,N/A,N/A,N/A,N/A,N/A,N/A
-8614817.4618,4745242.2707,1670,B2705,15,Montgomery,0,None,Darnestown Rd,MD,28,  ,6.13,6.03,9.81,Md28-.10 Mi E Of Peach Tree Rd,Peach Tree Rd To Md 107,Rural,4,Minor Arterial,15000MD00028  01EE**************,15000MD00028--1-----,1,East,2,F,2,12.38,88.83,50.99,49.01,8.1733,https://maps.roads.maryland.gov/itms_public/?stationid=B2705,5461,5362,5373,5354,5355,5630,5751,5882,5853,5924,5731,5792,5703,5734,5685,5970,6151,6182,6153,6164,37,3640,1707,14,418,108,NO ERROR,526,0.79467681,0.20532319,0.00624578,0.6144497,0.2881499,0.00236327,0.07056043,0.01823093,0.08879136,2,12.38,88.83,50.99,49.01,"5,461","5,362","5,373","5,354","5,355","5,630","5,751","5,882","5,853","5,924","5,731","5,792","5,703","5,734","5,685","5,970","6,151","6,182","6,153","6,164",37,"3,640",14,"1,707",418,108,526
-8580521.6791,4744694.3069,1685,S2012150672,15,Montgomery,0,None,Bowie Mill Rd,CO,135,  ,0.05,0,0.95,Bowie Mill Rd - Between Md 108 & Hedgegrove Terr,Md 108 To Cashell Rd,Urban,5,Major Collector,15000CO00135  01WW**************,15000CO00135--1-----,1,West,2,F,0,10.17,63.61,48.63,51.37,2.4935,https://maps.roads.maryland.gov/itms_public/?stationid=S2012150672,,,6880,6891,6872,7053,7194,7375,7190,7191,,,7430,7441,7352,7553,7704,7825,7620,7911,,,,,,,NO ERROR,,,,,,,,,,,2,10.17,63.61,48.63,51.37,N/A,N/A,"6,880","6,891","6,872","7,053","7,194","7,375","7,190","7,191",N/A,N/A,"7,430","7,441","7,352","7,553","7,704","7,825","7,620","7,911",N/A,N/A,N/A,N/A,N/A,N/A,N/A
-8576056.7388,4722431.2321,1692,B2880,15,Montgomery,0,None,16th St,MD,390,  ,1,0.85,1.09,Md390-.10 Mi S Of Md97,Second Ave To Md 97,Urban,3,Principal Arterial Other,15000MD00390  01NN**************,15000MD00390--1-----,1,North,6,C,0,7.57,57.82,51.92,48.08,2.741,https://maps.roads.maryland.gov/itms_public/?stationid=B2880,29050,29171,28942,26850,26771,27472,29070,29771,29502,31290,31080,31511,31262,29000,28651,29402,31110,31861,31572,33170,,,,,,,NO ERROR,,,,,,,,,,,6,7.57,57.82,51.92,48.08,"29,050","29,171","28,942","26,850","26,771","27,472","29,070","29,771","29,502","31,290","31,080","31,511","31,262","29,000","28,651","29,402","31,110","31,861","31,572","33,170",N/A,N/A,N/A,N/A,N/A,N/A,N/A
-8591330.8987,4734321.2168,1702,B2946,15,Montgomery,0,None,W Montgomery Ave,MD,28,  ,20.86,19.51,21.15,Md28-.30 Mi W Of Is270,Shady Grove Rd To Is 270,Urban,3,Principal Arterial Other,15000MD00028  01EE**************,15000MD00028--1-----,1,West,5,C,2,8.3,54.71,48.15,51.85,30.7142,https://maps.roads.maryland.gov/itms_public/?stationid=B2946,48831,49170,47500,47601,47462,48703,49630,50821,50362,51310,52251,53100,51300,51411,50782,52113,53100,54381,53892,54390,,,,,,,NO ERROR,,,,,,,,,,,5,8.3,54.71,48.15,51.85,"48,831","49,170","47,500","47,601","47,462","48,703","49,630","50,821","50,362","51,310","52,251","53,100","51,300","51,411","50,782","52,113","53,100","54,381","53,892","54,390",N/A,N/A,N/A,N/A,N/A,N/A,N/A
-8580517.7542,4723899.875,1703,S2012150737,15,Montgomery,0,None,Saul Rd,CO,318,  ,1.1,0,1.81,Saul Rd - .10 Mile North Of Md 185,Parkwood Dr To Kenmore Dr,Urban,5,Major Collector,15000CO00318  01SS**************,15000CO00318--1-----,1,North,2,F,0,11.38,50.19,49.05,50.95,1.3087,https://maps.roads.maryland.gov/itms_public/?stationid=S2012150737,,,2420,2431,2422,2493,2544,2615,1980,1981,,,2610,2631,2592,2673,2724,2775,2100,2181,,,,,,,NO ERROR,,,,,,,,,,,2,11.38,50.19,49.05,50.95,N/A,N/A,"2,420","2,431","2,422","2,493","2,544","2,615","1,980","1,981",N/A,N/A,"2,610","2,631","2,592","2,673","2,724","2,775","2,100","2,181",N/A,N/A,N/A,N/A,N/A,N/A,N/A
-8607912.0041,4761482.6439,1709,B2759,15,Montgomery,0,None,Old Hundred Rd,MD,109,  ,11.21,9.66,11.35,Md109-.15 Mi S Of Is270,Thurston Rd To Is 270,Rural,5,Major Collector,15000MD00109  01NN**************,15000MD00109--1-----,1,North,2,C,0,8.82,57.14,50.59,49.41,1.758,https://maps.roads.maryland.gov/itms_public/?stationid=B2759,2370,2331,2342,2440,2441,2502,2910,2971,2952,2850,2490,2521,2482,2610,2591,2652,3110,3151,3132,3020,13,2056,590,5,158,28,NO ERROR,186,0.84946237,0.15053763,0.0045614,0.72140351,0.20701754,0.00175439,0.0554386,0.00982456,0.06526316,2,8.82,57.14,50.59,49.41,"2,370","2,331","2,342","2,440","2,441","2,502","2,910","2,971","2,952","2,850","2,490","2,521","2,482","2,610","2,591","2,652","3,110","3,151","3,132","3,020",13,"2,056",5,590,158,28,186
-8587579.9742,4742646.2779,1714,S2012150646,15,Montgomery,0,None,Muncaster Rd,CO,62,  ,3.51,1.41,3.56,Muncaster Rd - Between Md 115 & Horizon Terr,Granby Rd To Md 115,Urban,4,Minor Arterial,15000CO00062  01SS**************,15000CO00062--1-----,1,North,2,F,0,10.04,71.99,50.22,49.78,6.4122,https://maps.roads.maryland.gov/itms_public/?stationid=S2012150646,,,7540,7561,7542,7743,7894,8085,8170,8171,,,8140,8171,8072,8293,8454,8655,8740,8661,,,,,,,NO ERROR,,,,,,,,,,,2,10.04,71.99,50.22,49.78,N/A,N/A,"7,540","7,561","7,542","7,743","7,894","8,085","8,170","8,171",N/A,N/A,"8,140","8,171","8,072","8,293","8,454","8,655","8,740","8,661",N/A,N/A,N/A,N/A,N/A,N/A,N/A
-8580467.5384,4722732.7792,1725,B2794,15,Montgomery,0,None,Connecticut Ave,MD,185,  ,2.77,2.62,3.37,Md185-.15 Mi N Of Is495,Is 495 To Saul Rd,Urban,3,Principal Arterial Other,15000MD00185  01NN**************,15000MD00185--1-----,1,North,6,F,0,7.34,58.76,49.62,50.38,12.774,https://maps.roads.maryland.gov/itms_public/?stationid=B2794,44850,45031,44672,41280,41161,42232,44130,45191,44782,46663,47990,48631,48252,44580,44041,45192,47220,48351,47922,47473,,,,,,,NO ERROR,,,,,,,,,,,6,7.34,58.76,49.62,50.38,"44,850","45,031","44,672","41,280","41,161","42,232","44,130","45,191","44,782","46,663","47,990","48,631","48,252","44,580","44,041","45,192","47,220","48,351","47,922","47,473",N/A,N/A,N/A,N/A,N/A,N/A,N/A
-8582932.7824,4725189.5985,1732,S2012150706,15,Montgomery,0,None,Tuckerman La,CO,164,  ,0.09,0,0.72,Tuckerman La - .10 Mile East Of Md 355,Md 355 (south Entrence) To Md 355 (north Entrence),Urban,5,Major Collector,15000CO00164  01WW**************,15000CO00164--1-----,1,East,4,F,0,12.09,64.76,48.69,51.31,2.8816,https://maps.roads.maryland.gov/itms_public/?stationid=S2012150706,,,10320,10341,10312,10583,10784,11045,10955,10965,,,11150,11171,11032,11323,11544,11715,11615,12065,,,,,,,NO ERROR,,,,,,,,,,,4,12.09,64.76,48.69,51.31,N/A,N/A,"10,320","10,341","10,312","10,583","10,784","11,045","10,955","10,965",N/A,N/A,"11,150","11,171","11,032","11,323","11,544","11,715","11,615","12,065",N/A,N/A,N/A,N/A,N/A,N/A,N/A
-8591219.5018,4717882.253,1740,S2000150117,15,Montgomery,0,None,Ramp 4 Fr Is 495 Nb To Clara Barton Pkwy,RP,495,  ,0.2,0.13,0.45,Exit 41 Ramp 4 Fr Is 495 Nb To Clara Barton Pkwy Eb,Exit 41 Ramp 04 Ramp 1 Fr Ramp 4 To Clara Barton Pkwy To Clara Barton Pkwy,Urban,1,Interstate,15000RP00495  02NNIS41        04,15000RP00495--104104,2,East,1,F,0,11.21,100,100,0,0.806,https://maps.roads.maryland.gov/itms_public/?stationid=S2000150117,2014,2025,6140,6201,6202,6353,6494,6655,6850,6901,2144,2155,6510,6571,6512,6673,6824,6925,7120,7181,,,,,,,NO ERROR,,,,,,,,,,,1,11.21,100,100,0,"2,014","2,025","6,140","6,201","6,202","6,353","6,494","6,655","6,850","6,901","2,144","2,155","6,510","6,571","6,512","6,673","6,824","6,925","7,120","7,181",N/A,N/A,N/A,N/A,N/A,N/A,N/A
-8573995.797,4722288.5765,1742,B2885,15,Montgomery,0,None,Dale Dr,CO,7074,  ,1.02,0.92,1.44,Dale Dr-.10 Mi E Of Us29,Us 29 To Wayne Ave,Urban,4,Minor Arterial,15000CO07074  01EE**************,15000CO07074--1-----,1,West,2,F,0,9.19,57.64,49.29,50.71,1.7336,https://maps.roads.maryland.gov/itms_public/?stationid=B2885,8051,8082,8023,8044,8025,8820,8991,9212,9133,9134,8621,8732,8673,8694,8595,9440,9621,9862,9773,9684,,,,,,,NO ERROR,,,,,,,,,,,2,9.19,57.64,49.29,50.71,"8,051","8,082","8,023","8,044","8,025","8,820","8,991","9,212","9,133","9,134","8,621","8,732","8,673","8,694","8,595","9,440","9,621","9,862","9,773","9,684",N/A,N/A,N/A,N/A,N/A,N/A,N/A
-8583009.6481,4724866.2024,1750,S2012150910,15,Montgomery,0,None,No Name,GV,48,  ,0.13,0,0.14,No Name (grosvenor La ) - Between Gv 53 (no Name) & Md 355,Rockville Pike To Rockville Pike,Urban,7,Local,15000GV00048  01NN**************,15000GV00048--1-----,1,North,2,F,0,9.51,100,100,0,0.4832,https://maps.roads.maryland.gov/itms_public/?stationid=S2012150910,,,8890,8911,8882,9113,9294,9525,9445,9455,,,9600,9621,9502,9753,9954,10195,10115,10025,,,,,,,NO ERROR,,,,,,,,,,,2,9.51,100,100,0,N/A,N/A,"8,890","8,911","8,882","9,113","9,294","9,525","9,445","9,455",N/A,N/A,"9,600","9,621","9,502","9,753","9,954","10,195","10,115","10,025",N/A,N/A,N/A,N/A,N/A,N/A,N/A
-8589568.406,4730046.5602,1772,S2012150700,15,Montgomery,0,None,Seven Locks Rd,CO,148,  ,6.01,5.93,6.23,Seven Locks Rd - .10 Mile North Of Montrose Rd,Montrose Rd To Seven Locks Rd (ahead),Urban,4,Minor Arterial,15000CO00148  01NN**************,15000CO00148--1-----,1,North,4,F,0,9.02,61.89,48.99,51.01,1.843,https://maps.roads.maryland.gov/itms_public/?stationid=S2012150700,,,16660,16691,16642,17083,17414,17835,16830,16831,,,17990,18031,17812,18283,18634,19085,18010,17841,,,,,,,NO ERROR,,,,,,,,,,,4,9.02,61.89,48.99,51.01,N/A,N/A,"16,660","16,691","16,642","17,083","17,414","17,835","16,830","16,831",N/A,N/A,"17,990","18,031","17,812","18,283","18,634","19,085","18,010","17,841",N/A,N/A,N/A,N/A,N/A,N/A,N/A
-8574736.1835,4727370.5643,1774,S2012150668,15,Montgomery,0,None,Arcola Ave,CO,124,  ,1.9,1.79,2.23,Arcola Ave - Between Lamberton Dr & Watermill La,Lamberton Dr To Md 193,Urban,4,Minor Arterial,15000CO00124  01EE**************,15000CO00124--1-----,1,East,3,F,0,9.23,62.36,50.65,49.35,2.5955,https://maps.roads.maryland.gov/itms_public/?stationid=S2012150668,,,15840,15871,15822,16233,16544,16945,16160,16161,,,17110,17141,16932,17373,17704,18135,17290,17131,,,,,,,NO ERROR,,,,,,,,,,,3,9.23,62.36,50.65,49.35,N/A,N/A,"15,840","15,871","15,822","16,233","16,544","16,945","16,160","16,161",N/A,N/A,"17,110","17,141","16,932","17,373","17,704","18,135","17,290","17,131",N/A,N/A,N/A,N/A,N/A,N/A,N/A
-8587134.1363,4719464.3478,1809,B2818,15,Montgomery,0,None,River Rd,MD,190,  ,12.58,11.52,12.71,Md190-.20 Mi W Of Md188,Is 495 To Md 188,Urban,3,Principal Arterial Other,15000MD00190  01EE**************,15000MD00190--1-----,1,West,4,C,0,7.68,51.93,50.7,49.3,20.1452,https://maps.roads.maryland.gov/itms_public/?stationid=B2818,41060,41221,40892,45160,45031,46202,45580,46671,46252,46380,43930,44521,44162,48770,48181,49442,48770,49941,49492,49160,70,39120,5224,290,1372,304,NO ERROR,1676,0.81861575,0.18138425,0.00150927,0.84346701,0.11263476,0.0062527,0.02958172,0.00655455,0.03613627,4,7.68,51.93,50.7,49.3,"41,060","41,221","40,892","45,160","45,031","46,202","45,580","46,671","46,252","46,380","43,930","44,521","44,162","48,770","48,181","49,442","48,770","49,941","49,492","49,160",70,"39,120",290,"5,224","1,372",304,"1,676"
-8601900.8797,4757313.7882,1816,B150122,15,Montgomery,0,None,Snowden Farm Parkway,CO,7574,  ,0.23,0.13,0.693,Snowden Farm Pkwy-.10 Mi E Of Burnt Hill Rd,Burnt Hill Rd To Stringtown Rd,Urban,4,Minor Arterial,15000CO07574  01EE**************,15000CO07574--1-----,1,East,3,F,0,10.9,50.43,50.96,49.04,0.2036,https://maps.roads.maryland.gov/itms_public/?stationid=B150122,853,864,940,941,942,973,994,1025,990,991,913,934,1020,1021,1012,1043,1064,1105,1060,1051,13,572,213,32,145,16,NO ERROR,161,0.90062112,0.09937888,0.01311806,0.57719475,0.21493441,0.03229062,0.14631685,0.01614531,0.16246216,3,10.9,50.43,50.96,49.04,853,864,940,941,942,973,994,"1,025",990,991,913,934,"1,020","1,021","1,012","1,043","1,064","1,105","1,060","1,051",13,572,32,213,145,16,161
-8587333.1638,4733256.6838,1817,S2009150005,15,Montgomery,0,None,Ramp 2 Fr Md 28 Wb To Stonestreet Ave,RP,28,  ,0.1,0,0.21,Exit 22 Ramp 2 Fr Md 28 Wb To Stonestreet Ave  ,Exit 22 Ramp 02 Veirs Mill Rd To Reading Ave,Urban,3,Principal Arterial Other,15000RP00028  02WWMD22        02,15000RP00028--102202,2,West,1,F,0,8.85,100,0,100,0.1283,https://maps.roads.maryland.gov/itms_public/?stationid=S2009150005,1701,1712,1703,1714,1715,1610,1641,1682,1673,1674,1821,1852,1843,1854,1845,1720,1761,1802,1793,1774,,,,,,,NO ERROR,,,,,,,,,,,1,8.85,100,0,100,"1,701","1,712","1,703","1,714","1,715","1,610","1,641","1,682","1,673","1,674","1,821","1,852","1,843","1,854","1,845","1,720","1,761","1,802","1,793","1,774",N/A,N/A,N/A,N/A,N/A,N/A,N/A
-8580195.9247,4722048.6367,1824,B2951,15,Montgomery,0,None,Connecticut Ave,MD,185,  ,2.42,1.38,2.62,Md185-.20 Mi S Of Is495,Md 410 To Is 495,Urban,3,Principal Arterial Other,15000MD00185  01NN**************,15000MD00185--1-----,1,South,6,C,0,6.77,57.45,51.66,48.34,35.0901,https://maps.roads.maryland.gov/itms_public/?stationid=B2951,67740,68011,67472,64340,64151,65822,71630,73351,72692,77530,72480,73451,72872,69490,68641,70432,76640,78491,77782,82180,159,70226,5224,254,1380,287,NO ERROR,1667,0.82783443,0.17216557,0.00205082,0.90579131,0.06738037,0.00327615,0.01779956,0.00370179,0.02150135,6,6.77,57.45,51.66,48.34,"67,740","68,011","67,472","64,340","64,151","65,822","71,630","73,351","72,692","77,530","72,480","73,451","72,872","69,490","68,641","70,432","76,640","78,491","77,782","82,180",159,"70,226",254,"5,224","1,380",287,"1,667"
-8601804.1769,4749594.4913,1825,S2012150888,15,Montgomery,0,None,Crystal Rock Dr,CO,5430,  ,1.71,0.59,2.22,Crystal Rock Dr - .10 Mi North Of Father Hurley Blvd,Germantown Rd To Road End,Urban,4,Minor Arterial,15000CO05430  01NN**************,15000CO05430--1-----,1,South,3,F,0,9.3,63.98,49.72,50.28,4.0701,https://maps.roads.maryland.gov/itms_public/?stationid=S2012150888,,,7220,7231,7212,7403,7544,7735,6840,6841,,,7800,7811,7722,7923,8074,8285,7320,7251,,,,,,,NO ERROR,,,,,,,,,,,3,9.3,63.98,49.72,50.28,N/A,N/A,"7,220","7,231","7,212","7,403","7,544","7,735","6,840","6,841",N/A,N/A,"7,800","7,811","7,722","7,923","8,074","8,285","7,320","7,251",N/A,N/A,N/A,N/A,N/A,N/A,N/A
-8577382.2995,4746627.5425,1829,S2012150670,15,Montgomery,0,None,Old Baltimore Rd,CO,132,  ,0.05,0,1.23,Old Baltimore Rd - Between Gold Mine Rd & Carter Mill Way,Gold Mine Rd To Spartan Rd,Urban,5,Major Collector,15000CO00132  01SS**************,15000CO00132--1-----,1,North,2,F,0,10.62,56.57,50.46,49.54,0.3731,https://maps.roads.maryland.gov/itms_public/?stationid=S2012150670,,,770,771,772,793,814,835,830,831,,,830,831,832,853,874,895,880,911,,,,,,,NO ERROR,,,,,,,,,,,2,10.62,56.57,50.46,49.54,N/A,N/A,770,771,772,793,814,835,830,831,N/A,N/A,830,831,832,853,874,895,880,911,N/A,N/A,N/A,N/A,N/A,N/A,N/A
-8589292.8373,4727240.7432,1845,S2012150697,15,Montgomery,0,None,Seven Locks Rd,CO,148,  ,4.56,4.12,4.69,Seven Locks Rd - Between Seven Hill La & Tuckerman La,Bells Mill Rd To Tuckerman La,Urban,4,Minor Arterial,15000CO00148  01NN**************,15000CO00148--1-----,1,North,3,F,0,8.94,59,48.38,51.62,3.0773,https://maps.roads.maryland.gov/itms_public/?stationid=S2012150697,,,14720,14751,14712,15103,15394,15765,14790,14791,,,15900,15931,15742,16163,16474,16875,15830,15681,,,,,,,NO ERROR,,,,,,,,,,,3,8.94,59,48.38,51.62,N/A,N/A,"14,720","14,751","14,712","15,103","15,394","15,765","14,790","14,791",N/A,N/A,"15,900","15,931","15,742","16,163","16,474","16,875","15,830","15,681",N/A,N/A,N/A,N/A,N/A,N/A,N/A
-8587071.2494,4719192.5643,1848,B2807,15,Montgomery,0,None,Wilson La,MD,188,  ,0.8,0,0.9,Md188-.10 Mi W Of Md190,Mcarthur Blvd To Md 190,Urban,4,Minor Arterial,15000MD00188  01EE**************,15000MD00188--1-----,1,East,3,C,0,9.81,58.27,53.97,46.03,2.0104,https://maps.roads.maryland.gov/itms_public/?stationid=B2807,5863,6180,6131,6030,6011,6172,6293,6444,6395,6120,6273,6670,6621,6510,6431,6602,6733,6904,6845,6490,,,,,,,NO ERROR,,,,,,,,,,,3,9.81,58.27,53.97,46.03,"5,863","6,180","6,131","6,030","6,011","6,172","6,293","6,444","6,395","6,120","6,273","6,670","6,621","6,510","6,431","6,602","6,733","6,904","6,845","6,490",N/A,N/A,N/A,N/A,N/A,N/A,N/A
-8594553.7807,4763059.0771,1857,B2945,15,Montgomery,0,None,Ridge Rd,MD,27,  ,6.46,6.14,6.56,Md27-.10 Mi S Of Md108,Bethesda Church Rd To Md 108,Urban,3,Principal Arterial Other,15000MD00027  01NN**************,15000MD00027--1-----,1,North,3,C,1,7.42,53.62,49.81,50.19,3.3849,https://maps.roads.maryland.gov/itms_public/?stationid=B2945,20620,20701,20542,19590,19531,20042,22130,22661,22462,22080,22060,22361,22192,21160,20901,21452,23680,24251,24032,23410,,,,,,,NO ERROR,,,,,,,,,,,3,7.42,53.62,49.81,50.19,"20,620","20,701","20,542","19,590","19,531","20,042","22,130","22,661","22,462","22,080","22,060","22,361","22,192","21,160","20,901","21,452","23,680","24,251","24,032","23,410",N/A,N/A,N/A,N/A,N/A,N/A,N/A
-8576559.5029,4734459.8768,1868,B2786,15,Montgomery,0,None,Layhill Rd,MD,182,  ,2.13,0.71,2.23,Md182-.10 Mi S Bonifant Rd/bel Pre Rd,Briggs Rd To Bonifant Rd,Urban,3,Principal Arterial Other,15000MD00182  01NN**************,15000MD00182--1-----,1,South,4,F,0,9.02,69.1,47.74,52.26,13.9044,https://maps.roads.maryland.gov/itms_public/?stationid=B2786,20982,21130,20961,21002,22910,23511,23962,25290,25061,25062,22452,22820,22641,22682,24510,25161,25642,27060,26821,26572,30,21422,2616,180,727,87,NO ERROR,814,0.89312039,0.10687961,0.00119703,0.85476019,0.10438113,0.00718219,0.02900806,0.00347139,0.03247945,4,9.02,69.1,47.74,52.26,"20,982","21,130","20,961","21,002","22,910","23,511","23,962","25,290","25,061","25,062","22,452","22,820","22,641","22,682","24,510","25,161","25,642","27,060","26,821","26,572",30,"21,422",180,"2,616",727,87,814
-8597836.8324,4728820.0143,1870,S2012150643,15,Montgomery,0,None,Glen Rd                                 ,CO,53,  ,1.11,0.94,3.94,Glen Rd - Between Piney Meetinghouse Rd & Partridge Run La,Piney Meetinghouse Rd To Query Mill Rd,Urban,5,Major Collector,15000CO00053  01WW**************,15000CO00053--1-----,1,East,2,F,0,12.39,87.62,50.47,49.53,5.5089,https://maps.roads.maryland.gov/itms_public/?stationid=S2012150643,,,4970,4981,4972,5103,5204,5335,5030,5031,,,5370,5381,5322,5463,5574,5665,5330,5531,,,,,,,NO ERROR,,,,,,,,,,,2,12.39,87.62,50.47,49.53,N/A,N/A,"4,970","4,981","4,972","5,103","5,204","5,335","5,030","5,031",N/A,N/A,"5,370","5,381","5,322","5,463","5,574","5,665","5,330","5,531",N/A,N/A,N/A,N/A,N/A,N/A,N/A
-8581394.8468,4727637.4827,1875,S2012150913,15,Montgomery,0,None,Garrett Park Rd,GV,1191,  ,0.6,0.56,0.82,Garrett Park Rd - .05 Mi North Of Beach Dr,Garrett Park Rd (back) To Schuylkill Rd,Urban,7,Local,15000GV01191  01SS**************,15000GV01191--1-----,1,South,2,F,0,13.16,70.86,50.85,49.15,0.3503,https://maps.roads.maryland.gov/itms_public/?stationid=S2012150913,,,3300,3311,3302,3393,3464,3555,3690,3691,,,3560,3581,3532,3633,3714,3775,3910,4061,,,,,,,NO ERROR,,,,,,,,,,,2,13.16,70.86,50.85,49.15,N/A,N/A,"3,300","3,311","3,302","3,393","3,464","3,555","3,690","3,691",N/A,N/A,"3,560","3,581","3,532","3,633","3,714","3,775","3,910","4,061",N/A,N/A,N/A,N/A,N/A,N/A,N/A
-8599500.4145,4738903.824,1881,B2774,15,Montgomery,0,None,Quince Orchard Rd,MD,124,  ,0.2,0,1.19,Md124-.20 Mi N Of Md28,Md 28 To Md 119,Urban,3,Principal Arterial Other,15000MD00124  01NN**************,15000MD00124--1-----,1,North,5,F,0,8.74,50.86,48.96,51.04,8.2574,https://maps.roads.maryland.gov/itms_public/?stationid=B2774,22561,22652,21310,21351,21292,20120,20501,20992,19010,19011,24141,24462,23020,23061,22782,21530,21941,22462,20340,20151,36,16813,1547,54,470,91,NO ERROR,561,0.83778966,0.16221034,0.00189364,0.88438273,0.08137394,0.00284046,0.02472253,0.0047867,0.02950923,5,8.74,50.86,48.96,51.04,"22,561","22,652","21,310","21,351","21,292","20,120","20,501","20,992","19,010","19,011","24,141","24,462","23,020","23,061","22,782","21,530","21,941","22,462","20,340","20,151",36,"16,813",54,"1,547",470,91,561
-8599925.035,4743894.2073,1884,S2012150889,15,Montgomery,0,None,Waring Station Rd,CO,5502,  ,1.74,1.19,1.8,Waring Station Rd - .10 Mi North Of Md 117,Wisteria Rd To Md 117,Urban,5,Major Collector,15000CO05502  01SS**************,15000CO05502--1-----,1,North,2,F,0,9.9,67.42,51.16,48.84,1.0667,https://maps.roads.maryland.gov/itms_public/?stationid=S2012150889,,,4240,4251,4242,4353,4444,4555,4790,4791,,,4580,4591,4542,4663,4764,4835,5080,5271,,,,,,,NO ERROR,,,,,,,,,,,2,9.9,67.42,51.16,48.84,N/A,N/A,"4,240","4,251","4,242","4,353","4,444","4,555","4,790","4,791",N/A,N/A,"4,580","4,591","4,542","4,663","4,764","4,835","5,080","5,271",N/A,N/A,N/A,N/A,N/A,N/A,N/A
-8567515.8414,4730639.5708,1888,S2006150075,15,Montgomery,0,None,Ramp 7 Fr Randolph Rd To Ramp 6(to Us29),RP,29,  ,0.01,0,0.014,Exit 7 Ramp 7 Fr E Randolph Rd Wb To Ramp 6 (to Us 29 Sb),Exit 7  Ramp 07 E Randolph Rd To Ramp 6 Fr E Randolph Eb To Us 29 Sb,Urban,2,Principal Arterial Other Freeways and Expressways,15000RP00029  02SSUS7         07,15000RP00029--100707,2,South,1,F,0,7.84,100,0,100,0.0135,https://maps.roads.maryland.gov/itms_public/?stationid=S2006150075,,2700,2470,2481,2472,2543,2594,2665,2650,2651,,2920,2670,2681,2652,2723,2784,2855,2840,2811,,,,,,,NO ERROR,,,,,,,,,,,1,7.84,100,0,100,N/A,"2,700","2,470","2,481","2,472","2,543","2,594","2,665","2,650","2,651",N/A,"2,920","2,670","2,681","2,652","2,723","2,784","2,855","2,840","2,811",N/A,N/A,N/A,N/A,N/A,N/A,N/A
-8590285.8303,4740241.6273,1907,S2017150248,15,Montgomery,0,None,Crabbs Branch Way,CO,4991,  ,0.32,0,0.37,Crabbs Branch Way - .05 Mile North Of Shady Grove Rd,Ent To Parking To Shady Grove Rd,Urban,5,Major Collector,15000CO04991  01SS**************,15000CO04991--1-----,1,South,3,F,0,8.01,51.13,44.02,55.98,1.109,https://maps.roads.maryland.gov/itms_public/?stationid=S2017150248,,,,,,,,8280,8211,8212,,,,,,,,8780,8701,9032,,,,,,,NO ERROR,,,,,,,,,,,3,8.01,51.13,44.02,55.98,N/A,N/A,N/A,N/A,N/A,N/A,N/A,"8,280","8,211","8,212",N/A,N/A,N/A,N/A,N/A,N/A,N/A,"8,780","8,701","9,032",N/A,N/A,N/A,N/A,N/A,N/A,N/A
-8573253.1238,4722955.1953,1915,B2903,15,Montgomery,0,None,Franklin Ave,CO,7075,  ,0.2,0,0.58,Franklin Ave-.20 Mi E Of Us 29,Us 29 To Flower Ave,Urban,5,Major Collector,15000CO07075  01EE**************,15000CO07075--1-----,1,West,2,F,0,10.33,74.13,48.27,51.73,1.0701,https://maps.roads.maryland.gov/itms_public/?stationid=B2903,4992,5013,4974,4985,4760,4881,4972,5093,5054,5055,5342,5413,5374,5385,5090,5221,5322,5403,5364,5565,,,,,,,NO ERROR,,,,,,,,,,,2,10.33,74.13,48.27,51.73,"4,992","5,013","4,974","4,985","4,760","4,881","4,972","5,093","5,054","5,055","5,342","5,413","5,374","5,385","5,090","5,221","5,322","5,403","5,364","5,565",N/A,N/A,N/A,N/A,N/A,N/A,N/A
-8590185.314,4738160.0839,1922,S2012150968,15,Montgomery,130,Rockville,Redland Blvd,MU,2533,  ,0.97,0,1.03,Redland Blvd - Between Md 355 & Elmcroft Blvd,Ramp 9 Fr Ramp 1 To Redland Blvd To Frederick Rd,Urban,5,Major Collector,15130MU02533  01WW**************,15130MU02533--1-----,1,East,3,F,0,10.95,72.35,58.11,41.89,5.0306,https://maps.roads.maryland.gov/itms_public/?stationid=S2012150968,,,12740,12771,12732,13063,13314,13635,13380,13381,,,13760,13791,13622,13983,14254,14455,14180,14721,,,,,,,NO ERROR,,,,,,,,,,,3,10.95,72.35,58.11,41.89,N/A,N/A,"12,740","12,771","12,732","13,063","13,314","13,635","13,380","13,381",N/A,N/A,"13,760","13,791","13,622","13,983","14,254","14,455","14,180","14,721",N/A,N/A,N/A,N/A,N/A,N/A,N/A
-8566617.1258,4732263.4987,1924,B150099,15,Montgomery,0,None,Columbia Pike,US,29,  ,7.73,7.68,8.46,Us29-200ft N Of Fairland Rd,Fairland Rd To Briggs Chaney Rd,Urban,2,Principal Arterial Other Freeways and Expressways,15000US00029  01NN**************,15000US00029--1-----,1,South,7,C,1,7.61,57.61,53.21,46.79,16.877,https://maps.roads.maryland.gov/itms_public/?stationid=B150099,58530,58761,58292,59390,59211,60752,61650,63131,62562,59280,62630,63461,62962,64140,63361,65012,65970,67551,66942,62840,,,,,,,NO ERROR,,,,,,,,,,,7,7.61,57.61,53.21,46.79,"58,530","58,761","58,292","59,390","59,211","60,752","61,650","63,131","62,562","59,280","62,630","63,461","62,962","64,140","63,361","65,012","65,970","67,551","66,942","62,840",N/A,N/A,N/A,N/A,N/A,N/A,N/A
-8579878.526,4737434.5617,1926,B2975,15,Montgomery,0,None,Norbeck Rd,MD,28,  ,27.41,27.31,29.88,Md28-.10 Mi E Of Md97,Md 97 To Md 182,Urban,3,Principal Arterial Other,15000MD00028  01EE**************,15000MD00028--1-----,1,East,4,F,2,9.12,58.2,48.45,51.55,21.7356,https://maps.roads.maryland.gov/itms_public/?stationid=B2975,24491,24592,21630,21671,21612,22390,22821,23372,22240,23171,26211,26562,23360,23411,23132,23960,24421,25012,23800,23571,,,,,,,NO ERROR,,,,,,,,,,,4,9.12,58.2,48.45,51.55,"24,491","24,592","21,630","21,671","21,612","22,390","22,821","23,372","22,240","23,171","26,211","26,562","23,360","23,411","23,132","23,960","24,421","25,012","23,800","23,571",N/A,N/A,N/A,N/A,N/A,N/A,N/A
-8583758.8939,4717316.2446,1932,S2012150748,15,Montgomery,0,None,Dorset Ave,CO,438,  ,1.12,0.7,1.18,Dorset Ave - .10 Mile East Of Md 190,Dorset Ave (back) To River Rd,Urban,6,Minor Collector,15000CO00438  01WW**************,15000CO00438--1-----,1,East,2,F,0,9.48,63.3,60.48,39.52,0.3173,https://maps.roads.maryland.gov/itms_public/?stationid=S2012150748,,,1790,1791,1792,1843,1884,1935,1810,1811,,,1930,1931,1922,1973,2024,2055,1920,1991,,,,,,,NO ERROR,,,,,,,,,,,2,9.48,63.3,60.48,39.52,N/A,N/A,"1,790","1,791","1,792","1,843","1,884","1,935","1,810","1,811",N/A,N/A,"1,930","1,931","1,922","1,973","2,024","2,055","1,920","1,991",N/A,N/A,N/A,N/A,N/A,N/A,N/A
-8586867.6954,4726329.2338,1934,B2964,15,Montgomery,0,None,Eisenhower Memorial Hwy,IS,270,  ,2.13,1.54,2.68,Is270-.30 Mi N Of Md187b,Md 187 To Is 270y,Urban,1,Interstate,15000IS00270  01NN**************,15000IS00270--1-----,1,North,6,F,1,7.31,55.54,49.91,50.09,49.4343,https://maps.roads.maryland.gov/itms_public/?stationid=B2964,130971,131102,121350,122441,122322,113520,115901,118682,117973,118804,138831,138972,128630,129791,128442,119200,121701,123432,122693,123564,92,95231,16755,931,4087,1708,NO ERROR,5795,0.70526316,0.29473684,0.00077438,0.80158075,0.14103061,0.00783644,0.0344012,0.01437662,0.04877782,6,7.31,55.54,49.91,50.09,"130,971","131,102","121,350","122,441","122,322","113,520","115,901","118,682","117,973","118,804","138,831","138,972","128,630","129,791","128,442","119,200","121,701","123,432","122,693","123,564",92,"95,231",931,"16,755","4,087","1,708","5,795"
-8579792.6945,4739173.5024,1947,S1998150380,15,Montgomery,0,None,Georgia Ave,MD,97,  ,9.7,9.428,9.99,Md 97 Between Md 28 & Batchellors Forest Rd,Md 200 To Emory La,Urban,4,Minor Arterial,15000MD00097  01NN**************,15000MD00097--1-----,1,South,5,C,1,8.05,65.51,49,51,9.7621,https://maps.roads.maryland.gov/itms_public/?stationid=S1998150380,,,,,,,,,,47590,,,,,,,,,,50450,101,40137,5610,951,703,88,NO ERROR,791,0.88874842,0.11125158,0.00212229,0.84339147,0.11788191,0.01998319,0.01477201,0.00184913,0.01662114,5,8.05,65.51,49,51,N/A,N/A,N/A,N/A,N/A,N/A,N/A,N/A,N/A,"47,590",N/A,N/A,N/A,N/A,N/A,N/A,N/A,N/A,N/A,"50,450",101,"40,137",951,"5,610",703,88,791
-8599478.2069,4748839.3559,1956,B2770,15,Montgomery,0,None,Germantown Rd,MD,118,  ,6.61,6.2,7.08,Md118-.50 Mi S Of Md355,Is 270 To Md 355,Urban,3,Principal Arterial Other,15000MD00118  01NN**************,15000MD00118--1-----,1,North,5,F,0,8.33,54.02,49.18,50.82,8.8015,https://maps.roads.maryland.gov/itms_public/?stationid=B2770,28822,23130,22951,23002,27530,28251,28792,27650,27401,27402,30842,24980,24791,24842,29460,30231,30812,29590,29321,29052,53,23706,2768,154,576,145,NO ERROR,721,0.79889043,0.20110957,0.00193417,0.86511933,0.10101452,0.00562003,0.02102036,0.00529158,0.02631195,5,8.33,54.02,49.18,50.82,"28,822","23,130","22,951","23,002","27,530","28,251","28,792","27,650","27,401","27,402","30,842","24,980","24,791","24,842","29,460","30,231","30,812","29,590","29,321","29,052",53,"23,706",154,"2,768",576,145,721
-8587449.7969,4732609.6772,1959,S2012150955,15,Montgomery,130,Rockville,E Jefferson St,MU,1482,  ,0.1,0,0.14,E Jefferson St - Between Ritchie Pkwy & Paca Pl,Mt Vernon Pl To Ritchie Pkwy,Urban,5,Major Collector,15130MU01482  01SS**************,15130MU01482--1-----,1,North,2,F,0,11.06,50.16,58.71,41.29,0.1283,https://maps.roads.maryland.gov/itms_public/?stationid=S2012150955,,,2270,2281,2272,2333,2384,2445,2510,2511,,,2450,2461,2432,2503,2554,2595,2660,2761,,,,,,,NO ERROR,,,,,,,,,,,2,11.06,50.16,58.71,41.29,N/A,N/A,"2,270","2,281","2,272","2,333","2,384","2,445","2,510","2,511",N/A,N/A,"2,450","2,461","2,432","2,503","2,554","2,595","2,660","2,761",N/A,N/A,N/A,N/A,N/A,N/A,N/A
-8595085.6877,4737621.1558,1963,B150084,15,Montgomery,0,None,Sam Eig Hwy,CO,6271,  ,0.2,0,0.78,Sam Eig Hwy-.20 Mi N Of Md119,Md 119 To Is 370 (ahead),Urban,2,Principal Arterial Other Freeways and Expressways,15000CO06271  01NN**************,15000CO06271--1-----,1,South,5,C,0,8.51,51.53,49.89,50.11,10.1723,https://maps.roads.maryland.gov/itms_public/?stationid=B150084,30220,30341,30102,31760,31671,32492,35080,35921,35602,35730,32340,32771,32512,34300,33891,34772,37540,38441,38092,37870,,,,,,,NO ERROR,,,,,,,,,,,5,8.51,51.53,49.89,50.11,"30,220","30,341","30,102","31,760","31,671","32,492","35,080","35,921","35,602","35,730","32,340","32,771","32,512","34,300","33,891","34,772","37,540","38,441","38,092","37,870",N/A,N/A,N/A,N/A,N/A,N/A,N/A
-8594033.9146,4741868.6092,1972,B150123,15,Montgomery,0,None,W Diamond Ave,MD,117,  ,12.37,11.75,12.4,Md117-.20 Mi E Of Muddy Branch Rd,Is 270 To Md 117a,Urban,4,Minor Arterial,15000MD00117  01EE**************,15000MD00117--1-----,1,East,3,C,0,7.5,55.45,49.93,50.07,2.6453,https://maps.roads.maryland.gov/itms_public/?stationid=B150123,10243,10284,10205,10080,10051,10312,10513,10774,10685,11150,10963,11114,11025,10890,10761,11032,11253,11534,11435,11820,,,,,,,NO ERROR,,,,,,,,,,,3,7.5,55.45,49.93,50.07,"10,243","10,284","10,205","10,080","10,051","10,312","10,513","10,774","10,685","11,150","10,963","11,114","11,025","10,890","10,761","11,032","11,253","11,534","11,435","11,820",N/A,N/A,N/A,N/A,N/A,N/A,N/A
-8592983.0222,4744537.0942,1987,S2012150443,15,Montgomery,0,None,Goshen Rd,CO,33,  ,0.6,0.49,1.31,Goshen Rd - .10 Mi N Of Md 124,Md 124 To Centerway Rd,Urban,4,Minor Arterial,15000CO00033  01NN**************,15000CO00033--1-----,1,North,2,F,0,8.36,65.18,49.95,50.05,6.1689,https://maps.roads.maryland.gov/itms_public/?stationid=S2012150443,,,19250,19291,19232,19733,20114,20605,20610,20611,,,20790,20831,20582,21113,21524,22055,22050,21851,,,,,,,NO ERROR,,,,,,,,,,,2,8.36,65.18,49.95,50.05,N/A,N/A,"19,250","19,291","19,232","19,733","20,114","20,605","20,610","20,611",N/A,N/A,"20,790","20,831","20,582","21,113","21,524","22,055","22,050","21,851",N/A,N/A,N/A,N/A,N/A,N/A,N/A
-8569052.6117,4724807.4689,1996,B2912,15,Montgomery,0,None,New Hampshire Ave,MD,650,  ,3.43,3.23,3.46,Md650-.20 Mi N Of Is495,Is 495 To Powder Mill Rd,Urban,3,Principal Arterial Other,15000MD00650  01NN**************,15000MD00650--1-----,1,North,6,F,2,7.9,50.03,49.73,50.27,4.3521,https://maps.roads.maryland.gov/itms_public/?stationid=B2912,55231,55452,58540,58661,58492,54110,55141,56462,51840,51841,59101,59892,63220,63351,62592,57900,59001,60412,55470,54951,23,45344,4166,353,1388,567,NO ERROR,1955,0.70997442,0.29002558,0.00044366,0.87467449,0.0803611,0.00680928,0.02677417,0.01093729,0.03771146,6,7.9,50.03,49.73,50.27,"55,231","55,452","58,540","58,661","58,492","54,110","55,141","56,462","51,840","51,841","59,101","59,892","63,220","63,351","62,592","57,900","59,001","60,412","55,470","54,951",23,"45,344",353,"4,166","1,388",567,"1,955"
-8583826.8977,4728092.2209,1997,B150033,15,Montgomery,0,None,Nicholson La,CO,4242,  ,0.56,0.46,1.15,Nicholson La-.10 Mi E Of Md355,Md 355 To Boiling Brook Pkwy,Urban,5,Major Collector,15000CO04242  01EE**************,15000CO04242--1-----,1,East,4,F,0,7.96,56.29,49.88,50.12,5.0375,https://maps.roads.maryland.gov/itms_public/?stationid=B150033,23312,24220,24031,24082,24000,24621,25092,20180,20001,20002,24942,26160,25951,26012,25680,26341,26852,21390,21201,22002,109,17430,1474,110,478,401,NO ERROR,879,0.54379977,0.45620023,0.00544946,0.87141286,0.07369263,0.00549945,0.02389761,0.020048,0.04394561,4,7.96,56.29,49.88,50.12,"23,312","24,220","24,031","24,082","24,000","24,621","25,092","20,180","20,001","20,002","24,942","26,160","25,951","26,012","25,680","26,341","26,852","21,390","21,201","22,002",109,"17,430",110,"1,474",478,401,879
-8576630.9833,4724948.0592,2008,B2735,15,Montgomery,0,None,Georgia Ave,MD,97,  ,2.11,1.61,3.07,Md97-.50 Mi N Of Md192,Md 192 To Md 586,Urban,3,Principal Arterial Other,15000MD00097  01NN**************,15000MD00097--1-----,1,North,6,F,1,6.64,57.52,45.57,54.43,33.1522,https://maps.roads.maryland.gov/itms_public/?stationid=B2735,56951,57182,58620,58741,58572,62040,63221,64742,59700,62211,60941,61762,63310,63441,62672,66380,67651,69272,63880,63281,,,,,,,NO ERROR,,,,,,,,,,,6,6.64,57.52,45.57,54.43,"56,951","57,182","58,620","58,741","58,572","62,040","63,221","64,742","59,700","62,211","60,941","61,762","63,310","63,441","62,672","66,380","67,651","69,272","63,880","63,281",N/A,N/A,N/A,N/A,N/A,N/A,N/A
-8577006.1907,4744140.912,2013,S2012150671,15,Montgomery,0,None,Old Baltimore Rd,CO,132,  ,1.33,1.23,3.9,Old Baltimore Rd - Between Spartan Rd & Wintergarden Way,Spartan Rd To Martins Dairy Cir,Urban,5,Major Collector,15000CO00132  01SS**************,15000CO00132--1-----,1,South,2,F,0,12.06,52.34,49.04,50.96,3.5386,https://maps.roads.maryland.gov/itms_public/?stationid=S2012150671,,,3500,3511,3502,3593,3664,3755,3630,3631,,,3780,3791,3752,3853,3924,3985,3850,3991,,,,,,,NO ERROR,,,,,,,,,,,2,12.06,52.34,49.04,50.96,N/A,N/A,"3,500","3,511","3,502","3,593","3,664","3,755","3,630","3,631",N/A,N/A,"3,780","3,791","3,752","3,853","3,924","3,985","3,850","3,991",N/A,N/A,N/A,N/A,N/A,N/A,N/A
-8597452.4618,4760884.6911,2020,S2012150641,15,Montgomery,0,None,Kings Valley Rd                         ,CO,50,  ,1.26,0,1.61,Kings Valley Rd - Between Mountain View Rd & Kingstead Rd,Bethesda Church Rd To Kingstead Rd,Urban,6,Minor Collector,15000CO00050  01SS**************,15000CO00050--1-----,1,South,2,F,0,13.64,54.33,50.21,49.79,0.4883,https://maps.roads.maryland.gov/itms_public/?stationid=S2012150641,,,760,761,762,783,804,825,830,831,,,820,821,822,843,864,885,880,911,,,,,,,NO ERROR,,,,,,,,,,,2,13.64,54.33,50.21,49.79,N/A,N/A,760,761,762,783,804,825,830,831,N/A,N/A,820,821,822,843,864,885,880,911,N/A,N/A,N/A,N/A,N/A,N/A,N/A
-8566194.5585,4733770.7498,2036,S2006150084,15,Montgomery,0,None,Briggs Chaney Rd,CO,95,  ,3.15,1.83,3.17,Briggs Chaney Rd- .02 Mile West Of Old Columbia Pike,Peach Orchard Rd To Old Columbia Pike,Urban,4,Minor Arterial,15000CO00095  01EE**************,15000CO00095--1-----,1,West,3,F,0,8.08,57.43,50.71,49.29,6.9408,https://maps.roads.maryland.gov/itms_public/?stationid=S2006150084,14334,14395,13930,13961,13922,14283,14554,14905,14190,14191,15344,15555,15040,15081,14902,15283,15574,15955,15180,15041,,,,,,,NO ERROR,,,,,,,,,,,3,8.08,57.43,50.71,49.29,"14,334","14,395","13,930","13,961","13,922","14,283","14,554","14,905","14,190","14,191","15,344","15,555","15,040","15,081","14,902","15,283","15,574","15,955","15,180","15,041",N/A,N/A,N/A,N/A,N/A,N/A,N/A
-8589660.3544,4724798.9421,2040,S2012150695,15,Montgomery,0,None,Seven Locks Rd,CO,148,  ,3.33,2.63,3.43,Seven Locks Rd - .10 Mile South Of Democracy Blvd,Md 191 To Democracy Blvd,Urban,4,Minor Arterial,15000CO00148  01NN**************,15000CO00148--1-----,1,North,2,F,0,10.3,64.64,50.66,49.34,5.522,https://maps.roads.maryland.gov/itms_public/?stationid=S2012150695,,,18580,18621,18572,19063,19434,19905,18910,18911,,,20070,20111,19872,20403,20794,21305,20230,20051,,,,,,,NO ERROR,,,,,,,,,,,2,10.3,64.64,50.66,49.34,N/A,N/A,"18,580","18,621","18,572","19,063","19,434","19,905","18,910","18,911",N/A,N/A,"20,070","20,111","19,872","20,403","20,794","21,305","20,230","20,051",N/A,N/A,N/A,N/A,N/A,N/A,N/A
-8580209.774,4722665.9553,2043,S2000150157,15,Montgomery,0,None,Ramp 1 Fr Md 185 Nb To Is 495 Wb,RP,495,  ,0.1,0,0.25,Exit 33 Ramp 1 Fr Md 185 Nb To Is 495 Wb,Exit 33 Ramp 01 Connecticut Ave To Capital Beltway,Urban,1,Interstate,15000RP00495  02NNIS33        01,15000RP00495--103301,2,North,1,F,0,9.55,100,100,0,0.8708,https://maps.roads.maryland.gov/itms_public/?stationid=S2000150157,,4780,4801,4842,4843,4964,9310,9531,9472,9543,,5070,5091,5132,5093,5214,9780,9911,9852,9933,,,,,,,NO ERROR,,,,,,,,,,,1,9.55,100,100,0,N/A,"4,780","4,801","4,842","4,843","4,964","9,310","9,531","9,472","9,543",N/A,"5,070","5,091","5,132","5,093","5,214","9,780","9,911","9,852","9,933",N/A,N/A,N/A,N/A,N/A,N/A,N/A
-8598521.8676,4757468.9697,2047,S2012150435,15,Montgomery,0,None,Piedmont Rd,CO,18,  ,0.23,0,1.51,Piedmont Rd - .20 Mi W Of Hawkes Rd,Hawkes Rd To Grand Elm St,Urban,7,Local,15000CO00018  01WW**************,15000CO00018--1-----,1,West,2,F,0,8.37,52.5,49.95,50.05,0.4745,https://maps.roads.maryland.gov/itms_public/?stationid=S2012150435,,,830,831,832,853,874,905,860,861,,,900,901,892,913,944,965,910,951,,,,,,,NO ERROR,,,,,,,,,,,2,8.37,52.5,49.95,50.05,N/A,N/A,830,831,832,853,874,905,860,861,N/A,N/A,900,901,892,913,944,965,910,951,N/A,N/A,N/A,N/A,N/A,N/A,N/A
-8588547.1247,4737207.0013,2057,S2012150882,15,Montgomery,0,None,Crabbs Branch Way,CO,4991,  ,2.12,1.59,2.25,Crabbs Branch Way - .10 Mi North Of E Gude Dr,Indianola Dr To E Gude Dr,Urban,4,Minor Arterial,15000CO04991  01SS**************,15000CO04991--1-----,1,North,4,F,0,8.88,63.52,49.25,50.75,4.7387,https://maps.roads.maryland.gov/itms_public/?stationid=S2012150882,,,19830,19871,19812,20333,20724,21225,19670,19671,,,21420,21461,21202,21763,22184,22715,21050,20851,,,,,,,NO ERROR,,,,,,,,,,,4,8.88,63.52,49.25,50.75,N/A,N/A,"19,830","19,871","19,812","20,333","20,724","21,225","19,670","19,671",N/A,N/A,"21,420","21,461","21,202","21,763","22,184","22,715","21,050","20,851",N/A,N/A,N/A,N/A,N/A,N/A,N/A
-8593755.6057,4721806.2693,2065,S2017150269,15,Montgomery,0,None,Avenel Farm Dr,CO,6187,  ,0.1,0,1.08,Avenel Farm Dr - .10 Mile North Of Oaklyn Dr,Oaklyn Dr To Oaklyn Dr,Urban,6,Minor Collector,15000CO06187  01NN**************,15000CO06187--1-----,1,North,2,F,0,9.03,57.14,49.76,50.24,0.2294,https://maps.roads.maryland.gov/itms_public/?stationid=S2017150269,,,,,,,,580,581,582,,,,,,,,620,621,642,21,499,59,0,3,0,NO ERROR,3,1,0,0.03608247,0.85738832,0.10137457,0,0.00515464,0,0.00515464,2,9.03,57.14,49.76,50.24,N/A,N/A,N/A,N/A,N/A,N/A,N/A,580,581,582,N/A,N/A,N/A,N/A,N/A,N/A,N/A,620,621,642,21,499,0,59,3,0,3
-8573317.1229,4723831.2453,2066,S2000150179,15,Montgomery,0,None,Ramp 4 Fr Us 29 Nb To Is 495 Eb,RP,495,  ,0.1,0,0.23,Exit 30 Ramp 4 Fr Us 29 Nb To Is 495 Eb,Exit 30 Ramp 04 Colesville Rd To Capital Beltway,Urban,1,Interstate,15000RP00495  02NNIS30        04,15000RP00495--103004,2,East,1,F,0,9.82,100,100,0,0.9229,https://maps.roads.maryland.gov/itms_public/?stationid=S2000150179,9970,9981,10032,10123,10114,10365,10710,10971,10912,10993,10570,10581,10632,10733,10624,10885,11250,11411,11352,11433,,,,,,,NO ERROR,,,,,,,,,,,1,9.82,100,100,0,"9,970","9,981","10,032","10,123","10,114","10,365","10,710","10,971","10,912","10,993","10,570","10,581","10,632","10,733","10,624","10,885","11,250","11,411","11,352","11,433",N/A,N/A,N/A,N/A,N/A,N/A,N/A
-8594075.6057,4762567.6178,2073,B2950,15,Montgomery,0,None,Woodfield Rd,MD,124,  ,16.83,15.06,17.03,Md124-.20 Mi S Of Md108,Welsh Rd To Md 108,Urban,4,Minor Arterial,15000MD00124  01NN**************,15000MD00124--1-----,1,North,3,F,0,9.89,61.96,50.02,49.98,8.8594,https://maps.roads.maryland.gov/itms_public/?stationid=B2950,11171,11222,11020,11041,11012,11303,11524,11805,12320,12321,11951,12122,11900,11921,11782,12093,12334,12635,13180,13061,,,,,,,NO ERROR,,,,,,,,,,,3,9.89,61.96,50.02,49.98,"11,171","11,222","11,020","11,041","11,012","11,303","11,524","11,805","12,320","12,321","11,951","12,122","11,900","11,921","11,782","12,093","12,334","12,635","13,180","13,061",N/A,N/A,N/A,N/A,N/A,N/A,N/A
-8573450.395,4723645.4793,2074,B2947,15,Montgomery,0,None,Colesville Rd,US,29,  ,2.23,1.51,2.38,Us29-.15 Mi S Of Is495,Dale Dr To Is 495,Urban,3,Principal Arterial Other,15000US00029  01NN**************,15000US00029--1-----,1,North,6,C,1,7.74,61.31,51.97,48.03,18.8085,https://maps.roads.maryland.gov/itms_public/?stationid=B2947,61270,61521,61032,59100,58921,60452,55600,56931,56422,59230,65560,66441,65922,63830,63051,64682,59490,60921,60372,62780,81,53220,4238,584,945,162,NO ERROR,1107,0.85365854,0.14634146,0.00136755,0.89853115,0.07155158,0.00985987,0.01595475,0.0027351,0.01868985,6,7.74,61.31,51.97,48.03,"61,270","61,521","61,032","59,100","58,921","60,452","55,600","56,931","56,422","59,230","65,560","66,441","65,922","63,830","63,051","64,682","59,490","60,921","60,372","62,780",81,"53,220",584,"4,238",945,162,"1,107"
-8571188.3977,4726857.3452,2078,S2012150662,15,Montgomery,0,None,Lockwood Dr,CO,109,  ,0.4,0.33,1.4,Lockwood Dr - Between Burnt Mills Ave & Northwest Dr,Burnt Mills Rd To Stewart La,Urban,5,Major Collector,15000CO00109  01NN**************,15000CO00109--1-----,1,North,3,F,0,10.81,60.53,50.35,49.65,5.0111,https://maps.roads.maryland.gov/itms_public/?stationid=S2012150662,,,11810,11831,11802,12113,12344,12645,12830,12831,,,12760,12781,12632,12963,13214,13535,13730,13601,,,,,,,NO ERROR,,,,,,,,,,,3,10.81,60.53,50.35,49.65,N/A,N/A,"11,810","11,831","11,802","12,113","12,344","12,645","12,830","12,831",N/A,N/A,"12,760","12,781","12,632","12,963","13,214","13,535","13,730","13,601",N/A,N/A,N/A,N/A,N/A,N/A,N/A
-8582699.1236,4717912.8433,2095,S2012150912,15,Montgomery,0,None,Hillandale Rd,GV,442,  ,0.35,0.26,0.44,Hillandale Rd - .10 Mi North Of Little Falls Pkwy,Hillandale Rd (back) To Little Falls Pkwy,Urban,5,Major Collector,15000GV00442  01SS**************,15000GV00442--1-----,1,North,2,F,0,8.47,61.25,57.47,42.53,0.3049,https://maps.roads.maryland.gov/itms_public/?stationid=S2012150912,,,4200,4211,4202,4313,4404,4515,4640,4641,,,4540,4551,4502,4623,4714,4795,4920,5111,,,,,,,NO ERROR,,,,,,,,,,,2,8.47,61.25,57.47,42.53,N/A,N/A,"4,200","4,211","4,202","4,313","4,404","4,515","4,640","4,641",N/A,N/A,"4,540","4,551","4,502","4,623","4,714","4,795","4,920","5,111",N/A,N/A,N/A,N/A,N/A,N/A,N/A
-8573853.7713,4718862.4979,2096,B150102,15,Montgomery,143,Takoma Park,Takoma Ave,MU,1220,  ,0.1,0,0.28,Takoma Ave-.10 Mi N Of Wash Dc Line,Washington Dc/l To Fenton St,Urban,5,Major Collector,15143MU01220  01NN**************,15143MU01220--1-----,1,South,2,F,0,9.33,52.44,48.86,51.14,0.813,https://maps.roads.maryland.gov/itms_public/?stationid=B150102,7725,7765,7705,7490,7471,7672,7823,8014,7945,7955,8305,8395,8325,8090,7991,8212,8373,8504,8425,8755,,,,,,,NO ERROR,,,,,,,,,,,2,9.33,52.44,48.86,51.14,"7,725","7,765","7,705","7,490","7,471","7,672","7,823","8,014","7,945","7,955","8,305","8,395","8,325","8,090","7,991","8,212","8,373","8,504","8,425","8,755",N/A,N/A,N/A,N/A,N/A,N/A,N/A
-8617996.4698,4743605.502,2103,B2754,15,Montgomery,0,None,Beallsville Rd,MD,109,  ,0.5,0,0.6,Md109-.50 Mi N Of Md107,Md 107 To Jerusalem Rd,Rural,5,Major Collector,15000MD00109  01NN**************,15000MD00109--1-----,1,North,2,F,0,8.07,51.63,43.41,56.59,0.7715,https://maps.roads.maryland.gov/itms_public/?stationid=B2754,3260,3201,3212,3203,3204,3285,3420,3501,3482,3523,3420,3461,3412,3433,3404,3485,3660,3711,3692,3733,,,,,,,NO ERROR,,,,,,,,,,,2,8.07,51.63,43.41,56.59,"3,260","3,201","3,212","3,203","3,204","3,285","3,420","3,501","3,482","3,523","3,420","3,461","3,412","3,433","3,404","3,485","3,660","3,711","3,692","3,733",N/A,N/A,N/A,N/A,N/A,N/A,N/A
-8587923.3263,4733272.5278,2106,S2012150954,15,Montgomery,130,Rockville,Jefferson Plaza                         ,MU,1481,  ,0.05,0,0.09,Jefferson Plaza - Between Md 28 & Fleet St,Veirs Mill Rd To Fleet St,Urban,5,Major Collector,15130MU01481  01SS**************,15130MU01481--1-----,1,South,2,F,0,21.55,100,0,100,0.0398,https://maps.roads.maryland.gov/itms_public/?stationid=S2012150954,,,1220,1221,1222,1253,1284,1325,1210,1211,,,1320,1321,1312,1343,1374,1415,1280,1331,,,,,,,NO ERROR,,,,,,,,,,,2,21.55,100,0,100,N/A,N/A,"1,220","1,221","1,222","1,253","1,284","1,325","1,210","1,211",N/A,N/A,"1,320","1,321","1,312","1,343","1,374","1,415","1,280","1,331",N/A,N/A,N/A,N/A,N/A,N/A,N/A
-8599373.6319,4733534.2577,2108,S2012150726,15,Montgomery,0,None,Dufief Mill Rd,CO,210,  ,0.09,0,1.35,Dufief Mill Rd - .10 Mile North Of Travilah Rd,Travilah Rd To Flints Grove La,Urban,4,Minor Arterial,15000CO00210  01NN**************,15000CO00210--1-----,1,North,2,F,0,10.57,65.58,51.7,48.3,3.0013,https://maps.roads.maryland.gov/itms_public/?stationid=S2012150726,,,6000,6011,5992,6153,6274,6435,6090,6091,,,6480,6491,6412,6583,6714,6895,6520,6461,,,,,,,NO ERROR,,,,,,,,,,,2,10.57,65.58,51.7,48.3,N/A,N/A,"6,000","6,011","5,992","6,153","6,274","6,435","6,090","6,091",N/A,N/A,"6,480","6,491","6,412","6,583","6,714","6,895","6,520","6,461",N/A,N/A,N/A,N/A,N/A,N/A,N/A
-8582036.7683,4718954.6419,2113,S2012150869,15,Montgomery,0,None,Bethesda Ave,CO,4419,  ,0.37,0,0.43,Bethesda Ave - .10 Mi West Of Md 355,Clarendon Rd To Wisconsin Ave,Urban,5,Major Collector,15000CO04419  01EE**************,15000CO04419--1-----,1,East,2,F,0,7.7,51.6,50.21,49.79,1.6597,https://maps.roads.maryland.gov/itms_public/?stationid=S2012150869,,,9950,9971,9942,10203,10404,10655,10565,10575,,,10750,10771,10642,10923,11134,11295,11205,11635,,,,,,,NO ERROR,,,,,,,,,,,2,7.7,51.6,50.21,49.79,N/A,N/A,"9,950","9,971","9,942","10,203","10,404","10,655","10,565","10,575",N/A,N/A,"10,750","10,771","10,642","10,923","11,134","11,295","11,205","11,635",N/A,N/A,N/A,N/A,N/A,N/A,N/A
-8599574.1079,4747615.5655,2131,B2968,15,Montgomery,0,None,Eisenhower Memorial Hwy,IS,270,  ,14.44,13.97,14.74,Is270-.30 Mi S Of Md118,Middlebrook Rd To Md 118,Urban,1,Interstate,15000IS00270  01NN**************,15000IS00270--1-----,1,North,6,F,1,6.84,57.92,52.21,47.79,39.3585,https://maps.roads.maryland.gov/itms_public/?stationid=B2968,134261,134402,128720,129881,129752,130410,133151,136352,139070,140041,142321,142472,136440,137671,136242,136930,139811,141812,144630,145641,308,107098,20088,1495,7021,4031,NO ERROR,11052,0.63526963,0.36473037,0.00219936,0.76476175,0.14344371,0.01067545,0.05013532,0.02878443,0.07891974,6,6.84,57.92,52.21,47.79,"134,261","134,402","128,720","129,881","129,752","130,410","133,151","136,352","139,070","140,041","142,321","142,472","136,440","137,671","136,242","136,930","139,811","141,812","144,630","145,641",308,"107,098","1,495","20,088","7,021","4,031","11,052"
-8564520.9285,4735275.9551,2133,S2005150025,15,Montgomery,0,None,Greencastle Rd,CO,93,  ,0.98,0,2.43,Greencastle Rd - .10 Mile North Of Us 29,Cul De Sac To Prince Georges Co/l,Urban,5,Major Collector,15000CO00093  01NN**************,15000CO00093--1-----,1,South,2,F,0,8.84,55.72,48.16,51.84,8.5431,https://maps.roads.maryland.gov/itms_public/?stationid=S2005150025,9905,8950,8881,8902,8883,9114,9295,9720,9631,9632,10605,9670,9591,9612,9513,9754,9965,10300,10211,10602,16,8612,784,20,181,19,NO ERROR,200,0.905,0.095,0.00166113,0.89410299,0.08139535,0.00207641,0.01879153,0.00197259,0.02076412,2,8.84,55.72,48.16,51.84,"9,905","8,950","8,881","8,902","8,883","9,114","9,295","9,720","9,631","9,632","10,605","9,670","9,591","9,612","9,513","9,754","9,965","10,300","10,211","10,602",16,"8,612",20,784,181,19,200
-8586872.5503,4735595.0677,2147,S2012150974,15,Montgomery,130,Rockville,Southlawn La,MU,2795,  ,1.33,1.28,1.79,Southlawn La - Between E Gude Dr & Lofstrand La,E Gude Dr To N Horners La,Urban,5,Major Collector,15130MU02795  01WW**************,15130MU02795--1-----,1,East,3,F,0,9.94,72.47,49.21,50.79,1.5099,https://maps.roads.maryland.gov/itms_public/?stationid=S2012150974,,,7520,7541,7522,7723,7874,8065,8110,8111,,,8120,8141,8052,8263,8434,8555,8600,8921,,,,,,,NO ERROR,,,,,,,,,,,3,9.94,72.47,49.21,50.79,N/A,N/A,"7,520","7,541","7,522","7,723","7,874","8,065","8,110","8,111",N/A,N/A,"8,120","8,141","8,052","8,263","8,434","8,555","8,600","8,921",N/A,N/A,N/A,N/A,N/A,N/A,N/A
-8578090.9184,4727157.2759,2151,B2955,15,Montgomery,0,None,University Blvd W,MD,193,  ,1.04,0,1.24,Md193-.20 Mi W Of Md586,Md 185 To Md 586,Urban,3,Principal Arterial Other,15000MD00193  01EE**************,15000MD00193--1-----,1,East,6,F,1,7.74,58.93,46.42,53.58,9.9622,https://maps.roads.maryland.gov/itms_public/?stationid=B2955,21021,21112,21740,21781,21722,23110,23551,24122,22010,22011,22491,22802,23480,23521,23242,24730,25201,25812,23550,23331,107,19758,1626,94,341,85,NO ERROR,426,0.80046948,0.19953052,0.00486121,0.89764209,0.07387215,0.00427059,0.01549225,0.00386171,0.01935396,6,7.74,58.93,46.42,53.58,"21,021","21,112","21,740","21,781","21,722","23,110","23,551","24,122","22,010","22,011","22,491","22,802","23,480","23,521","23,242","24,730","25,201","25,812","23,550","23,331",107,"19,758",94,"1,626",341,85,426
-8569178.7746,4723283.8209,2154,S2012150872,15,Montgomery,0,None,Adelphi Rd,CO,4542,  ,0.04,0,0.1,Adelphi Rd - Between Md 650 & Sierra St,New Hampshire Ave To Mt Pisgah Rd,Urban,4,Minor Arterial,15000CO04542  01EE**************,15000CO04542--1-----,1,West,5,F,0,7.34,53.35,48.62,51.38,0.7994,https://maps.roads.maryland.gov/itms_public/?stationid=S2012150872,,,20000,20041,19982,20503,20894,21405,21900,21901,,,21600,21641,21382,21943,22364,22905,23430,23221,,,,,,,NO ERROR,,,,,,,,,,,5,7.34,53.35,48.62,51.38,N/A,N/A,"20,000","20,041","19,982","20,503","20,894","21,405","21,900","21,901",N/A,N/A,"21,600","21,641","21,382","21,943","22,364","22,905","23,430","23,221",N/A,N/A,N/A,N/A,N/A,N/A,N/A
-8593563.3414,4741604.8632,2172,S2012150918,15,Montgomery,63,Gaithersburg,Cedar Ave,MU,30,  ,0.07,0,0.575,Cedar Ave - .10 Mi South Of Md 355,S Frederick Rd To W Deer Park Rd,Urban,5,Major Collector,15063MU00030  01SS**************,15063MU00030--1-----,1,South,2,F,0,8.12,63.11,41.43,58.57,0.4766,https://maps.roads.maryland.gov/itms_public/?stationid=S2012150918,,,1930,1931,1932,1983,2024,2075,2270,2271,,,2080,2091,2072,2123,2174,2205,2410,2501,,,,,,,NO ERROR,,,,,,,,,,,2,8.12,63.11,41.43,58.57,N/A,N/A,"1,930","1,931","1,932","1,983","2,024","2,075","2,270","2,271",N/A,N/A,"2,080","2,091","2,072","2,123","2,174","2,205","2,410","2,501",N/A,N/A,N/A,N/A,N/A,N/A,N/A
-8594095.0545,4736936.4334,2181,S2017150268,15,Montgomery,0,None,Diamondback Dr,CO,6166,  ,0.1,0,0.7,Diamondback Dr - .10 Mile North Ofmd 28,Md 28 To Diamondback Dr (ahead),Urban,6,Minor Collector,15000CO06166  01NN**************,15000CO06166--1-----,1,North,3,F,0,13.1,53.64,45.5,54.5,1.0046,https://maps.roads.maryland.gov/itms_public/?stationid=S2017150268,,,,,,,,3970,3931,3932,,,,,,,,4210,4171,4332,,,,,,,NO ERROR,,,,,,,,,,,3,13.1,53.64,45.5,54.5,N/A,N/A,N/A,N/A,N/A,N/A,N/A,"3,970","3,931","3,932",N/A,N/A,N/A,N/A,N/A,N/A,N/A,"4,210","4,171","4,332",N/A,N/A,N/A,N/A,N/A,N/A,N/A
-8578110.133,4737654.9171,2188,S2012150896,15,Montgomery,0,None,Wintergate Dr,CO,6328,  ,0.08,0,0.46,Wintergate Dr - .10 Mi South Of Md 28,Norbeck Rd To Longmead Crossing Dr,Urban,5,Major Collector,15000CO06328  01SS**************,15000CO06328--1-----,1,North,2,F,0,7.01,50.4,50.91,49.09,0.5509,https://maps.roads.maryland.gov/itms_public/?stationid=S2012150896,,,3120,3131,3122,3203,3264,3345,3280,3281,,,3370,3381,3342,3433,3494,3555,3480,3611,,,,,,,NO ERROR,,,,,,,,,,,2,7.01,50.4,50.91,49.09,N/A,N/A,"3,120","3,131","3,122","3,203","3,264","3,345","3,280","3,281",N/A,N/A,"3,370","3,381","3,342","3,433","3,494","3,555","3,480","3,611",N/A,N/A,N/A,N/A,N/A,N/A,N/A
-8578298.4215,4731200.0357,2192,S2012150796,15,Montgomery,0,None,Weller Rd,CO,1564,  ,0.49,0,1.25,Weller Rd - Between Md 97 & Flack St,Woodedge Rd To Md 185,Urban,6,Minor Collector,15000CO01564  01SS**************,15000CO01564--1-----,1,North,2,F,0,10.52,59.72,50.98,49.02,1.9943,https://maps.roads.maryland.gov/itms_public/?stationid=S2012150796,,,4120,4131,4122,4233,4314,4425,4370,4371,,,4450,4461,4412,4533,4624,4695,4630,4811,,,,,,,NO ERROR,,,,,,,,,,,2,10.52,59.72,50.98,49.02,N/A,N/A,"4,120","4,131","4,122","4,233","4,314","4,425","4,370","4,371",N/A,N/A,"4,450","4,461","4,412","4,533","4,624","4,695","4,630","4,811",N/A,N/A,N/A,N/A,N/A,N/A,N/A
-8597661.0524,4751746.3955,2194,S2012150440,15,Montgomery,0,None,Brink Rd,CO,27,  ,0.89,0.57,4.8,Brink Rd -.30 Mi E Of Md 27,Md 27 To Md 124,Urban,4,Minor Arterial,15000CO00027  01EE**************,15000CO00027--1-----,1,West,3,F,0,8.81,56.44,48.95,51.05,21.1845,https://maps.roads.maryland.gov/itms_public/?stationid=S2012150440,,,11950,11971,11942,12253,12494,12795,13720,13721,,,12910,12931,12782,13113,13374,13695,14680,14541,,,,,,,NO ERROR,,,,,,,,,,,3,8.81,56.44,48.95,51.05,N/A,N/A,"11,950","11,971","11,942","12,253","12,494","12,795","13,720","13,721",N/A,N/A,"12,910","12,931","12,782","13,113","13,374","13,695","14,680","14,541",N/A,N/A,N/A,N/A,N/A,N/A,N/A
-8582588.3005,4738456.8981,2197,S2012150676,15,Montgomery,0,None,Emory La,CO,137,  ,1.68,0.39,1.74,Emory La - .10 Mile East Of Md 115,Cashell Rd To Md 115,Urban,6,Minor Collector,15000CO00137  01WW**************,15000CO00137--1-----,1,East,2,F,0,12.69,74.36,48.67,51.33,2.888,https://maps.roads.maryland.gov/itms_public/?stationid=S2012150676,,,5620,5631,5612,5763,5874,6025,5860,5861,,,6070,6081,6012,6173,6294,6395,6210,6451,,,,,,,NO ERROR,,,,,,,,,,,2,12.69,74.36,48.67,51.33,N/A,N/A,"5,620","5,631","5,612","5,763","5,874","6,025","5,860","5,861",N/A,N/A,"6,070","6,081","6,012","6,173","6,294","6,395","6,210","6,451",N/A,N/A,N/A,N/A,N/A,N/A,N/A
-8575219.921,4739096.0773,2198,B2788,15,Montgomery,0,None,Layhill Rd,MD,182,  ,4.512,4.412,5.838,Md182-.10 Mi N Of Md28/norbeck Rd,Md 28 To Norwood Rd,Urban,4,Minor Arterial,15000MD00182  01NN**************,15000MD00182--1-----,1,North,3,F,0,9.33,67.93,50.67,49.33,5.107,https://maps.roads.maryland.gov/itms_public/?stationid=B2788,11552,9970,9891,9912,9883,10144,10345,9490,9411,9812,12362,10770,10681,10712,10583,10854,11085,10150,10071,9982,,,,,,,NO ERROR,,,,,,,,,,,3,9.33,67.93,50.67,49.33,"11,552","9,970","9,891","9,912","9,883","10,144","10,345","9,490","9,411","9,812","12,362","10,770","10,681","10,712","10,583","10,854","11,085","10,150","10,071","9,982",N/A,N/A,N/A,N/A,N/A,N/A,N/A
-8601789.2672,4751084.0668,2200,P0004,15,Montgomery,0,None,Eisenhower Memorial Hwy,IS,270,  ,16.44,15.78,18.43,Is 270 - 2.0 Miles South Of Md 121 (atr#04),Father Hurley Blvd To Md 121,Urban,1,Interstate,15000IS00270  01NN**************,15000IS00270--1-----,1,North,6,C,1,7.55,52.82,49.59,50.41,107.6259,https://maps.roads.maryland.gov/itms_public/?stationid=P0004,97601,98355,98439,99331,98930,101459,104303,108079,109441,111270,101526,102820,102913,103397,102643,105544,108396,110802,111902,113451,,,,,,,NO ERROR,,,,,,,,,,,6,7.55,52.82,49.59,50.41,"97,601","98,355","98,439","99,331","98,930","101,459","104,303","108,079","109,441","111,270","101,526","102,820","102,913","103,397","102,643","105,544","108,396","110,802","111,902","113,451",N/A,N/A,N/A,N/A,N/A,N/A,N/A
-8590090.1054,4744166.8319,2211,S2017150266,15,Montgomery,0,None,Flower Hill Way,CO,5189,  ,1.03,0,1.23,Flower Hill Way - .05 Mile North Of Md 124,Snouffers School Rd To Washington Grove La,Urban,6,Minor Collector,15000CO05189  01SS**************,15000CO05189--1-----,1,North,2,F,0,8.33,66.92,51.99,48.01,2.6138,https://maps.roads.maryland.gov/itms_public/?stationid=S2017150266,,,,,,,,5870,5821,5822,,,,,,,,6220,6171,6402,,,,,,,NO ERROR,,,,,,,,,,,2,8.33,66.92,51.99,48.01,N/A,N/A,N/A,N/A,N/A,N/A,N/A,"5,870","5,821","5,822",N/A,N/A,N/A,N/A,N/A,N/A,N/A,"6,220","6,171","6,402",N/A,N/A,N/A,N/A,N/A,N/A,N/A
-8606856.5846,4761967.6448,2219,B150090,15,Montgomery,0,None,Old Hundred Rd,MD,109,  ,11.77,11.35,11.87,Md109-.10 Mi S Of Md355,Is 270 To Md 355,Rural,5,Major Collector,15000MD00109  01NN**************,15000MD00109--1-----,1,South,2,C,0,8.62,79.82,45,55,1.5564,https://maps.roads.maryland.gov/itms_public/?stationid=B150090,7110,6981,7002,7010,7001,7172,8100,8281,8232,8200,7470,7541,7422,7500,7421,7602,8670,8781,8732,8690,22,6442,1385,15,260,76,NO ERROR,336,0.77380952,0.22619048,0.00268293,0.78560976,0.16890244,0.00182927,0.03170732,0.00926829,0.04097561,2,8.62,79.82,45,55,"7,110","6,981","7,002","7,010","7,001","7,172","8,100","8,281","8,232","8,200","7,470","7,541","7,422","7,500","7,421","7,602","8,670","8,781","8,732","8,690",22,"6,442",15,"1,385",260,76,336
-8569303.5645,4736173.7707,2224,S2012150654,15,Montgomery,0,None,Briggs Chaney Rd,CO,95,  ,1.13,0.98,1.83,Briggs Chaney Rd - Between Good Hope Rd & Fireside Dr,Good Hope Rd To Peach Orchard Rd,Urban,4,Minor Arterial,15000CO00095  01EE**************,15000CO00095--1-----,1,West,2,F,0,8.61,52.24,50.14,49.86,3.7698,https://maps.roads.maryland.gov/itms_public/?stationid=S2012150654,,,12000,12021,11992,12303,12544,12855,12150,12151,,,12960,12981,12832,13163,13424,13765,13000,12881,,,,,,,NO ERROR,,,,,,,,,,,2,8.61,52.24,50.14,49.86,N/A,N/A,"12,000","12,021","11,992","12,303","12,544","12,855","12,150","12,151",N/A,N/A,"12,960","12,981","12,832","13,163","13,424","13,765","13,000","12,881",N/A,N/A,N/A,N/A,N/A,N/A,N/A
-8571034.8304,4727604.0473,2233,B2724,15,Montgomery,0,None,Columbia Pike,US,29,  ,4.56,3.88,4.76,Us29-.20 Mi S Of Md650,Lockwood Dr To Md 650,Urban,3,Principal Arterial Other,15000US00029  01NN**************,15000US00029--1-----,1,North,6,C,1,7.5,52.3,48.39,51.61,20.7913,https://maps.roads.maryland.gov/itms_public/?stationid=B2724,61970,62221,61722,59950,59771,61332,59980,61421,60872,64730,66310,67201,66662,64750,63961,65632,64180,65721,65132,68610,102,57771,4944,254,1366,293,NO ERROR,1659,0.82338758,0.17661242,0.00157578,0.89249189,0.0763788,0.00392399,0.02110304,0.00452649,0.02562954,6,7.5,52.3,48.39,51.61,"61,970","62,221","61,722","59,950","59,771","61,332","59,980","61,421","60,872","64,730","66,310","67,201","66,662","64,750","63,961","65,632","64,180","65,721","65,132","68,610",102,"57,771",254,"4,944","1,366",293,"1,659"
-8589286.98,4720374.1152,2244,S2000150129,15,Montgomery,0,None,Ramp 8 Fr Ramp 5 (fr Is495) To Md 190 Wb,RP,495,  ,0.02,0,0.04,Exit 39 Ramp 8 Fr Is 495 Sb To Md 190 Wb,Exit 39 Ramp 08 Ramp 5 Fr Ramp 11 (fr Is495) To Md 190 To River Rd,Urban,1,Interstate,15000RP00495  02NNIS39        08,15000RP00495--103908,2,North,2,F,0,7.2,100,100,0,0.0499,https://maps.roads.maryland.gov/itms_public/?stationid=S2000150129,3534,3545,3880,3921,3922,4023,4114,4215,3400,3421,3754,3765,4110,4161,4122,4223,4324,4385,3540,3561,,,,,,,NO ERROR,,,,,,,,,,,2,7.2,100,100,0,"3,534","3,545","3,880","3,921","3,922","4,023","4,114","4,215","3,400","3,421","3,754","3,765","4,110","4,161","4,122","4,223","4,324","4,385","3,540","3,561",N/A,N/A,N/A,N/A,N/A,N/A,N/A
-8596145.0294,4759924.7125,2247,S2012150622,15,Montgomery,0,None,Oak Dr,CO,4553,  ,0.19,0,1.01,Oak Dr - .20 Mile West Of Md 27,Ridge Rd To Ridge Rd,Urban,7,Local,15000CO04553  01WW**************,15000CO04553--1-----,1,West,2,F,0,9.72,66.99,51.06,48.94,0.3616,https://maps.roads.maryland.gov/itms_public/?stationid=S2012150622,,,1080,1081,1082,980,1001,1032,980,981,,,1170,1171,1162,1050,1071,1092,1040,1081,3,753,137,6,76,6,NO ERROR,82,0.92682927,0.07317073,0.0030581,0.7675841,0.13965341,0.00611621,0.07747197,0.00611621,0.08358818,2,9.72,66.99,51.06,48.94,N/A,N/A,"1,080","1,081","1,082",980,"1,001","1,032",980,981,N/A,N/A,"1,170","1,171","1,162","1,050","1,071","1,092","1,040","1,081",3,753,6,137,76,6,82
-8587483.4828,4753937.3144,2257,B2748,15,Montgomery,0,None,Laytonsville Rd,MD,108,  ,6.52,4.44,7.4,Md108-.10 Mi W Of Griffith Rd,Md 650 To Brink Rd,Rural,4,Minor Arterial,15000MD00108  01EE**************,15000MD00108--1-----,1,East,2,F,1,10.32,82.1,51.08,48.92,10.146,https://maps.roads.maryland.gov/itms_public/?stationid=B2748,8301,8142,8600,8561,8552,8763,8964,9165,9280,9391,8721,8792,9120,9161,9072,9293,9594,9625,9740,9771,,,,,,,NO ERROR,,,,,,,,,,,2,10.32,82.1,51.08,48.92,"8,301","8,142","8,600","8,561","8,552","8,763","8,964","9,165","9,280","9,391","8,721","8,792","9,120","9,161","9,072","9,293","9,594","9,625","9,740","9,771",N/A,N/A,N/A,N/A,N/A,N/A,N/A
-8589542.6402,4740519.4032,2259,S2012151317,15,Montgomery,0,None,Ramp 11 Fr Shady Grove Rd Sb To Ramp 4,RP,370,  ,0.04,0,0.07,Exit 3 Ramp 11 Fr Shady Grove Rd Sb To Ramp 4 (to Md 200 Eb),Exit 3  Ramp 11 Shady Grove Rd To Ramp 12 Fr Shady Grove Rd Nb To Ramp 11,Urban,1,Interstate,15000RP00370  02WWIS3         11,15000RP00370--100311,2,East,1,F,0,12.66,100,100,0,0.0409,https://maps.roads.maryland.gov/itms_public/?stationid=S2012151317,,,1380,1391,1392,1433,1464,1505,1590,1601,,,1460,1471,1462,1513,1544,1575,1650,1671,,,,,,,NO ERROR,,,,,,,,,,,1,12.66,100,100,0,N/A,N/A,"1,380","1,391","1,392","1,433","1,464","1,505","1,590","1,601",N/A,N/A,"1,460","1,471","1,462","1,513","1,544","1,575","1,650","1,671",N/A,N/A,N/A,N/A,N/A,N/A,N/A
-8580409.109,4734073.6503,2274,B2742,15,Montgomery,0,None,Georgia Ave,MD,97,  ,7.2,7,7.67,Md97-.20 Mi N Of Md185,Md 185 To Bel Pre Rd,Urban,3,Principal Arterial Other,15000MD00097  01NN**************,15000MD00097--1-----,1,South,6,F,1,7.76,70.85,47.06,52.94,11.1737,https://maps.roads.maryland.gov/itms_public/?stationid=B2742,45461,45642,43800,43891,43762,43170,43991,45052,45690,45691,48641,49292,47300,47401,46832,46190,47071,48212,48890,48431,132,38928,4604,140,1296,591,NO ERROR,1887,0.68680445,0.31319555,0.00288897,0.85198398,0.10076383,0.00306406,0.02836445,0.01293471,0.04129916,6,7.76,70.85,47.06,52.94,"45,461","45,642","43,800","43,891","43,762","43,170","43,991","45,052","45,690","45,691","48,641","49,292","47,300","47,401","46,832","46,190","47,071","48,212","48,890","48,431",132,"38,928",140,"4,604","1,296",591,"1,887"
-8581298.9335,4717033.346,2282,S2012150917,15,Montgomery,33,Chevy Chase Village,Grafton St,MU,40,  ,0.08,0,0.59,Grafton St - .10 Mi East Of Md 355,Wisconsin Ave To Chevy Chase Cir,Urban,5,Major Collector,15033MU00040  01WW**************,15033MU00040--1-----,1,East,2,F,0,12.16,69.68,69.02,30.98,0.2703,https://maps.roads.maryland.gov/itms_public/?stationid=S2012150917,,,1150,1151,1152,1183,1214,1245,1245,1255,,,1240,1241,1232,1273,1304,1325,1325,1385,,,,,,,NO ERROR,,,,,,,,,,,2,12.16,69.68,69.02,30.98,N/A,N/A,"1,150","1,151","1,152","1,183","1,214","1,245","1,245","1,255",N/A,N/A,"1,240","1,241","1,232","1,273","1,304","1,325","1,325","1,385",N/A,N/A,N/A,N/A,N/A,N/A,N/A
-8579892.6219,4739817.414,2289,S2012150675,15,Montgomery,0,None,Emory La,CO,137,  ,0.12,0,0.39,Emory La - .10 Mile West Of Md 97,Md 97 To Cashell Rd,Urban,6,Minor Collector,15000CO00137  01WW**************,15000CO00137--1-----,1,West,2,F,0,10.04,58.29,48.52,51.48,1.045,https://maps.roads.maryland.gov/itms_public/?stationid=S2012150675,,,6780,6791,6772,6953,7094,7265,7340,7341,,,7320,7331,7252,7443,7594,7705,7780,8081,,,,,,,NO ERROR,,,,,,,,,,,2,10.04,58.29,48.52,51.48,N/A,N/A,"6,780","6,791","6,772","6,953","7,094","7,265","7,340","7,341",N/A,N/A,"7,320","7,331","7,252","7,443","7,594","7,705","7,780","8,081",N/A,N/A,N/A,N/A,N/A,N/A,N/A
-8583271.8553,4718400.645,2292,B2824,15,Montgomery,0,None,Bradley Blvd,MD,191,  ,5.63,5.53,6.07,Md191-.10 Mi N Of Md614,Md 614 To Leland St,Urban,4,Minor Arterial,15000MD00191  01NN**************,15000MD00191--1-----,1,North,6,F,0,7.53,50.43,48.37,51.63,4.7542,https://maps.roads.maryland.gov/itms_public/?stationid=B2824,15871,15932,17110,17141,17092,17543,23040,23591,23150,24121,16981,17212,18480,18511,18292,18773,24650,25241,24770,24541,,,,,,,NO ERROR,,,,,,,,,,,6,7.53,50.43,48.37,51.63,"15,871","15,932","17,110","17,141","17,092","17,543","23,040","23,591","23,150","24,121","16,981","17,212","18,480","18,511","18,292","18,773","24,650","25,241","24,770","24,541",N/A,N/A,N/A,N/A,N/A,N/A,N/A
-8588005.9506,4724125.6993,2303,B2963,15,Montgomery,0,None,No Name,IS,270,Y ,0.6,0,0.995,Is270y-.40 Mi S Of Democracy Blvd,Is 495 To Democracy Blvd,Urban,1,Interstate,15000IS00270Y 01NN**************,15000IS00270Y-1-----,1,North,6,F,0,6.62,52.34,52.07,47.93,47.5258,https://maps.roads.maryland.gov/itms_public/?stationid=B2963,129532,128990,129641,130812,130683,126830,129491,130730,129951,130862,137302,136730,137421,138662,137223,133170,135971,135960,135151,136102,272,106936,14295,709,4944,3706,NO ERROR,8650,0.57156069,0.42843931,0.00207853,0.81716618,0.10923721,0.00541792,0.03778026,0.02831991,0.06610017,6,6.62,52.34,52.07,47.93,"129,532","128,990","129,641","130,812","130,683","126,830","129,491","130,730","129,951","130,862","137,302","136,730","137,421","138,662","137,223","133,170","135,971","135,960","135,151","136,102",272,"106,936",709,"14,295","4,944","3,706","8,650"
-8598180.3066,4740258.3689,2321,B150008,15,Montgomery,0,None,Great Seneca Hwy,MD,119,  ,2.67,2.57,6.04,Md119-.10 Mi N Of Md124,Md 124 To Md 117,Urban,3,Principal Arterial Other,15000MD00119  01NN**************,15000MD00119--1-----,1,North,4,F,0,10.2,78.59,49.96,50.04,27.5753,https://maps.roads.maryland.gov/itms_public/?stationid=B150008,20862,21280,21111,21152,20980,21531,21942,21970,21771,21772,22322,22980,22801,22842,22450,23041,23482,23510,23301,23082,37,20014,1277,51,331,62,NO ERROR,393,0.84223919,0.15776081,0.00169943,0.91925409,0.05865332,0.00234246,0.01520301,0.00284769,0.01805071,4,10.2,78.59,49.96,50.04,"20,862","21,280","21,111","21,152","20,980","21,531","21,942","21,970","21,771","21,772","22,322","22,980","22,801","22,842","22,450","23,041","23,482","23,510","23,301","23,082",37,"20,014",51,"1,277",331,62,393
-8566868.1133,4731766.8989,2334,B150051,15,Montgomery,0,None,Columbia Pike,US,29,  ,7.46,6.85,7.68,Us29-.20 Mi S Of Fairland Rd,Randolph Rd To Fairland Rd,Urban,2,Principal Arterial Other Freeways and Expressways,15000US00029  01NN**************,15000US00029--1-----,1,North,6,F,1,7.7,60.12,49.1,50.9,18.5408,https://maps.roads.maryland.gov/itms_public/?stationid=B150051,61390,61641,60230,60351,58050,59561,,60620,61200,61201,65690,66571,65050,65181,62110,63731,,64860,65480,64871,71,54680,4826,383,1060,181,NO ERROR,1241,0.85414988,0.14585012,0.00116011,0.89344945,0.07885492,0.00625807,0.01731998,0.00295747,0.02027745,6,7.7,60.12,49.1,50.9,"61,390","61,641","60,230","60,351","58,050","59,561",N/A,"60,620","61,200","61,201","65,690","66,571","65,050","65,181","62,110","63,731",N/A,"64,860","65,480","64,871",71,"54,680",383,"4,826","1,060",181,"1,241"
-8572492.9608,4749076.802,2338,B2982,15,Montgomery,0,None,Brighton Dam Rd,CO,57,  ,3.31,2.3,3.386,Brighton Dam Rd-.20 Mi W Of Howard Co/l,Md 650 To Brighton Dam Rd,Rural,5,Major Collector,15000CO00057  01EE**************,15000CO00057--1-----,1,East,2,F,0,10.21,50.93,45.18,54.82,2.8861,https://maps.roads.maryland.gov/itms_public/?stationid=B2982,5783,5674,7130,7091,7082,7253,7414,7585,7190,7281,6073,6134,7560,7591,7512,7693,7934,8045,7620,7721,50,5729,1145,6,259,92,NO ERROR,351,0.73789174,0.26210826,0.00686719,0.78684247,0.15725862,0.00082406,0.03557204,0.01263563,0.04820766,2,10.21,50.93,45.18,54.82,"5,783","5,674","7,130","7,091","7,082","7,253","7,414","7,585","7,190","7,281","6,073","6,134","7,560","7,591","7,512","7,693","7,934","8,045","7,620","7,721",50,"5,729",6,"1,145",259,92,351
-8580182.6897,4719729.3006,2353,B2793,15,Montgomery,0,None,Connecticut Ave,MD,185,  ,1.28,0.6,1.38,Md185-.10 Mi S Of Md410,Md 191 To Md 410,Urban,3,Principal Arterial Other,15000MD00185  01NN**************,15000MD00185--1-----,1,South,6,F,0,7.26,57.48,51.55,48.45,12.9661,https://maps.roads.maryland.gov/itms_public/?stationid=B2793,53590,53801,53372,46290,46151,47352,43070,44101,43702,45543,57340,58111,57642,49990,49381,50672,46090,47191,46762,46323,,,,,,,NO ERROR,,,,,,,,,,,6,7.26,57.48,51.55,48.45,"53,590","53,801","53,372","46,290","46,151","47,352","43,070","44,101","43,702","45,543","57,340","58,111","57,642","49,990","49,381","50,672","46,090","47,191","46,762","46,323",N/A,N/A,N/A,N/A,N/A,N/A,N/A
-8590870.5259,4740065.7347,2355,S2017150447,15,Montgomery,0,None,No Name,IS,370,  ,2.1,1.61,2.54,Is 370 - Between Md 355 & Md 200,Md 355 To Md 200,Urban,1,Interstate,15000IS00370  01EE**************,15000IS00370--1-----,1,East,6,F,0,8.57,54.2,47.57,52.43,30.1303,https://maps.roads.maryland.gov/itms_public/?stationid=S2017150447,,,,,,,,88670,88141,88762,,,,,,,,92220,91671,92312,151,73502,10362,1109,2771,867,NO ERROR,3638,0.76168224,0.23831776,0.00170118,0.82807958,0.11673915,0.01249409,0.03121831,0.00976769,0.04098601,6,8.57,54.2,47.57,52.43,N/A,N/A,N/A,N/A,N/A,N/A,N/A,"88,670","88,141","88,762",N/A,N/A,N/A,N/A,N/A,N/A,N/A,"92,220","91,671","92,312",151,"73,502","1,109","10,362","2,771",867,"3,638"
-8593912.5972,4736568.1546,2358,S2017150264,15,Montgomery,0,None,Broschart Rd,CO,4910,  ,0.41,0,0.51,Broschart Rd - .10 Mile South Of Md 28,Medical Center Dr To Md 28,Urban,6,Minor Collector,15000CO04910  01NN**************,15000CO04910--1-----,1,South,4,F,0,10.83,76.15,54.24,45.76,0.6296,https://maps.roads.maryland.gov/itms_public/?stationid=S2017150264,,,,,,,,3410,3381,3382,,,,,,,,3620,3581,3722,,,,,,,NO ERROR,,,,,,,,,,,4,10.83,76.15,54.24,45.76,N/A,N/A,N/A,N/A,N/A,N/A,N/A,"3,410","3,381","3,382",N/A,N/A,N/A,N/A,N/A,N/A,N/A,"3,620","3,581","3,722",N/A,N/A,N/A,N/A,N/A,N/A,N/A
-8574513.2713,4720278.4039,2363,S2012150876,15,Montgomery,0,None,Sligo Ave,CO,4592,  ,0.02,0,0.9,Sligo Ave - Between Us 29 & Philadelphia Ave,Georgia Ave To Piney Branch Rd,Urban,5,Major Collector,15000CO04592  01EE**************,15000CO04592--1-----,1,East,3,F,0,7.83,60.3,50.63,49.37,1.7709,https://maps.roads.maryland.gov/itms_public/?stationid=S2012150876,,,5660,5671,5652,5803,5914,6065,5390,5391,,,6110,6131,6052,6213,6334,6435,5710,5931,,,,,,,NO ERROR,,,,,,,,,,,3,7.83,60.3,50.63,49.37,N/A,N/A,"5,660","5,671","5,652","5,803","5,914","6,065","5,390","5,391",N/A,N/A,"6,110","6,131","6,052","6,213","6,334","6,435","5,710","5,931",N/A,N/A,N/A,N/A,N/A,N/A,N/A
-8579452.32,4742149.5115,2367,B150038,15,Montgomery,0,None,Hines Rd,CO,5152,  ,1.15,0,1.3,Hines Rd-between Winter Laurel Dr & Monitor Dr,Cashell Rd To Md 97,Urban,6,Minor Collector,15000CO05152  01EE**************,15000CO05152--1-----,1,West,3,C,0,8.78,53.14,49.68,50.32,2.4389,https://maps.roads.maryland.gov/itms_public/?stationid=B150038,5260,5281,5242,5650,5631,5782,5340,5471,5422,5140,5630,5701,5662,6100,6031,6192,5710,5801,5752,5650,4,4198,789,1,119,29,NO ERROR,148,0.80405405,0.19594595,0.00077821,0.81673152,0.15350195,0.00019455,0.02315175,0.00564202,0.02879377,3,8.78,53.14,49.68,50.32,"5,260","5,281","5,242","5,650","5,631","5,782","5,340","5,471","5,422","5,140","5,630","5,701","5,662","6,100","6,031","6,192","5,710","5,801","5,752","5,650",4,"4,198",1,789,119,29,148
-8579056.9799,4742599.2104,2368,B2743,15,Montgomery,0,None,Georgia Ave,MD,97,  ,11.39,9.99,11.89,Md97-.50 Mi S Of Md108,Emory La To Md 108,Urban,4,Minor Arterial,15000MD00097  01NN**************,15000MD00097--1-----,1,North,5,F,1,7.33,58.14,50.04,49.96,21.2703,https://maps.roads.maryland.gov/itms_public/?stationid=B2743,31071,31202,33160,33231,33132,27640,28171,28852,30670,30671,33251,33702,35810,35891,35452,29580,30141,30872,32820,32511,115,26010,3293,154,894,205,NO ERROR,1099,0.81346679,0.18653321,0.00374947,0.84803234,0.10736526,0.00502103,0.02914806,0.00668384,0.03583189,5,7.33,58.14,50.04,49.96,"31,071","31,202","33,160","33,231","33,132","27,640","28,171","28,852","30,670","30,671","33,251","33,702","35,810","35,891","35,452","29,580","30,141","30,872","32,820","32,511",115,"26,010",154,"3,293",894,205,"1,099"
-8595636.6176,4741894.1669,2375,B2924,15,Montgomery,0,None,W Diamond Ave,MD,117,  ,11.55,11.26,11.75,Md117-.20 Mi W Of Is270,Md 124 To Is 270,Urban,4,Minor Arterial,15000MD00117  01EE**************,15000MD00117--1-----,1,East,4,C,0,7.41,51.54,56.27,43.73,8.8799,https://maps.roads.maryland.gov/itms_public/?stationid=B2924,43583,43764,43415,46120,45981,47182,48083,49244,48805,49650,46633,47274,46895,49810,49201,50492,51453,52694,52225,52630,50,44300,4376,130,663,131,NO ERROR,794,0.83501259,0.16498741,0.00100705,0.89224572,0.08813696,0.00261833,0.01335347,0.00263847,0.01599194,4,7.41,51.54,56.27,43.73,"43,583","43,764","43,415","46,120","45,981","47,182","48,083","49,244","48,805","49,650","46,633","47,274","46,895","49,810","49,201","50,492","51,453","52,694","52,225","52,630",50,"44,300",130,"4,376",663,131,794
-8568537.2565,4729606.1853,2377,B2726,15,Montgomery,0,None,Columbia Pike,US,29,  ,6.09,5.11,6.85,Us29-.10 Mi S Of Industrial Pkwy,Stewart La To Randolph Rd,Urban,2,Principal Arterial Other Freeways and Expressways,15000US00029  01NN**************,15000US00029--1-----,1,South,6,F,1,7.5,51.66,48.11,51.89,43.7921,https://maps.roads.maryland.gov/itms_public/?stationid=B2726,65620,65881,65352,65960,65761,67472,65200,66771,66172,68953,70210,71151,70582,71240,70361,72202,69760,71451,70802,70143,,,,,,,NO ERROR,,,,,,,,,,,6,7.5,51.66,48.11,51.89,"65,620","65,881","65,352","65,960","65,761","67,472","65,200","66,771","66,172","68,953","70,210","71,151","70,582","71,240","70,361","72,202","69,760","71,451","70,802","70,143",N/A,N/A,N/A,N/A,N/A,N/A,N/A
-8585862.0511,4723657.792,2385,B2899,15,Montgomery,0,None,Capital Beltway,IS,495,  ,5.11,3.95,5.61,Is495-.50 Mi W Of Md187,Is 270y To Md 187,Urban,1,Interstate,15000IS00495  01EE**************,15000IS00495--1-----,1,West,6,F,1,7.08,53.82,46.97,53.03,70.1941,https://maps.roads.maryland.gov/itms_public/?stationid=B2899,116311,116432,101710,102631,102532,113490,115871,118652,115040,115851,123291,123422,107810,108791,107662,119170,121671,123402,119640,120491,139,94912,12814,823,2984,4179,NO ERROR,7163,0.41658523,0.58341477,0.00119982,0.81925922,0.11060759,0.00710395,0.02575722,0.0360722,0.06182942,6,7.08,53.82,46.97,53.03,"116,311","116,432","101,710","102,631","102,532","113,490","115,871","118,652","115,040","115,851","123,291","123,422","107,810","108,791","107,662","119,170","121,671","123,402","119,640","120,491",139,"94,912",823,"12,814","2,984","4,179","7,163"
-8598195.8215,4755175.6331,2414,S2012150437,15,Montgomery,0,None,Skylark Rd,CO,20,  ,1.35,1.086,1.43,Skylark Rd - .01 Mi N Of Md 27,Serviceberry Dr To Ridge Rd,Urban,5,Major Collector,15000CO00020  01SS**************,15000CO00020--1-----,1,South,2,F,0,10.28,50.13,47.98,52.02,0.4157,https://maps.roads.maryland.gov/itms_public/?stationid=S2012150437,,,4520,4531,4522,4643,4734,4855,3310,3311,,,4880,4891,4842,4973,5074,5155,3510,3641,,,,,,,NO ERROR,,,,,,,,,,,2,10.28,50.13,47.98,52.02,N/A,N/A,"4,520","4,531","4,522","4,643","4,734","4,855","3,310","3,311",N/A,N/A,"4,880","4,891","4,842","4,973","5,074","5,155","3,510","3,641",N/A,N/A,N/A,N/A,N/A,N/A,N/A
-8603486.9294,4756852.6011,2416,S2013150314,15,Montgomery,0,None,Snowden Farm Pkwy,CO,7705,  ,0.07,0,0.125,Snowden Farm Pkwy - Between Md 355 & Dutrow Dr,Md 355 To Dutrow Dr,Urban,5,Major Collector,15000CO07705  01NN**************,15000CO07705--1-----,1,North,2,C,0,8.96,70.49,50.66,49.34,0.0278,https://maps.roads.maryland.gov/itms_public/?stationid=S2013150314,,,,550,551,562,573,594,595,610,,,,590,581,602,613,634,635,650,,,,,,,NO ERROR,,,,,,,,,,,2,8.96,70.49,50.66,49.34,N/A,N/A,N/A,550,551,562,573,594,595,610,N/A,N/A,N/A,590,581,602,613,634,635,650,N/A,N/A,N/A,N/A,N/A,N/A,N/A
-8590643.378,4731569.1209,2419,B2813,15,Montgomery,0,None,Falls Rd,MD,189,  ,4.37,0.69,4.44,Md189-.50 Mi S Of Is270,Democracy Blvd To Wootten Pkwy,Urban,4,Minor Arterial,15000MD00189  01NN**************,15000MD00189--1-----,1,South,3,F,0,8.12,52.53,50.22,49.78,26.8987,https://maps.roads.maryland.gov/itms_public/?stationid=B2813,19992,18990,18841,18882,18833,19324,19695,19030,18861,19652,21392,20510,20351,20392,20153,20684,21085,20360,20181,19992,,,,,,,NO ERROR,,,,,,,,,,,3,8.12,52.53,50.22,49.78,"19,992","18,990","18,841","18,882","18,833","19,324","19,695","19,030","18,861","19,652","21,392","20,510","20,351","20,392","20,153","20,684","21,085","20,360","20,181","19,992",N/A,N/A,N/A,N/A,N/A,N/A,N/A
-8607860.7946,4733009.0471,2425,B2760,15,Montgomery,0,None,Seneca Rd,MD,112,  ,0.1,0,2.81,Md112-.10 Mi E Of Md190,Md 190 To Md 28,Rural,5,Major Collector,15000MD00112  01EE**************,15000MD00112--1-----,1,East,2,F,0,8.8,59.57,50.87,49.13,1.5713,https://maps.roads.maryland.gov/itms_public/?stationid=B2760,1812,1740,1741,1732,1640,1681,1722,1520,1511,1532,1902,1880,1851,1852,1740,1781,1842,1610,1601,1622,17,1091,275,3,140,6,NO ERROR,146,0.95890411,0.04109589,0.01109661,0.71214099,0.17950392,0.00195822,0.09138381,0.00391645,0.09530026,2,8.8,59.57,50.87,49.13,"1,812","1,740","1,741","1,732","1,640","1,681","1,722","1,520","1,511","1,532","1,902","1,880","1,851","1,852","1,740","1,781","1,842","1,610","1,601","1,622",17,"1,091",3,275,140,6,146
-8572140.3853,4723258.2343,2428,B2904,15,Montgomery,0,None,Franklin Ave,CO,7075,  ,0.77,0.58,0.9,Franklin Ave-.20 Mi E Of Flower Ave,Flower Ave To Md 193,Urban,5,Major Collector,15000CO07075  01EE**************,15000CO07075--1-----,1,West,2,F,0,8.65,73.33,54.08,45.92,1.3204,https://maps.roads.maryland.gov/itms_public/?stationid=B2904,10382,10423,10344,10375,10640,10921,11132,11403,11304,11305,11112,11263,11174,11215,11390,11691,11912,12093,11984,12445,,,,,,,NO ERROR,,,,,,,,,,,2,8.65,73.33,54.08,45.92,"10,382","10,423","10,344","10,375","10,640","10,921","11,132","11,403","11,304","11,305","11,112","11,263","11,174","11,215","11,390","11,691","11,912","12,093","11,984","12,445",N/A,N/A,N/A,N/A,N/A,N/A,N/A
-8591080.6991,4762203.5148,2429,B2747,15,Montgomery,0,None,Damascus Rd,MD,108,  ,1.73,0.45,3.32,Md108-.10 Mi W Of Mullinix Mill Rd,Howard Chapel Rd To Annapolis Rock Rd,Urban,4,Minor Arterial,15000MD00108  01EE**************,15000MD00108--1-----,1,West,2,F,1,9.55,72.49,50.08,49.92,5.3436,https://maps.roads.maryland.gov/itms_public/?stationid=B2747,5221,5242,5000,5011,5002,5240,5341,5472,5100,5101,5591,5662,5400,5411,5352,5610,5721,5862,5460,5411,13,3604,1002,36,359,87,NO ERROR,446,0.80493274,0.19506726,0.00254852,0.70652813,0.19643207,0.00705744,0.07037836,0.01705548,0.08743384,2,9.55,72.49,50.08,49.92,"5,221","5,242","5,000","5,011","5,002","5,240","5,341","5,472","5,100","5,101","5,591","5,662","5,400","5,411","5,352","5,610","5,721","5,862","5,460","5,411",13,"3,604",36,"1,002",359,87,446
-8579350.4928,4732896.352,2430,S2012150669,15,Montgomery,0,None,Hewitt Ave                              ,CO,128,  ,0.79,0,0.88,Hewitt Ave - .10 Mile East Of Md 97,Rippling Brook Dr To Georgia Ave,Urban,6,Minor Collector,15000CO00128  01WW**************,15000CO00128--1-----,1,East,2,F,0,8.83,52.51,50.04,49.96,2.5057,https://maps.roads.maryland.gov/itms_public/?stationid=S2012150669,,,7620,7641,7622,7823,7974,8175,7800,7801,,,8230,8251,8162,8373,8534,8675,8270,8581,,,,,,,NO ERROR,,,,,,,,,,,2,8.83,52.51,50.04,49.96,N/A,N/A,"7,620","7,641","7,622","7,823","7,974","8,175","7,800","7,801",N/A,N/A,"8,230","8,251","8,162","8,373","8,534","8,675","8,270","8,581",N/A,N/A,N/A,N/A,N/A,N/A,N/A
-8573770.7868,4725265.2443,2439,B2833,15,Montgomery,0,None,University Blvd W,MD,193,  ,3.82,3,4.32,Md193-.50 Mi W Of Us29,Arcola Ave To Us 29,Urban,3,Principal Arterial Other,15000MD00193  01EE**************,15000MD00193--1-----,1,West,6,F,1,7.58,51.99,49.76,50.24,19.8988,https://maps.roads.maryland.gov/itms_public/?stationid=B2833,38301,38452,37350,37431,37322,40070,40831,41812,39640,41301,40981,41532,40340,40431,39942,42880,43691,44742,42420,42021,,,,,,,NO ERROR,,,,,,,,,,,6,7.58,51.99,49.76,50.24,"38,301","38,452","37,350","37,431","37,322","40,070","40,831","41,812","39,640","41,301","40,981","41,532","40,340","40,431","39,942","42,880","43,691","44,742","42,420","42,021",N/A,N/A,N/A,N/A,N/A,N/A,N/A
-8592494.898,4740734.1638,2455,S2012150920,15,Montgomery,63,Gaithersburg,E Deer Park Dr,MU,60,  ,0.08,0,0.58,E Deer Park - .10 Mi North Of Md 355,S Frederick Rd To Grove St,Urban,5,Major Collector,15063MU00060  01NN**************,15063MU00060--1-----,1,South,2,F,0,8.87,51.21,47.18,52.82,0.883,https://maps.roads.maryland.gov/itms_public/?stationid=S2012150920,,,4020,4031,4022,4133,4214,4325,4170,4171,,,4340,4351,4302,4423,4514,4595,4420,4591,,,,,,,NO ERROR,,,,,,,,,,,2,8.87,51.21,47.18,52.82,N/A,N/A,"4,020","4,031","4,022","4,133","4,214","4,325","4,170","4,171",N/A,N/A,"4,340","4,351","4,302","4,423","4,514","4,595","4,420","4,591",N/A,N/A,N/A,N/A,N/A,N/A,N/A
-8591344.3838,4730702.6303,2469,S2017150260,15,Montgomery,0,None,Falls Chapel Way,CO,3862,  ,0.05,0,1.61,Falls Chapel Way - .05 Mile West Of Md 189,Md 189 To Md 189,Urban,6,Minor Collector,15000CO03862  01WW**************,15000CO03862--1-----,1,West,3,F,0,8.64,55.51,50.93,49.07,1.5643,https://maps.roads.maryland.gov/itms_public/?stationid=S2017150260,,,,,,,,2680,2661,2662,,,,,,,,2840,2821,2932,,,,,,,NO ERROR,,,,,,,,,,,3,8.64,55.51,50.93,49.07,N/A,N/A,N/A,N/A,N/A,N/A,N/A,"2,680","2,661","2,662",N/A,N/A,N/A,N/A,N/A,N/A,N/A,"2,840","2,821","2,932",N/A,N/A,N/A,N/A,N/A,N/A,N/A
-8566071.909,4733706.8861,2471,S2012150658,15,Montgomery,0,None,Briggs Chaney Rd,CO,95,  ,3.22,3.17,3.339,Briggs Chaney Rd -.10 Mile East Of Old Columbia Pike,Old Columbia Pike To Us 29,Urban,4,Minor Arterial,15000CO00095  01EE**************,15000CO00095--1-----,1,West,4,F,0,8.21,59.55,45.84,54.16,1.1215,https://maps.roads.maryland.gov/itms_public/?stationid=S2012150658,,,17220,17251,17202,17653,17994,18435,18180,18181,,,18600,18631,18412,18893,19254,19735,19450,19271,,,,,,,NO ERROR,,,,,,,,,,,4,8.21,59.55,45.84,54.16,N/A,N/A,"17,220","17,251","17,202","17,653","17,994","18,435","18,180","18,181",N/A,N/A,"18,600","18,631","18,412","18,893","19,254","19,735","19,450","19,271",N/A,N/A,N/A,N/A,N/A,N/A,N/A
-8592747.3491,4736926.7199,2490,B150061,15,Montgomery,0,None,Shady Grove Rd,CO,212,  ,2.62,2.42,2.93,Shady Grove Rd-.10 Mi N Of Research Blvd,Md 28 To Is 270,Urban,3,Principal Arterial Other,15000CO00212  01NN**************,15000CO00212--1-----,1,North,7,F,0,8.26,56,49.42,50.58,7.5821,https://maps.roads.maryland.gov/itms_public/?stationid=B150061,38301,38452,38270,38351,38242,37040,37741,38652,40730,40731,40981,41532,41330,41421,40922,39630,40381,41362,43580,43181,,,,,,,NO ERROR,,,,,,,,,,,7,8.26,56,49.42,50.58,"38,301","38,452","38,270","38,351","38,242","37,040","37,741","38,652","40,730","40,731","40,981","41,532","41,330","41,421","40,922","39,630","40,381","41,362","43,580","43,181",N/A,N/A,N/A,N/A,N/A,N/A,N/A
-8570788.8482,4728056.9216,2493,S2001150032,15,Montgomery,0,None,Ramp 8 Fr Md 650 Sb To Us 29 Wb,RP,29,  ,0.05,0,0.054,Exit 3 Ramp 8 Fr Md 650 Sb To Us 29 Wb,Exit 3  Ramp 08 New Hampshire Ave To Ramp 1 Fr Md 650 Nb To Ramp 8 (to Us 29),Urban,3,Principal Arterial Other,15000RP00029  02SSUS3         08,15000RP00029--100308,2,South,1,F,0,9.37,100,0,100,0.1082,https://maps.roads.maryland.gov/itms_public/?stationid=S2001150032,5734,5340,5320,5331,5322,5463,5574,5715,5490,5491,6144,5770,5750,5761,5702,5853,5964,6125,5870,5821,,,,,,,NO ERROR,,,,,,,,,,,1,9.37,100,0,100,"5,734","5,340","5,320","5,331","5,322","5,463","5,574","5,715","5,490","5,491","6,144","5,770","5,750","5,761","5,702","5,853","5,964","6,125","5,870","5,821",N/A,N/A,N/A,N/A,N/A,N/A,N/A
-8583593.8021,4726954.7852,2506,B2867,15,Montgomery,0,None,Rockville Pike,MD,355,  ,5.41,5.27,6.59,Md355-.10 Mi N Of Md547,Md 547 To Montrose Pkwy,Urban,3,Principal Arterial Other,15000MD00355  01NN**************,15000MD00355--1-----,1,North,7,F,1,7.8,52.71,47.65,52.35,23.3871,https://maps.roads.maryland.gov/itms_public/?stationid=B2867,52911,53122,50390,50491,50342,51280,52251,53512,48540,48541,56621,57372,54420,54531,53872,54870,55911,57262,51940,51451,91,42151,4222,554,1204,319,NO ERROR,1523,0.79054498,0.20945502,0.0018747,0.86835871,0.08697802,0.01141303,0.02480377,0.00657176,0.03137554,7,7.8,52.71,47.65,52.35,"52,911","53,122","50,390","50,491","50,342","51,280","52,251","53,512","48,540","48,541","56,621","57,372","54,420","54,531","53,872","54,870","55,911","57,262","51,940","51,451",91,"42,151",554,"4,222","1,204",319,"1,523"
-8586294.6015,4726163.446,2508,S2005150093,15,Montgomery,0,None,Ramp 3 Fr Ramp 6 (fr Is270) To Md 187b,RP,270,  ,0.01,0,0.026,Exit 1b Ramp 3 Fr Ramp 6 (fr Is 270 Eb) To Md 187b Nb,Exit 1b Ramp 03 Ramp 6 Fr Is 270 Eb To Md 187b Sb To Rockledge Blvd,Urban,1,Interstate,15000RP00270  02SSIS1B        03,15000RP00270--101B03,2,South,2,F,0,9.16,100,0,100,0.0538,https://maps.roads.maryland.gov/itms_public/?stationid=S2005150093,,5840,7210,7281,7272,7453,7614,5660,5631,5672,,6190,7640,7721,7642,7833,8004,5890,5861,5902,,,,,,,NO ERROR,,,,,,,,,,,2,9.16,100,0,100,N/A,"5,840","7,210","7,281","7,272","7,453","7,614","5,660","5,631","5,672",N/A,"6,190","7,640","7,721","7,642","7,833","8,004","5,890","5,861","5,902",N/A,N/A,N/A,N/A,N/A,N/A,N/A
-8591559.5904,4739275.799,2511,S2001150153,15,Montgomery,0,None,Ramp 8 Fr Md 355 Sb To Is 370 Wb,RP,370,  ,0.05,0,0.24,Exit 2 Ramp 8 Fr Md 355 Sb To Is 370 Wb,Exit 2 Ramp 8 Fr Md 355 Sb To Is 370 Wb,Urban,1,Interstate,15000RP00370  02SSIS2         08,15000RP00370--100208,2,West,1,F,0,7.2,100,0,100,0.4469,https://maps.roads.maryland.gov/itms_public/?stationid=S2001150153,,,,,7830,8021,8192,5090,5061,5102,,,,,8220,8421,8602,5290,5261,5312,,,,,,,NO ERROR,,,,,,,,,,,1,7.2,100,0,100,N/A,N/A,N/A,N/A,"7,830","8,021","8,192","5,090","5,061","5,102",N/A,N/A,N/A,N/A,"8,220","8,421","8,602","5,290","5,261","5,312",N/A,N/A,N/A,N/A,N/A,N/A,N/A
-8589042.5185,4719737.1227,2513,S2006150040,15,Montgomery,0,None,Ramp 9 Fr Is 495x To Ramp 4 (to Md190),RP,495,  ,0.05,0,0.14,Exit 39 Ramp 9 Fr Is 495x Nb To Ramp 4 (to Md 190 Eb),Exit 39 Ramp 09 Cabin John Pkwy To Ramp 4 Fr Is 495 Nb To Md 190 Eb,Urban,1,Interstate,15000RP00495  02NNIS39        09,15000RP00495--103909,2,East,1,F,0,19.6,100,100,0,0.1258,https://maps.roads.maryland.gov/itms_public/?stationid=S2006150040,10014,10025,2050,2071,2072,2123,2174,2235,2440,2461,10624,10635,2170,2201,2182,2233,2284,2325,2540,2561,,,,,,,NO ERROR,,,,,,,,,,,1,19.6,100,100,0,"10,014","10,025","2,050","2,071","2,072","2,123","2,174","2,235","2,440","2,461","10,624","10,635","2,170","2,201","2,182","2,233","2,284","2,325","2,540","2,561",N/A,N/A,N/A,N/A,N/A,N/A,N/A
-8582433.8801,4720771.8896,2514,S2012150745,15,Montgomery,0,None,Woodmont Ave,CO,385,  ,0.15,0,0.7,Woodmont Ave - Between Md 355 & Battery La,Md 355 To Md 187,Urban,5,Major Collector,15000CO00385  01SS**************,15000CO00385--1-----,1,South,3,F,0,9.22,60.18,31.33,68.67,3.9196,https://maps.roads.maryland.gov/itms_public/?stationid=S2012150745,,,15210,15241,15202,15603,15904,16295,15340,15341,,,16430,16461,16272,16703,17024,17275,16260,16881,,,,,,,NO ERROR,,,,,,,,,,,3,9.22,60.18,31.33,68.67,N/A,N/A,"15,210","15,241","15,202","15,603","15,904","16,295","15,340","15,341",N/A,N/A,"16,430","16,461","16,272","16,703","17,024","17,275","16,260","16,881",N/A,N/A,N/A,N/A,N/A,N/A,N/A
-8580101.5081,4729200.658,2515,B2906,15,Montgomery,0,None,Veirs Mill Rd,MD,586,  ,3.91,3.48,4.01,Md586-.10 Mi W Of Md185,Randolph Rd To Md 185,Urban,3,Principal Arterial Other,15000MD00586  01EE**************,15000MD00586--1-----,1,East,6,F,0,8.62,52.94,51.6,48.4,7.5931,https://maps.roads.maryland.gov/itms_public/?stationid=B2906,39420,39581,37700,37781,37672,39090,39831,40792,39250,39251,42180,42751,40720,40801,40312,41830,42621,43652,42000,41611,242,34009,3429,345,952,274,NO ERROR,1226,0.77650897,0.22349103,0.00616545,0.86644926,0.08736083,0.00878958,0.02425416,0.00698071,0.03123487,6,8.62,52.94,51.6,48.4,"39,420","39,581","37,700","37,781","37,672","39,090","39,831","40,792","39,250","39,251","42,180","42,751","40,720","40,801","40,312","41,830","42,621","43,652","42,000","41,611",242,"34,009",345,"3,429",952,274,"1,226"
-8585327.9453,4724857.2757,2517,B2805,15,Montgomery,0,None,Old Georgetown Rd,MD,187,  ,3.15,2.64,3.764,Md187-.50 Mi N Of Is495,Is 495 To Is 270,Urban,3,Principal Arterial Other,15000MD00187  01NN**************,15000MD00187--1-----,1,North,7,F,0,9.06,60.85,50.84,49.16,17.9538,https://maps.roads.maryland.gov/itms_public/?stationid=B2805,45672,48020,47641,47742,47080,48301,49222,44160,43761,43762,48872,51860,51451,51562,50380,51681,52672,47250,46821,46392,79,36631,5079,282,1464,227,NO ERROR,1691,0.86575991,0.13424009,0.00180522,0.83705041,0.1160596,0.00644395,0.03345368,0.00518715,0.03864083,7,9.06,60.85,50.84,49.16,"45,672","48,020","47,641","47,742","47,080","48,301","49,222","44,160","43,761","43,762","48,872","51,860","51,451","51,562","50,380","51,681","52,672","47,250","46,821","46,392",79,"36,631",282,"5,079","1,464",227,"1,691"
-8595143.6665,4742037.404,2518,S1999150075,15,Montgomery,0,None,Ramp 1 Fr Is 270 Nb To Md 117 Wb,RP,270,  ,0.1,0,0.24,Exit 10 Ramp 1 Fr Is 270 Nb To Md 117 Wb,Exit 10 Ramp 01 Eisenhower Memorial Hwy To W Diamond Ave,Urban,1,Interstate,15000RP00270  02NNIS10        01,15000RP00270--101001,2,West,2,F,0,7.75,100,0,100,1.5725,https://maps.roads.maryland.gov/itms_public/?stationid=S1999150075,14842,14863,14944,15085,14720,15071,15392,15763,17820,17951,15732,15763,15844,15995,15460,15831,16162,16393,18530,18671,,,,,,,NO ERROR,,,,,,,,,,,2,7.75,100,0,100,"14,842","14,863","14,944","15,085","14,720","15,071","15,392","15,763","17,820","17,951","15,732","15,763","15,844","15,995","15,460","15,831","16,162","16,393","18,530","18,671",N/A,N/A,N/A,N/A,N/A,N/A,N/A
-8593092.159,4742865.3311,2519,B150031,15,Montgomery,0,None,N Summit Ave,CO,4241,  ,0.4,0.3,0.62,N. Summit Ave-.10 Mi N Of Park Ave,Park Ave To Girard St,Urban,4,Minor Arterial,15000CO04241  01NN**************,15000CO04241--1-----,1,North,2,F,0,8.7,60.9,51.29,48.71,1.3259,https://maps.roads.maryland.gov/itms_public/?stationid=B150031,11622,12080,11981,12012,11983,12304,12545,11450,11351,11352,12442,13050,12941,12972,12823,13174,13435,12250,12151,12032,,,,,,,NO ERROR,,,,,,,,,,,2,8.7,60.9,51.29,48.71,"11,622","12,080","11,981","12,012","11,983","12,304","12,545","11,450","11,351","11,352","12,442","13,050","12,941","12,972","12,823","13,174","13,435","12,250","12,151","12,032",N/A,N/A,N/A,N/A,N/A,N/A,N/A
-8594642.9226,4736694.3442,2522,B150005,15,Montgomery,0,None,Great Seneca Hwy,MD,119,  ,0.1,0,0.51,Md119-.10 Mi N Of Md28,Md 28 To Sam Eig Hwy,Urban,3,Principal Arterial Other,15000MD00119  01NN**************,15000MD00119--1-----,1,North,5,F,0,10.27,76.74,52.74,47.26,4.6765,https://maps.roads.maryland.gov/itms_public/?stationid=B150005,19672,26870,26661,26712,26750,27451,27972,25350,25121,25122,21052,29020,28791,28852,28620,29371,29932,27130,26881,26632,30,21996,2521,78,417,80,NO ERROR,497,0.83903421,0.16096579,0.00119417,0.87556723,0.10035029,0.00310485,0.016599,0.00318446,0.01978346,5,10.27,76.74,52.74,47.26,"19,672","26,870","26,661","26,712","26,750","27,451","27,972","25,350","25,121","25,122","21,052","29,020","28,791","28,852","28,620","29,371","29,932","27,130","26,881","26,632",30,"21,996",78,"2,521",417,80,497
-8588381.7472,4729657.7256,2524,B2935,15,Montgomery,0,None,Montrose Rd,MD,927,  ,1.58,1.38,1.65,Md927-.20 Mi E Of Is270,Is 270 To Tower Oaks Blvd,Urban,3,Principal Arterial Other,15000MD00927  01EE**************,15000MD00927--1-----,1,West,4,C,0,7.98,62.13,38.19,61.81,5.0674,https://maps.roads.maryland.gov/itms_public/?stationid=B2935,51270,51481,51072,54140,53981,55392,55510,56841,56332,51420,54860,55601,55162,58470,57761,59272,59400,60821,60282,54510,,,,,,,NO ERROR,,,,,,,,,,,4,7.98,62.13,38.19,61.81,"51,270","51,481","51,072","54,140","53,981","55,392","55,510","56,841","56,332","51,420","54,860","55,601","55,162","58,470","57,761","59,272","59,400","60,821","60,282","54,510",N/A,N/A,N/A,N/A,N/A,N/A,N/A
-8593056.2549,4726739.8334,2533,S2012150710,15,Montgomery,0,None,Bells Mill Rd                           ,CO,165,  ,0.09,0,1.27,Bells Mill Rd - .10 Mile East Of Md 189,Md 189 To Gainsborough Rd,Urban,5,Major Collector,15000CO00165  01EE**************,15000CO00165--1-----,1,East,2,F,0,10.94,65.63,51.03,48.97,1.3587,https://maps.roads.maryland.gov/itms_public/?stationid=S2012150710,,,2730,2741,2732,2803,2864,2935,2930,2931,,,2950,2961,2922,3003,3064,3115,3110,3221,,,,,,,NO ERROR,,,,,,,,,,,2,10.94,65.63,51.03,48.97,N/A,N/A,"2,730","2,741","2,732","2,803","2,864","2,935","2,930","2,931",N/A,N/A,"2,950","2,961","2,922","3,003","3,064","3,115","3,110","3,221",N/A,N/A,N/A,N/A,N/A,N/A,N/A
-8590812.3728,4727454.9047,2546,S2012150802,15,Montgomery,0,None,Gainsborough Rd                         ,CO,1757,  ,1.59,1.55,3.01,Gainsborough Rd - Between Tuckerman La & Fox Run,Tuckerman La To Gainsborough Rd (ahead),Urban,5,Major Collector,15000CO01757  01SS**************,15000CO01757--1-----,1,South,3,F,0,11.8,53.45,50.85,49.15,2.3613,https://maps.roads.maryland.gov/itms_public/?stationid=S2012150802,,,4510,4521,4512,4633,4724,4845,4430,4431,,,4870,4881,4832,4963,5064,5145,4700,4871,,,,,,,NO ERROR,,,,,,,,,,,3,11.8,53.45,50.85,49.15,N/A,N/A,"4,510","4,521","4,512","4,633","4,724","4,845","4,430","4,431",N/A,N/A,"4,870","4,881","4,832","4,963","5,064","5,145","4,700","4,871",N/A,N/A,N/A,N/A,N/A,N/A,N/A
-8592930.0571,4748928.0891,2550,S2012150860,15,Montgomery,0,None,Wightman Rd                             ,CO,4139,  ,1.07,1.02,1.38,Wightman Rd -.10 Mi South Of Montgomery Village Ave,Montgomery Village Ave To Snouffers School Rd,Urban,4,Minor Arterial,15000CO04139  01SS**************,15000CO04139--1-----,1,North,2,F,0,8.44,54.71,48.51,51.49,1.9304,https://maps.roads.maryland.gov/itms_public/?stationid=S2012150860,,,12840,12871,12832,13173,13424,13755,14690,14691,,,13870,13901,13732,14103,14364,14725,15720,15571,,,,,,,NO ERROR,,,,,,,,,,,2,8.44,54.71,48.51,51.49,N/A,N/A,"12,840","12,871","12,832","13,173","13,424","13,755","14,690","14,691",N/A,N/A,"13,870","13,901","13,732","14,103","14,364","14,725","15,720","15,571",N/A,N/A,N/A,N/A,N/A,N/A,N/A
-8582505.1528,4723368.6859,2551,B2957,15,Montgomery,0,None,Rockville Pike,MD,355,  ,3.59,3.22,3.68,Md355-.40 Mi S Of Is495,Cedar La To Alta Vista Rd,Urban,3,Principal Arterial Other,15000MD00355  01NN**************,15000MD00355--1-----,1,South,7,F,1,7.88,68.85,49.07,50.93,9.1809,https://maps.roads.maryland.gov/itms_public/?stationid=B2957,59601,59842,63770,63901,63712,55700,56761,58122,54680,54681,63771,64632,68870,69011,68172,59600,60731,62192,58510,57961,,,,,,,NO ERROR,,,,,,,,,,,7,7.88,68.85,49.07,50.93,"59,601","59,842","63,770","63,901","63,712","55,700","56,761","58,122","54,680","54,681","63,771","64,632","68,870","69,011","68,172","59,600","60,731","62,192","58,510","57,961",N/A,N/A,N/A,N/A,N/A,N/A,N/A
-8607791.7694,4761478.7432,2553,S2007150041,15,Montgomery,0,None,Ramp 6 Fr Md 109 Eb To Is 270 Sb,RP,270,  ,0.01,0,0.02,Exit 22 Ramp 6 Fr Md 109 Eb To Is 270 Sb,Exit 22 Ramp 06 Old Hundred Rd To Ramp 7 Fr Md 109 Wb To Ramp 6 (to Is270),Rural,1,Interstate,15000RP00270  02SSIS22        06,15000RP00270--102206,2,South,1,F,0,9.48,100,0,100,0.0029,https://maps.roads.maryland.gov/itms_public/?stationid=S2007150041,433,434,445,470,471,482,493,390,391,392,443,464,475,500,501,512,523,410,411,412,,,,,,,NO ERROR,,,,,,,,,,,1,9.48,100,0,100,433,434,445,470,471,482,493,390,391,392,443,464,475,500,501,512,523,410,411,412,N/A,N/A,N/A,N/A,N/A,N/A,N/A
-8584746.7985,4729349.1107,2555,S2010150045,15,Montgomery,0,None,Ramp 6 Fr Montrose Rd To Md 355 Sb,RP,355,  ,0.04,0,0.09,Exit 7 Ramp 6 Fr Montrose Rd To Md 355 Sb,Exit 7  Ramp 06 Hoya St To Rockville Pike,Urban,3,Principal Arterial Other,15000RP00355  02SSMD7         06,15000RP00355--100706,2,South,2,F,0,9.05,100,0,100,0.0825,https://maps.roads.maryland.gov/itms_public/?stationid=S2010150045,3820,3841,3390,3401,3392,3483,3554,3645,2510,2511,4090,4151,3660,3671,3632,3733,3804,3905,2690,2661,,,,,,,NO ERROR,,,,,,,,,,,2,9.05,100,0,100,"3,820","3,841","3,390","3,401","3,392","3,483","3,554","3,645","2,510","2,511","4,090","4,151","3,660","3,671","3,632","3,733","3,804","3,905","2,690","2,661",N/A,N/A,N/A,N/A,N/A,N/A,N/A
-8589172.6894,4744199.8621,2556,B150091,15,Montgomery,0,None,Muncaster Mill Rd,MD,115,  ,0.2,0,1.02,Md115-.20 Mi E Of Md124,Md 124 To Shady Grove Rd,Urban,4,Minor Arterial,15000MD00115  01EE**************,15000MD00115--1-----,1,East,3,F,0,8.26,52.88,49.87,50.13,7.5357,https://maps.roads.maryland.gov/itms_public/?stationid=B150091,19651,19732,19480,19521,19462,19973,20354,20845,20240,20241,21031,21312,21040,21081,20822,21373,21784,22305,21660,21461,,,,,,,NO ERROR,,,,,,,,,,,3,8.26,52.88,49.87,50.13,"19,651","19,732","19,480","19,521","19,462","19,973","20,354","20,845","20,240","20,241","21,031","21,312","21,040","21,081","20,822","21,373","21,784","22,305","21,660","21,461",N/A,N/A,N/A,N/A,N/A,N/A,N/A
-8579210.4879,4743241.4157,2562,S2012150853,15,Montgomery,0,None,Morningwood Dr,CO,4012,  ,1.54,0,1.63,Morningwood Dr - .10 Mi West Of Md 97,Cashell Rd To Georgia Ave,Urban,5,Major Collector,15000CO04012  01EE**************,15000CO04012--1-----,1,West,2,F,0,8.92,58.27,48.64,51.36,2.9515,https://maps.roads.maryland.gov/itms_public/?stationid=S2012150853,,,4640,4651,4642,4763,4854,4975,4960,4961,,,5010,5021,4972,5103,5194,5275,5260,5461,,,,,,,NO ERROR,,,,,,,,,,,2,8.92,58.27,48.64,51.36,N/A,N/A,"4,640","4,651","4,642","4,763","4,854","4,975","4,960","4,961",N/A,N/A,"5,010","5,021","4,972","5,103","5,194","5,275","5,260","5,461",N/A,N/A,N/A,N/A,N/A,N/A,N/A
-8584510.9812,4716137.1007,2564,S2012150803,15,Montgomery,0,None,Cromwell Dr,CO,1854,  ,0.89,0,0.92,Cromwell Dr - Between Md 396 & Christy Dr,Ramsgate Rd To Massachusetts Ave,Urban,7,Local,15000CO01854  01SS**************,15000CO01854--1-----,1,South,2,F,0,10.42,59.22,48.85,51.15,0.8298,https://maps.roads.maryland.gov/itms_public/?stationid=S2012150803,,,1920,1921,1922,1973,2014,2065,2470,2471,,,2070,2081,2062,2113,2164,2195,2620,2721,,,,,,,NO ERROR,,,,,,,,,,,2,10.42,59.22,48.85,51.15,N/A,N/A,"1,920","1,921","1,922","1,973","2,014","2,065","2,470","2,471",N/A,N/A,"2,070","2,081","2,062","2,113","2,164","2,195","2,620","2,721",N/A,N/A,N/A,N/A,N/A,N/A,N/A
-8589838.9491,4740211.9441,2569,S2001150159,15,Montgomery,0,None,Exit 1 Ramp 7 Fr Shady Grove Rd Wb To Ramp 6 (to Md 200a Sb),RP,200,A ,0.03,0,0.065,Exit 1 Ramp 7 Fr Shady Grove Rd Wb To Ramp 6 (to Md 200a Sb),Exit 1  Ramp 07 Shady Grove Rd Wb To Ramp 6 (to Md 200a Sb),Urban,3,Principal Arterial Other,15000RP00200A 02SSMD1         07,15000RP00200A-100107,2,South,1,F,0,21.56,100,0,100,0.0657,https://maps.roads.maryland.gov/itms_public/?stationid=S2001150159,,,2470,2481,2472,2543,2594,2665,2770,2771,,,2670,2681,2652,2723,2784,2855,2960,2941,,,,,,,NO ERROR,,,,,,,,,,,1,21.56,100,0,100,N/A,N/A,"2,470","2,481","2,472","2,543","2,594","2,665","2,770","2,771",N/A,N/A,"2,670","2,681","2,652","2,723","2,784","2,855","2,960","2,941",N/A,N/A,N/A,N/A,N/A,N/A,N/A
-8586309.0857,4726163.077,2570,S2005150095,15,Montgomery,0,None,Ramp 6 Fr Is 270 Eb To Md 187b Sb,RP,270,  ,0.24,0.237,0.261,Exit 1b Ramp 6 Fr Is 270 Eb To Md 187b Sb,Exit 1b Ramp 06 Ramp 3 Fr Ramp 6 (fr Is270) To Md 187b To Rockledge Blvd,Urban,1,Interstate,15000RP00270  02SSIS1B        06,15000RP00270--101B06,2,South,1,F,0,15.16,100,0,100,0.0401,https://maps.roads.maryland.gov/itms_public/?stationid=S2005150095,5305,7460,5290,5341,5342,5473,5594,4570,4541,4572,5605,7910,5610,5661,5612,5753,5874,4750,4721,4762,,,,,,,NO ERROR,,,,,,,,,,,1,15.16,100,0,100,"5,305","7,460","5,290","5,341","5,342","5,473","5,594","4,570","4,541","4,572","5,605","7,910","5,610","5,661","5,612","5,753","5,874","4,750","4,721","4,762",N/A,N/A,N/A,N/A,N/A,N/A,N/A
-8590082.5524,4740714.7186,2572,S2012151316,15,Montgomery,0,None,Ramp 4 Fr Rp 1 (fr 200a Nb) To Md 200 Eb,RP,370,  ,0.02,0,0.06,Exit 3 Ramp 4 Fr Ramp 1 (fr Md 200a Nb) To Md 200 Eb,Exit 3  Ramp 04 Ramp 1 Fr Md 200a Nb To Is 370 Wb To Ramp 11 Fr Shady Grove Rd Sb To Ramp 4,Urban,1,Interstate,15000RP00370  02NNIS3         04,15000RP00370--100304,2,East,1,F,0,9.31,100,100,0,0.1671,https://maps.roads.maryland.gov/itms_public/?stationid=S2012151316,,,940,951,952,983,1004,7630,7581,7632,,,1000,1011,1002,1033,1054,7940,7881,7942,,,,,,,NO ERROR,,,,,,,,,,,1,9.31,100,100,0,N/A,N/A,940,951,952,983,"1,004","7,630","7,581","7,632",N/A,N/A,"1,000","1,011","1,002","1,033","1,054","7,940","7,881","7,942",N/A,N/A,N/A,N/A,N/A,N/A,N/A
-8581850.2517,4719368.8167,2576,B2890,15,Montgomery,0,None,Montgomery Ave,MD,410,  ,0.1,0,0.45,Md410-.10 Mi E Of Md355 (one Way Couplet Eb - Wb See B150085),Md 355 To Md 410 (wb/l),Urban,3,Principal Arterial Other,15000MD00410  01EE**************,15000MD00410--1-----,1,East,3,C,1,9.65,100,100,0,2.3521,https://maps.roads.maryland.gov/itms_public/?stationid=B2890,16972,16190,16061,15200,15151,15552,14980,15341,15202,14320,18162,17490,17351,16420,16211,16642,16030,16421,16272,15180,,,,,,,NO ERROR,,,,,,,,,,,3,9.65,100,100,0,"16,972","16,190","16,061","15,200","15,151","15,552","14,980","15,341","15,202","14,320","18,162","17,490","17,351","16,420","16,211","16,642","16,030","16,421","16,272","15,180",N/A,N/A,N/A,N/A,N/A,N/A,N/A
-8600251.175,4748042.8876,2580,S2009150027,15,Montgomery,0,None,Ramp 5 Fr Ramp 8 (fr Is270) To Md 118 Eb,RP,270,  ,0.04,0,0.08,Exit 15 Ramp 5 Fr Ramp 8 (fr Is 270 Sb) To Md 118 Eb,Exit 15 Ramp 05 Ramp 8 Fr Is 270 Sb To Md 118 Wb To Germantown Rd,Urban,1,Interstate,15000RP00270  02SSIS15        05,15000RP00270--101505,2,East,2,F,0,9.33,100,100,0,0.0605,https://maps.roads.maryland.gov/itms_public/?stationid=S2009150027,1311,1312,1323,1344,1345,1690,1731,1772,2060,2071,1391,1392,1403,1434,1415,1780,1821,1842,2140,2151,,,,,,,NO ERROR,,,,,,,,,,,2,9.33,100,100,0,"1,311","1,312","1,323","1,344","1,345","1,690","1,731","1,772","2,060","2,071","1,391","1,392","1,403","1,434","1,415","1,780","1,821","1,842","2,140","2,151",N/A,N/A,N/A,N/A,N/A,N/A,N/A
-8571158.5542,4718205.95,2582,B3260,15,Montgomery,0,None,Ethan Allen Ave,MD,410,  ,6.21,5.63,6.31,Md410-.10 Mi W Of Md650,Md 195 To Md 650,Urban,4,Minor Arterial,15000MD00410  01EE**************,15000MD00410--1-----,1,East,3,F,1,7.62,57.34,49.75,50.25,2.8126,https://maps.roads.maryland.gov/itms_public/?stationid=B3260,10642,11110,11021,11042,11340,11641,11862,11430,11331,11332,11392,12000,11901,11932,12130,12461,12692,12230,12121,12012,252,9507,954,208,336,75,NO ERROR,411,0.81751825,0.18248175,0.02223791,0.83895164,0.08418637,0.0183551,0.02965055,0.00661843,0.03626897,3,7.62,57.34,49.75,50.25,"10,642","11,110","11,021","11,042","11,340","11,641","11,862","11,430","11,331","11,332","11,392","12,000","11,901","11,932","12,130","12,461","12,692","12,230","12,121","12,012",252,"9,507",208,954,336,75,411
-8578449.6059,4745923.1269,2583,B150117,15,Montgomery,0,None,Heritage Hills Dr,CO,4086,  ,0.1,0,1.36,Heritage Hills Dr-.10 Mi W Of Md97,Md 97 To Md 108,Urban,5,Major Collector,15000CO04086  01WW**************,15000CO04086--1-----,1,East,2,F,0,10.72,53.3,50.58,49.42,0.899,https://maps.roads.maryland.gov/itms_public/?stationid=B150117,1961,1972,1740,1741,1742,1770,1801,1842,1810,1811,2101,2132,1880,1881,1862,1890,1931,1972,1940,1921,6,1505,205,0,93,2,NO ERROR,95,0.97894737,0.02105263,0.00331309,0.83103258,0.11319713,0,0.05135284,0.00110436,0.05245721,2,10.72,53.3,50.58,49.42,"1,961","1,972","1,740","1,741","1,742","1,770","1,801","1,842","1,810","1,811","2,101","2,132","1,880","1,881","1,862","1,890","1,931","1,972","1,940","1,921",6,"1,505",0,205,93,2,95
-8570798.7329,4738117.991,2585,B2918,15,Montgomery,0,None,New Hampshire Ave,MD,650,  ,10.5,9.98,11,Md650-.50 Mi S Of Md198,Briggs Chaney Rd To Md 198,Urban,3,Principal Arterial Other,15000MD00650  01NN**************,15000MD00650--1-----,1,North,4,F,2,9.28,62.09,52.02,47.98,5.1865,https://maps.roads.maryland.gov/itms_public/?stationid=B2918,14060,15360,14140,14171,14132,14900,14230,14580,13930,13931,15040,16590,15270,15311,15122,15940,15230,15600,14910,14771,36,11103,2014,77,575,126,NO ERROR,701,0.82025678,0.17974322,0.00258416,0.7969995,0.14456966,0.00552724,0.04127485,0.00904458,0.05031943,4,9.28,62.09,52.02,47.98,"14,060","15,360","14,140","14,171","14,132","14,900","14,230","14,580","13,930","13,931","15,040","16,590","15,270","15,311","15,122","15,940","15,230","15,600","14,910","14,771",36,"11,103",77,"2,014",575,126,701
-8570551.6867,4727836.7502,2596,S2001150033,15,Montgomery,0,None,Ramp 3 Fr Us 29 Eb To Md 650 Nb,RP,29,  ,0.1,0,0.18,Exit 3 Ramp 3 Fr Us 29 Eb To Md 650 Nb,Exit 3  Ramp 03 Columbia Pike To New Hampshire Ave,Urban,2,Principal Arterial Other Freeways and Expressways,15000RP00029  02EEUS3         03,15000RP00029--100303,2,East,1,F,0,10.17,100,100,0,0.3634,https://maps.roads.maryland.gov/itms_public/?stationid=S2001150033,5394,5080,5090,5101,5092,5223,5324,5455,5530,5531,5774,5490,5500,5511,5452,5593,5704,5845,5920,5861,,,,,,,NO ERROR,,,,,,,,,,,1,10.17,100,100,0,"5,394","5,080","5,090","5,101","5,092","5,223","5,324","5,455","5,530","5,531","5,774","5,490","5,500","5,511","5,452","5,593","5,704","5,845","5,920","5,861",N/A,N/A,N/A,N/A,N/A,N/A,N/A
-8594887.0337,4746011.2648,2602,S2012150848,15,Montgomery,0,None,Watkins Mill Rd,CO,3770,  ,1.04,0.63,1.09,Watkins Mill Rd - Between Kindly Ct & Stedwick Rd,Watkins Mill Rd (back) To Stedwick Rd,Urban,4,Minor Arterial,15000CO03770  01NN**************,15000CO03770--1-----,1,North,2,F,0,8.06,52.67,50.6,49.4,1.4508,https://maps.roads.maryland.gov/itms_public/?stationid=S2012150848,,,8730,8751,8732,8963,9134,9355,8640,8641,,,9430,9451,9342,9593,9774,10015,9250,9161,,,,,,,NO ERROR,,,,,,,,,,,2,8.06,52.67,50.6,49.4,N/A,N/A,"8,730","8,751","8,732","8,963","9,134","9,355","8,640","8,641",N/A,N/A,"9,430","9,451","9,342","9,593","9,774","10,015","9,250","9,161",N/A,N/A,N/A,N/A,N/A,N/A,N/A
-8600756.7716,4750223.8636,2608,S1997150022,15,Montgomery,0,None,Ramp 2 Fr Ridge Rd Wb To Is 270 Nb,RP,270,  ,0.1,0,0.35,Exit 16 Ramp 2 Fr Ridge Rd Wb To Is 270 Nb,Exit 16 Ramp 02 Ridge Rd To Eisenhower Memorial Hwy,Urban,1,Interstate,15000RP00270  02WWIS16        02,15000RP00270--101602,2,North,1,F,0,9.93,100,100,0,0.294,https://maps.roads.maryland.gov/itms_public/?stationid=S1997150022,2201,2202,2213,2234,2235,2300,2351,2412,2280,2301,2331,2332,2353,2374,2355,2420,2471,2512,2370,2391,,,,,,,NO ERROR,,,,,,,,,,,1,9.93,100,100,0,"2,201","2,202","2,213","2,234","2,235","2,300","2,351","2,412","2,280","2,301","2,331","2,332","2,353","2,374","2,355","2,420","2,471","2,512","2,370","2,391",N/A,N/A,N/A,N/A,N/A,N/A,N/A
-8601039.6782,4749834.8674,2610,S1997150018,15,Montgomery,0,None,Ramp 6 Fr Father Hurley Blvd To Is270 Sb,RP,270,  ,0.1,0,0.35,Exit 16 Ramp 6 Fr Father Hurley Blvd Eb To Is 270 Sb,Exit 16 Ramp 06 Father Hurley Blvd To Eisenhower Memorial Hwy,Urban,1,Interstate,15000RP00270  02SSIS16        06,15000RP00270--101606,2,South,1,F,0,9,100,0,100,0.5303,https://maps.roads.maryland.gov/itms_public/?stationid=S1997150018,3651,3662,3683,3724,3725,4050,4141,4242,4120,4151,3871,3882,3903,3954,3915,4250,4351,4412,4290,4321,,,,,,,NO ERROR,,,,,,,,,,,1,9,100,0,100,"3,651","3,662","3,683","3,724","3,725","4,050","4,141","4,242","4,120","4,151","3,871","3,882","3,903","3,954","3,915","4,250","4,351","4,412","4,290","4,321",N/A,N/A,N/A,N/A,N/A,N/A,N/A
-8590253.9028,4741092.7932,2612,S2012151315,15,Montgomery,0,None,Ramp 7 Fr Md 200 Wb To Md 200a Sb,RP,370,  ,0.15,0,0.57,Exit 3 Ramp 7 Fr Md 200 Wb To Md 200a Sb,Exit 3  Ramp 07 Md 200 Wb To Md 200a Sb,Urban,1,Interstate,15000RP00370  02SSIS3         07,15000RP00370--100307,2,South,1,F,0,9.85,100,0,100,0.766,https://maps.roads.maryland.gov/itms_public/?stationid=S2012151315,,,2500,2521,2522,2583,2644,3670,3651,3682,,,2650,2671,2652,2713,2784,3820,3801,3832,,,,,,,NO ERROR,,,,,,,,,,,1,9.85,100,0,100,N/A,N/A,"2,500","2,521","2,522","2,583","2,644","3,670","3,651","3,682",N/A,N/A,"2,650","2,671","2,652","2,713","2,784","3,820","3,801","3,832",N/A,N/A,N/A,N/A,N/A,N/A,N/A
-8574443.6234,4720924.9426,2616,S2012150763,15,Montgomery,0,None,Wayne Ave,MD,594,A ,0.06,0,1.02,Md 594a (wayne Ave) - 100ft West Of Pershing Dr,Us 29 To Sligo Creek Pkwy,Urban,5,Major Collector,15000MD00594A 01EE**************,15000MD00594A-1-----,1,East,4,F,0,8.54,60.24,48.92,51.08,5.4844,https://maps.roads.maryland.gov/itms_public/?stationid=S2012150763,,,13440,13471,13432,13783,14054,14395,14730,14731,,,14520,14551,14372,14753,15044,15265,15610,16201,,,,,,,NO ERROR,,,,,,,,,,,4,8.54,60.24,48.92,51.08,N/A,N/A,"13,440","13,471","13,432","13,783","14,054","14,395","14,730","14,731",N/A,N/A,"14,520","14,551","14,372","14,753","15,044","15,265","15,610","16,201",N/A,N/A,N/A,N/A,N/A,N/A,N/A
-8594024.8473,4738867.7622,2621,S2005150080,15,Montgomery,0,None,Ramp 6 Fr Is 370 Eb To Ramp 7 (to Is270),RP,270,  ,0.05,0,0.18,Exit 9 Ramp 6 Fr Is 370 Eb To Ramp 7 (to Is 270 Sb),Exit 9  Ramp 06 No Name To Ramp 7 Fr Is 370 Wb To Is 270 Sb,Urban,1,Interstate,15000RP00270  02SSIS9         06,15000RP00270--100906,2,South,2,F,0,8,100,0,100,0.7333,https://maps.roads.maryland.gov/itms_public/?stationid=S2005150080,11694,12160,12221,12332,12323,10990,11221,11492,11080,11161,12404,12890,12951,13072,12943,11540,11781,11952,11520,11611,,,,,,,NO ERROR,,,,,,,,,,,2,8,100,0,100,"11,694","12,160","12,221","12,332","12,323","10,990","11,221","11,492","11,080","11,161","12,404","12,890","12,951","13,072","12,943","11,540","11,781","11,952","11,520","11,611",N/A,N/A,N/A,N/A,N/A,N/A,N/A
-8585098.7309,4716388.7884,2625,S2012150751,15,Montgomery,0,None,Sangamore Rd,CO,507,  ,0.11,0,0.9,Sangamore Rd - Between Md 396 & Walhonding Rd,Osceola Rd To Overlea Rd,Urban,5,Major Collector,15000CO00507  01SS**************,15000CO00507--1-----,1,South,2,F,0,8.58,59.5,42.16,57.84,2.7926,https://maps.roads.maryland.gov/itms_public/?stationid=S2012150751,,,8120,8141,8122,8333,8494,8705,8500,8501,,,8770,8791,8692,8923,9094,9235,9010,9351,,,,,,,NO ERROR,,,,,,,,,,,2,8.58,59.5,42.16,57.84,N/A,N/A,"8,120","8,141","8,122","8,333","8,494","8,705","8,500","8,501",N/A,N/A,"8,770","8,791","8,692","8,923","9,094","9,235","9,010","9,351",N/A,N/A,N/A,N/A,N/A,N/A,N/A
-8587691.7535,4724815.0469,2626,S2004150050,15,Montgomery,0,None,Ramp 5 Fr Ramp 8 To Democracy Blvd Eb,RP,270,Y ,0.02,0,0.04,Exit 1 Ramp 5 Fr Ramp 8 (fr Is 270y Sb) To Democracy Blvd Eb,Exit 1  Ramp 05 Ramp 8 Fr Is 270y Sb To Democracy Blvd To Democracy Blvd,Urban,1,Interstate,15000RP00270Y 02SSIS1         05,15000RP00270Y-100105,2,East,2,F,0,10.74,100,100,0,0.0924,https://maps.roads.maryland.gov/itms_public/?stationid=S2004150050,3364,3375,3170,3201,3202,3283,3354,6320,6281,6332,3574,3585,3360,3391,3362,3453,3524,6570,6531,6592,,,,,,,NO ERROR,,,,,,,,,,,2,10.74,100,100,0,"3,364","3,375","3,170","3,201","3,202","3,283","3,354","6,320","6,281","6,332","3,574","3,585","3,360","3,391","3,362","3,453","3,524","6,570","6,531","6,592",N/A,N/A,N/A,N/A,N/A,N/A,N/A
-8590730.8015,4718835.9765,2630,B2953,15,Montgomery,0,None,Persimmon Tree Rd,CO,781,  ,0.46,0,1.99,Persimmon Tree Rd-.10 Mi S Of Is495,Mcarthur Blvd To Bradley Blvd,Urban,4,Minor Arterial,15000CO00781  01NN**************,15000CO00781--1-----,1,South,2,F,0,10.78,72.84,49.43,50.57,2.0207,https://maps.roads.maryland.gov/itms_public/?stationid=B2953,2931,2850,2831,2842,2833,2914,2975,2800,2781,2782,3141,3080,3061,3072,3033,3124,3195,3000,2981,2952,,,,,,,NO ERROR,,,,,,,,,,,2,10.78,72.84,49.43,50.57,"2,931","2,850","2,831","2,842","2,833","2,914","2,975","2,800","2,781","2,782","3,141","3,080","3,061","3,072","3,033","3,124","3,195","3,000","2,981","2,952",N/A,N/A,N/A,N/A,N/A,N/A,N/A
-8595686.3161,4743169.5364,2634,S1999150037,15,Montgomery,0,None,Ramp 2 Fr Md 124 Wb To Is 270 Nb,RP,270,  ,0.1,0,0.19,Exit 11 Ramp 2 Fr Md 124 Wb To Is 270 Nb,Exit 11 Ramp 02 Quince Orchard Rd To Eisenhower Memorial Hwy,Urban,1,Interstate,15000RP00270  02NNIS11        02,15000RP00270--101102,2,North,1,F,0,7.02,100,100,0,0.449,https://maps.roads.maryland.gov/itms_public/?stationid=S1999150037,5591,5602,5633,5684,5685,6180,6311,6462,6423,6474,5931,5942,5973,6034,5975,6490,6631,6722,6683,6734,,,,,,,NO ERROR,,,,,,,,,,,1,7.02,100,100,0,"5,591","5,602","5,633","5,684","5,685","6,180","6,311","6,462","6,423","6,474","5,931","5,942","5,973","6,034","5,975","6,490","6,631","6,722","6,683","6,734",N/A,N/A,N/A,N/A,N/A,N/A,N/A
-8587182.9835,4751021.2598,2635,B2749,15,Montgomery,0,None,Laytonsville Rd,MD,108,  ,7.95,7.4,10.86,Md108-.50 Mi E Of Brink Rd,Brink Rd To Zion Rd,Urban,4,Minor Arterial,15000MD00108  01EE**************,15000MD00108--1-----,1,East,2,F,1,9.19,79.54,49.57,50.43,11.6831,https://maps.roads.maryland.gov/itms_public/?stationid=B2749,10741,10542,8870,8831,8822,8960,9161,9362,9140,9251,11281,11392,9400,9451,9352,9500,9801,9832,9600,9621,46,6829,1673,32,523,148,NO ERROR,671,0.77943368,0.22056632,0.00497244,0.73819047,0.18084531,0.00345909,0.05653443,0.01599827,0.0725327,2,9.19,79.54,49.57,50.43,"10,741","10,542","8,870","8,831","8,822","8,960","9,161","9,362","9,140","9,251","11,281","11,392","9,400","9,451","9,352","9,500","9,801","9,832","9,600","9,621",46,"6,829",32,"1,673",523,148,671
-8580415.5676,4733526.7789,2636,B2799,15,Montgomery,0,None,Connecticut Ave,MD,185,  ,8.2,5.92,8.3,Md185-.10 Mi S Of Md97,Md 586 To Md 97,Urban,3,Principal Arterial Other,15000MD00185  01NN**************,15000MD00185--1-----,1,North,5,F,0,8.22,78.2,46.85,53.15,32.8047,https://maps.roads.maryland.gov/itms_public/?stationid=B2799,37530,37681,37382,36310,36201,37142,35710,36571,36242,37763,40160,40701,40372,39220,38741,39742,38210,39131,38782,38423,,,,,,,NO ERROR,,,,,,,,,,,5,8.22,78.2,46.85,53.15,"37,530","37,681","37,382","36,310","36,201","37,142","35,710","36,571","36,242","37,763","40,160","40,701","40,372","39,220","38,741","39,742","38,210","39,131","38,782","38,423",N/A,N/A,N/A,N/A,N/A,N/A,N/A
-8589248.0539,4720363.8698,2638,S2000150144,15,Montgomery,0,None,Ramp 5 Fr Ramp 11 (fr Is495) To Md 190,RP,495,  ,0.13,0.1,0.17,Exit 39 Ramp 5 Fr Ramp 11 (fr Is 495 Sb) To Md 190 Eb,Exit 39 Ramp 05 Ramp 8 Fr Ramp 5 (fr Is495) To Md 190 Wb To River Rd,Urban,1,Interstate,15000RP00495  02SSIS39        05,15000RP00495--103905,2,South,1,F,0,8.85,100,0,100,0.2502,https://maps.roads.maryland.gov/itms_public/?stationid=S2000150144,10204,10215,9230,9311,9302,9533,9734,9975,9720,9791,10824,10835,9780,9871,9772,10013,10224,10375,10110,10181,,,,,,,NO ERROR,,,,,,,,,,,1,8.85,100,0,100,"10,204","10,215","9,230","9,311","9,302","9,533","9,734","9,975","9,720","9,791","10,824","10,835","9,780","9,871","9,772","10,013","10,224","10,375","10,110","10,181",N/A,N/A,N/A,N/A,N/A,N/A,N/A
-8606576.0021,4748172.6718,2641,B2763,15,Montgomery,0,None,Barnesville Rd,MD,117,  ,5.13,0,5.23,Md117-.10 Mi W Of Md121,Md 28 To Md 121,Rural,7,Local,15000MD00117  01EE**************,15000MD00117--1-----,1,West,2,C,0,10.78,79.97,49.91,50.09,10.022,https://maps.roads.maryland.gov/itms_public/?stationid=B2763,5623,5524,5545,5010,5011,5132,5100,5211,5182,5250,5903,5974,5885,5360,5311,5442,5460,5521,5492,5570,,,,,,,NO ERROR,,,,,,,,,,,2,10.78,79.97,49.91,50.09,"5,623","5,524","5,545","5,010","5,011","5,132","5,100","5,211","5,182","5,250","5,903","5,974","5,885","5,360","5,311","5,442","5,460","5,521","5,492","5,570",N/A,N/A,N/A,N/A,N/A,N/A,N/A
-8593397.6044,4741774.2907,2647,S2012150929,15,Montgomery,63,Gaithersburg,Fulks Corner Ave,MU,644,  ,0.04,0,0.083,Fulks Corner Ave - Between Md 355 & Olde Towne Ave,W Diamond Ave To S Frederick Rd,Urban,5,Major Collector,15063MU00644  01SS**************,15063MU00644--1-----,1,South,2,F,0,9.19,53.13,56.89,43.11,0.0985,https://maps.roads.maryland.gov/itms_public/?stationid=S2012150929,,,3040,3051,3042,3123,3184,3265,3250,3251,,,3280,3301,3262,3343,3414,3465,3450,3581,,,,,,,NO ERROR,,,,,,,,,,,2,9.19,53.13,56.89,43.11,N/A,N/A,"3,040","3,051","3,042","3,123","3,184","3,265","3,250","3,251",N/A,N/A,"3,280","3,301","3,262","3,343","3,414","3,465","3,450","3,581",N/A,N/A,N/A,N/A,N/A,N/A,N/A
-8571116.1882,4719018.3686,2653,B150109,15,Montgomery,143,Takoma Park,Flower Ave,MU,460,  ,0.1,0,0.4,Flower Ave-.10 Mi N Of Sligo Creek Pkwy,Sligo Creek Pkwy To Md 195,Urban,5,Major Collector,15143MU00460  01NN**************,15143MU00460--1-----,1,South,2,F,0,8.61,50.95,49.87,50.13,0.3259,https://maps.roads.maryland.gov/itms_public/?stationid=B150109,2885,2750,2731,2742,2820,2891,2952,2250,2231,2232,3105,2970,2951,2962,3020,3091,3162,2390,2371,2462,0,1897,205,0,52,78,NO ERROR,130,0.4,0.6,0,0.84991039,0.09184588,0,0.02329749,0.03494624,0.05824373,2,8.61,50.95,49.87,50.13,"2,885","2,750","2,731","2,742","2,820","2,891","2,952","2,250","2,231","2,232","3,105","2,970","2,951","2,962","3,020","3,091","3,162","2,390","2,371","2,462",0,"1,897",0,205,52,78,130
-8577570.6608,4734489.012,2654,S2012150831,15,Montgomery,0,None,Rippling Brook Dr                       ,CO,3405,  ,0.07,0,0.75,Rippling Brook Dr - .10 Mi South Of Bel Pre Rd,Bel Pre Rd To Road End,Urban,6,Minor Collector,15000CO03405  01SS**************,15000CO03405--1-----,1,North,2,F,0,8.61,55.97,50.09,49.91,0.7777,https://maps.roads.maryland.gov/itms_public/?stationid=S2012150831,,,2460,2471,2462,2533,2584,2655,2840,2841,,,2660,2671,2632,2713,2774,2815,3010,3131,,,,,,,NO ERROR,,,,,,,,,,,2,8.61,55.97,50.09,49.91,N/A,N/A,"2,460","2,471","2,462","2,533","2,584","2,655","2,840","2,841",N/A,N/A,"2,660","2,671","2,632","2,713","2,774","2,815","3,010","3,131",N/A,N/A,N/A,N/A,N/A,N/A,N/A
-8577788.4617,4723781.6746,2656,S2012150788,15,Montgomery,0,None,Forest Glen Rd,CO,1227,  ,0.21,0,0.24,Forest Glen Rd - 100 Ft South Of Md 192/seminary Rd,Newcastle Ave To Md 192,Urban,5,Major Collector,15000CO01227  01NN**************,15000CO01227--1-----,1,North,2,C,0,11.36,73.96,52.26,47.74,0.2873,https://maps.roads.maryland.gov/itms_public/?stationid=S2012150788,,,,3150,3141,3222,3283,3364,3335,3280,,,,3400,3361,3452,3513,3574,3545,3610,,,,,,,NO ERROR,,,,,,,,,,,2,11.36,73.96,52.26,47.74,N/A,N/A,N/A,"3,150","3,141","3,222","3,283","3,364","3,335","3,280",N/A,N/A,N/A,"3,400","3,361","3,452","3,513","3,574","3,545","3,610",N/A,N/A,N/A,N/A,N/A,N/A,N/A
-8600532.039,4750071.9367,2662,S1997150016,15,Montgomery,0,None,Ramp 4 Fr Is 270 Nb To Ridge Rd Eb,RP,270,  ,0.3,0.25,0.46,Exit 16 Ramp 4 Fr Is 270 Nb To Ridge Rd Eb ,Exit 16 Ramp 04 Ramp 1 Fr Ramp 4 (fr Is270) To Ridge Rd To Ridge Rd,Urban,1,Interstate,15000RP00270  02NNIS16        04,15000RP00270--101604,2,East,1,F,0,9.88,100,100,0,1.0571,https://maps.roads.maryland.gov/itms_public/?stationid=S1997150016,11281,11292,11353,11464,11455,12340,12601,12902,13690,13791,11961,11972,12033,12154,12035,12960,13231,13422,14240,14341,,,,,,,NO ERROR,,,,,,,,,,,1,9.88,100,100,0,"11,281","11,292","11,353","11,464","11,455","12,340","12,601","12,902","13,690","13,791","11,961","11,972","12,033","12,154","12,035","12,960","13,231","13,422","14,240","14,341",N/A,N/A,N/A,N/A,N/A,N/A,N/A
-8603466.1911,4754797.9462,2663,S2007150052,15,Montgomery,0,None,Ramp 8 Fr Is 270 Sb To Md 121 Wb,RP,270,  ,0.21,0.19,0.24,Exit 18 Ramp 8 Fr Is 270 Sb To Md 121 Wb,Exit 18 Ramp 08 Ramp 5 Fr Ramp 8 (fr Is270) To Md 121 Eb To Clarksburg Rd,Urban,1,Interstate,15000RP00270  02SSIS18        08,15000RP00270--101808,2,South,1,F,0,11.3,100,0,100,0.0087,https://maps.roads.maryland.gov/itms_public/?stationid=S2007150052,663,664,675,430,431,442,453,464,465,475,683,704,725,460,451,462,483,484,485,495,,,,,,,NO ERROR,,,,,,,,,,,1,11.3,100,0,100,663,664,675,430,431,442,453,464,465,475,683,704,725,460,451,462,483,484,485,495,N/A,N/A,N/A,N/A,N/A,N/A,N/A
-8584851.0321,4723807.5675,2668,S2000150141,15,Montgomery,0,None,Ramp 6 Fr Is 495 Eb To Md 187 Sb,RP,495,  ,0.17,0.15,0.19,Exit 36 Ramp 6 Fr Is 495 Eb To Md 187 Sb,Exit 36 Ramp 06 Ramp 3 Fr Ramp 6 (fr Is495) To Md 187 Nb To Old Georgetown Rd,Urban,1,Interstate,15000RP00495  02EEIS36        06,15000RP00495--103606,2,East,1,F,0,13.04,100,100,0,0.0565,https://maps.roads.maryland.gov/itms_public/?stationid=S2000150141,4023,3720,3741,3782,3783,3874,3965,3860,3841,3872,4263,3940,3971,4012,3973,4074,4165,4010,4001,4032,,,,,,,NO ERROR,,,,,,,,,,,1,13.04,100,100,0,"4,023","3,720","3,741","3,782","3,783","3,874","3,965","3,860","3,841","3,872","4,263","3,940","3,971","4,012","3,973","4,074","4,165","4,010","4,001","4,032",N/A,N/A,N/A,N/A,N/A,N/A,N/A
-8576773.4893,4734648.3496,2673,S2012150810,15,Montgomery,0,None,Bel Pre Rd,CO,2722,  ,0.1,0,3.21,Bel Pre Rd - .10 Mi West Of Md 182,Layhill Rd To Norbeck Rd,Urban,4,Minor Arterial,15000CO02722  01WW**************,15000CO02722--1-----,1,West,3,F,0,8.1,51.92,49.29,50.71,27.1717,https://maps.roads.maryland.gov/itms_public/?stationid=S2012150810,,,22520,22571,22502,23093,23534,24105,23190,23191,,,24320,24381,24082,24713,25184,25795,24810,24581,,,,,,,NO ERROR,,,,,,,,,,,3,8.1,51.92,49.29,50.71,N/A,N/A,"22,520","22,571","22,502","23,093","23,534","24,105","23,190","23,191",N/A,N/A,"24,320","24,381","24,082","24,713","25,184","25,795","24,810","24,581",N/A,N/A,N/A,N/A,N/A,N/A,N/A
-8589289.7093,4720299.3603,2678,S2000150127,15,Montgomery,0,None,Ramp 6 Fr Md 190 To Ramp 11 (to Is495x),RP,495,  ,0.1,0,0.2,Exit 39 Ramp 6 Fr Md 190 Eb To Ramp 11 (to Is 495 Sb),Exit 39 Ramp 06 River Rd To Ramp 11 Fr Is 495 Sb To Is 495x Sb,Urban,1,Interstate,15000RP00495  02SSIS39        06,15000RP00495--103906,2,South,1,F,0,12.38,100,0,100,0.3972,https://maps.roads.maryland.gov/itms_public/?stationid=S2000150127,5244,5255,4920,4961,4962,5083,5194,5325,5400,5441,5564,5575,5220,5261,5212,5343,5454,5545,5620,5661,,,,,,,NO ERROR,,,,,,,,,,,1,12.38,100,0,100,"5,244","5,255","4,920","4,961","4,962","5,083","5,194","5,325","5,400","5,441","5,564","5,575","5,220","5,261","5,212","5,343","5,454","5,545","5,620","5,661",N/A,N/A,N/A,N/A,N/A,N/A,N/A
-8591964.5567,4741965.2276,2689,B150039,15,Montgomery,63,Gaithersburg,Girard St,MU,135,  ,0.93,0,1.03,Girard St-.10 Mi W Of E Diamond Ave,Goshen Rd To E. Diamond Ave,Urban,5,Major Collector,15063MU00135  01EE**************,15063MU00135--1-----,1,West,4,F,0,8.9,74.77,49.06,50.94,3.4219,https://maps.roads.maryland.gov/itms_public/?stationid=B150039,8695,8750,8681,8702,8550,8771,8942,9180,9101,9102,9305,9450,9381,9402,9150,9391,9572,9730,9651,10012,24,7713,967,39,251,108,NO ERROR,359,0.69916435,0.30083565,0.00263678,0.84739618,0.10624039,0.00428477,0.02757636,0.01186552,0.03944188,4,8.9,74.77,49.06,50.94,"8,695","8,750","8,681","8,702","8,550","8,771","8,942","9,180","9,101","9,102","9,305","9,450","9,381","9,402","9,150","9,391","9,572","9,730","9,651","10,012",24,"7,713",39,967,251,108,359
-8571895.7465,4723824.3518,2690,S2000150187,15,Montgomery,0,None,Ramp 4 Fr Md 193 Nb To Is 495 Eb,RP,495,  ,0.1,0,0.21,Exit 29 Ramp 4 Fr Md 193 Nb To Is 495 Eb,Exit 29 Ramp 04 University Blvd E To Capital Beltway,Urban,1,Interstate,15000RP00495  02NNIS29        04,15000RP00495--102904,2,East,1,F,0,10.56,100,100,0,0.3895,https://maps.roads.maryland.gov/itms_public/?stationid=S2000150187,3505,3530,3551,3350,3351,4150,4241,4342,5040,5081,3705,3740,3761,3550,3521,4360,4451,4522,5240,5281,,,,,,,NO ERROR,,,,,,,,,,,1,10.56,100,100,0,"3,505","3,530","3,551","3,350","3,351","4,150","4,241","4,342","5,040","5,081","3,705","3,740","3,761","3,550","3,521","4,360","4,451","4,522","5,240","5,281",N/A,N/A,N/A,N/A,N/A,N/A,N/A
-8571032.8694,4719875.3154,2692,B2839,15,Montgomery,0,None,Carroll Ave,MD,195,  ,1.42,1.14,1.9,Md195-.50 Mi S Of Md193,Md 787 To Md 193,Urban,4,Minor Arterial,15000MD00195  01NN**************,15000MD00195--1-----,1,North,2,F,0,8.82,56.97,47.71,52.29,3.4539,https://maps.roads.maryland.gov/itms_public/?stationid=B2839,13271,13322,11490,11511,12210,12531,12772,13083,12450,12451,14201,14392,12410,12431,13070,13411,13672,14003,13320,13201,38,10741,1075,74,500,23,NO ERROR,523,0.95602294,0.04397706,0.00305196,0.86266163,0.08633845,0.0059433,0.04015742,0.00184724,0.04200466,2,8.82,56.97,47.71,52.29,"13,271","13,322","11,490","11,511","12,210","12,531","12,772","13,083","12,450","12,451","14,201","14,392","12,410","12,431","13,070","13,411","13,672","14,003","13,320","13,201",38,"10,741",74,"1,075",500,23,523
-8564577.4956,4732304.1547,2693,S2012151295,15,Montgomery,0,None,Ramp 2 Fr Md 200 Wb To Briggs Chaney Rd,RP,200,  ,0.24,0,0.414,Exit 17 Ramp 2 Fr Md 200 Wb To Briggs Chaney Rd,Exit 17 Ramp 02 Md 200 Wb To Briggs Chaney Rd,Urban,2,Principal Arterial Other Freeways and Expressways,15000RP00200  02WWMD17        02,15000RP00200--101702,2,West,2,F,0,8.2,100,0,100,0.2058,https://maps.roads.maryland.gov/itms_public/?stationid=S2012151295,,,440,441,442,453,464,1370,1361,1362,,,480,481,472,493,504,1470,1461,1442,,,,,,,NO ERROR,,,,,,,,,,,2,8.2,100,0,100,N/A,N/A,440,441,442,453,464,"1,370","1,361","1,362",N/A,N/A,480,481,472,493,504,"1,470","1,461","1,442",N/A,N/A,N/A,N/A,N/A,N/A,N/A
-8591222.0638,4734234.3912,2697,S2000150021,15,Montgomery,0,None,Ramp 8 Fr Ramp 5 (fr Is 270) To Md 28 Wb,RP,270,  ,0.01,0,0.03,Exit 6 Ramp 8 Fr Ramp 5 (fr Is 270 Sb) To Md 28 Wb,Exit 6  Ramp 08 Ramp 8 Fr Ramp 5 (fr Is 270) To Md 28 Wb,Urban,1,Interstate,15000RP00270  02SSIS6         08,15000RP00270--100608,2,West,1,F,0,12.54,100,0,100,0.0151,https://maps.roads.maryland.gov/itms_public/?stationid=S2000150021,1234,1180,1280,1291,1292,1323,1354,1395,1370,1381,1314,1250,1360,1371,1362,1393,1424,1455,1430,1441,,,,,,,NO ERROR,,,,,,,,,,,1,12.54,100,0,100,"1,234","1,180","1,280","1,291","1,292","1,323","1,354","1,395","1,370","1,381","1,314","1,250","1,360","1,371","1,362","1,393","1,424","1,455","1,430","1,441",N/A,N/A,N/A,N/A,N/A,N/A,N/A
-8582404.7567,4719627.2627,2701,S2012150746,15,Montgomery,0,None,Woodmont Ave,CO,385,  ,0.74,0.7,0.97,Woodmont Ave - .10 Mile South Of Md 187 (one Way),Md 187 To Hampden La,Urban,5,Major Collector,15000CO00385  01SS**************,15000CO00385--1-----,1,South,2,F,0,12.25,100,0,100,1.4527,https://maps.roads.maryland.gov/itms_public/?stationid=S2012150746,,,14190,14221,14182,14553,14834,15195,14740,14741,,,15330,15361,15182,15573,15874,16115,15620,16221,,,,,,,NO ERROR,,,,,,,,,,,2,12.25,100,0,100,N/A,N/A,"14,190","14,221","14,182","14,553","14,834","15,195","14,740","14,741",N/A,N/A,"15,330","15,361","15,182","15,573","15,874","16,115","15,620","16,221",N/A,N/A,N/A,N/A,N/A,N/A,N/A
-8598389.5669,4748643.7484,2713,B2873,15,Montgomery,0,None,Frederick Rd,MD,355,  ,18.51,18.02,18.81,Md355-.30 Mi S Of Md118,Middlebrook Rd To Md 118,Urban,3,Principal Arterial Other,15000MD00355  01NN**************,15000MD00355--1-----,1,North,5,F,1,7.69,63.47,46.74,53.26,8.2356,https://maps.roads.maryland.gov/itms_public/?stationid=B2873,31651,31782,32860,32931,32832,30030,30601,31342,28560,28561,33871,34332,35490,35571,35132,32130,32741,33542,30560,30281,204,25172,2112,451,500,122,NO ERROR,622,0.80385852,0.19614148,0.00714261,0.88134169,0.07394699,0.01579076,0.01750639,0.00427156,0.02177795,5,7.69,63.47,46.74,53.26,"31,651","31,782","32,860","32,931","32,832","30,030","30,601","31,342","28,560","28,561","33,871","34,332","35,490","35,571","35,132","32,130","32,741","33,542","30,560","30,281",204,"25,172",451,"2,112",500,122,622
-8571215.0886,4732476.243,2720,B150013,15,Montgomery,0,None,E Randolph Rd,CO,99,  ,0.3,0,2.19,Randolph Rd-.30 Mi E Of Md650,Md 650 To Md 929a (ahead),Urban,3,Principal Arterial Other,15000CO00099  01EE**************,15000CO00099--1-----,1,East,5,C,0,8.46,56.22,49.22,50.78,28.2091,https://maps.roads.maryland.gov/itms_public/?stationid=B150013,36110,36251,35962,34880,34781,35692,36200,37071,36742,35290,38640,39151,38842,37670,37221,38192,38730,39671,39312,37410,31,31368,2896,81,820,94,NO ERROR,914,0.89715536,0.10284464,0.00087844,0.8888637,0.08206291,0.00229527,0.02323604,0.00266364,0.02589969,5,8.46,56.22,49.22,50.78,"36,110","36,251","35,962","34,880","34,781","35,692","36,200","37,071","36,742","35,290","38,640","39,151","38,842","37,670","37,221","38,192","38,730","39,671","39,312","37,410",31,"31,368",81,"2,896",820,94,914
-8589883.7934,4740181.9766,2721,S2001150158,15,Montgomery,0,None,Ramp 6 Fr Shady Grove Rd Eb To Md 200a Sb,RP,200,A ,0.1,0,0.38,Exit 1 Ramp 6 Fr Shady Grove Rd Eb To Md 200a Sb,Exit 1  Ramp 06 Shady Grove Rd Eb To Md 200a Sb,Urban,3,Principal Arterial Other,15000RP00200A 02SSMD1         06,15000RP00200A-100106,2,South,1,F,0,13.04,100,0,100,0.1333,https://maps.roads.maryland.gov/itms_public/?stationid=S2001150158,,,860,861,862,883,904,935,960,961,,,930,931,922,953,974,1005,1030,1021,,,,,,,NO ERROR,,,,,,,,,,,1,13.04,100,0,100,N/A,N/A,860,861,862,883,904,935,960,961,N/A,N/A,930,931,922,953,974,"1,005","1,030","1,021",N/A,N/A,N/A,N/A,N/A,N/A,N/A
-8585637.6701,4729428.8403,2724,B150029,15,Montgomery,0,None,E Jefferson St,CO,4132,  ,0.37,0.27,0.63,E Jefferson St-.10 Mi N Of Montrose Rd,Montrose Rd To E. Jefferson St (ahead),Urban,5,Major Collector,15000CO04132  01NN**************,15000CO04132--1-----,1,North,4,F,0,8.14,56.97,56.78,43.22,2.9134,https://maps.roads.maryland.gov/itms_public/?stationid=B150029,22562,21880,21711,21752,23080,23681,24132,22370,22171,22172,24142,23630,23451,23492,24700,25341,25822,23710,23501,24392,39,20443,1010,131,313,236,NO ERROR,549,0.5701275,0.4298725,0.00175898,0.92201876,0.04555295,0.00590835,0.0141169,0.01064406,0.02476096,4,8.14,56.97,56.78,43.22,"22,562","21,880","21,711","21,752","23,080","23,681","24,132","22,370","22,171","22,172","24,142","23,630","23,451","23,492","24,700","25,341","25,822","23,710","23,501","24,392",39,"20,443",131,"1,010",313,236,549
-8576254.5733,4723683.3053,2726,S2000150173,15,Montgomery,0,None,Ramp 7 Fr Ramp 2 (fr Is 495) To Md 97 Sb,RP,495,  ,0.02,0,0.04,Exit 31 Ramp 7 Fr Ramp 2 (fr Is 495 Wb ) To Md 97 Sb,Exit 31 Ramp 07 Ramp 2 Fr Is 495 Wb To Md 97 Nb To Georgia Ave,Urban,1,Interstate,15000RP00495  02WWIS31        07,15000RP00495--103107,2,West,2,F,0,11.27,100,0,100,0.0743,https://maps.roads.maryland.gov/itms_public/?stationid=S2000150173,5032,5043,5074,5125,5125,5255,5375,5080,5051,5092,5332,5353,5384,5435,5385,5525,5645,5280,5251,5302,,,,,,,NO ERROR,,,,,,,,,,,2,11.27,100,0,100,"5,032","5,043","5,074","5,125","5,125","5,255","5,375","5,080","5,051","5,092","5,332","5,353","5,384","5,435","5,385","5,525","5,645","5,280","5,251","5,302",N/A,N/A,N/A,N/A,N/A,N/A,N/A
-8585913.5365,4725476.352,2731,S2012150830,15,Montgomery,0,None,Rock Spring Dr,CO,3386,  ,0.49,0,0.62,Rock Spring Dr - .10 Mi South Of Md 187,Fernwood Rd To Old Georgetown Rd,Urban,5,Major Collector,15000CO03386  01NN**************,15000CO03386--1-----,1,North,5,F,0,9.03,51.01,54.14,45.86,2.7588,https://maps.roads.maryland.gov/itms_public/?stationid=S2012150830,,,12830,12861,12822,13163,13414,13745,12190,12191,,,13860,13891,13722,14083,14354,14575,12920,13411,,,,,,,NO ERROR,,,,,,,,,,,5,9.03,51.01,54.14,45.86,N/A,N/A,"12,830","12,861","12,822","13,163","13,414","13,745","12,190","12,191",N/A,N/A,"13,860","13,891","13,722","14,083","14,354","14,575","12,920","13,411",N/A,N/A,N/A,N/A,N/A,N/A,N/A
-8573521.9068,4719370.3495,2734,B2897,15,Montgomery,0,None,Philadelphia Ave,MD,410,  ,4.85,4.56,4.96,Md410-.10 Mi W Of Md320,Chicago Ave To Md 320,Urban,4,Minor Arterial,15000MD00410  01EE**************,15000MD00410--1-----,1,East,2,F,1,7.86,55.44,49.08,50.92,1.5756,https://maps.roads.maryland.gov/itms_public/?stationid=B2897,11112,10090,10011,10032,10120,10381,10582,10890,10791,10792,11892,10900,10811,10842,10830,11111,11322,11650,11551,11442,,,,,,,NO ERROR,,,,,,,,,,,2,7.86,55.44,49.08,50.92,"11,112","10,090","10,011","10,032","10,120","10,381","10,582","10,890","10,791","10,792","11,892","10,900","10,811","10,842","10,830","11,111","11,322","11,650","11,551","11,442",N/A,N/A,N/A,N/A,N/A,N/A,N/A
-8596752.8864,4735939.3671,2737,S2012150727,15,Montgomery,0,None,Dufief Mill Rd,CO,210,  ,1.95,1.35,2.22,Dufief Mill Rd - .10 Mile South Of Muddy Branch Rd,Flints Grove La To Md 28,Urban,4,Minor Arterial,15000CO00210  01NN**************,15000CO00210--1-----,1,South,2,F,0,9.14,59.8,50.45,49.55,3.6458,https://maps.roads.maryland.gov/itms_public/?stationid=S2012150727,,,11320,11341,11312,11613,11834,12125,11480,11481,,,12230,12251,12102,12433,12664,12975,12280,12171,,,,,,,NO ERROR,,,,,,,,,,,2,9.14,59.8,50.45,49.55,N/A,N/A,"11,320","11,341","11,312","11,613","11,834","12,125","11,480","11,481",N/A,N/A,"12,230","12,251","12,102","12,433","12,664","12,975","12,280","12,171",N/A,N/A,N/A,N/A,N/A,N/A,N/A
-8571516.7052,4734379.6015,2740,S2012151281,15,Montgomery,0,None,Ramp 7 Fr Md 200 Wb To Md 650 Sb,RP,200,  ,0.24,0,0.261,Exit 13 Ramp 7 Fr Md 200 Wb To Md 650 Sb,Exit 13 Ramp 07 Md 200 Wb To Md 650 Sb,Urban,2,Principal Arterial Other Freeways and Expressways,15000RP00200  02WWMD13        07,15000RP00200--101307,2,South,2,F,0,12.21,100,0,100,0.1793,https://maps.roads.maryland.gov/itms_public/?stationid=S2012151281,,,520,521,522,543,554,1900,1881,1882,,,560,561,562,583,594,2030,2011,2002,,,,,,,NO ERROR,,,,,,,,,,,2,12.21,100,0,100,N/A,N/A,520,521,522,543,554,"1,900","1,881","1,882",N/A,N/A,560,561,562,583,594,"2,030","2,011","2,002",N/A,N/A,N/A,N/A,N/A,N/A,N/A
-8604945.2526,4757096.4029,2744,S2014150335,15,Montgomery,0,None,Comus Rd,CO,200,  ,4.81,1.99,5.01,Comus Rd - .20 Mile West Of Md 355,Md 109 To Md 355,Rural,6,Minor Collector,15000CO00200  01EE**************,15000CO00200--1-----,1,East,2,F,0,8.06,51.87,50.82,49.18,2.7469,https://maps.roads.maryland.gov/itms_public/?stationid=S2014150335,,,,,2310,2371,2422,2470,2461,2492,,,,,2450,2511,2592,2620,2611,2642,,,,,,,NO ERROR,,,,,,,,,,,2,8.06,51.87,50.82,49.18,N/A,N/A,N/A,N/A,"2,310","2,371","2,422","2,470","2,461","2,492",N/A,N/A,N/A,N/A,"2,450","2,511","2,592","2,620","2,611","2,642",N/A,N/A,N/A,N/A,N/A,N/A,N/A
-8580086.5115,4738592.3426,2747,S2012151310,15,Montgomery,0,None,Ramp 6 Fr Rp 3 (fr Md200 Eb) To Md97 Sb,RP,200,  ,0.11,0,0.215,Exit 9 Ramp 6 Fr Ramp 3 (fr Md 200 Eb) To Md 97 Sb,Exit 8  Ramp 06 Ramp 3 (fr Md 200 Eb) To Md 97 Sb,Urban,2,Principal Arterial Other Freeways and Expressways,15000RP00200  02EEMD8         06,15000RP00200--100806,2,South,1,F,0,9.24,100,0,100,0.2011,https://maps.roads.maryland.gov/itms_public/?stationid=S2012151310,,,1650,1651,1652,1703,1744,2580,2561,2562,,,1780,1781,1772,1823,1874,2760,2741,2722,,,,,,,NO ERROR,,,,,,,,,,,1,9.24,100,0,100,N/A,N/A,"1,650","1,651","1,652","1,703","1,744","2,580","2,561","2,562",N/A,N/A,"1,780","1,781","1,772","1,823","1,874","2,760","2,741","2,722",N/A,N/A,N/A,N/A,N/A,N/A,N/A
-8580081.302,4718775.2183,2751,S2012150915,15,Montgomery,29,Chevy Chase #3,Shepherd St,MU,60,  ,0.05,0,0.32,Shepherd St - Between Md 185 & Delaware St,Connecticut Ave To Brookville Rd,Urban,5,Major Collector,15029MU00060  01EE**************,15029MU00060--1-----,1,East,2,C,0,11.19,86.36,83.8,16.2,0.0619,https://maps.roads.maryland.gov/itms_public/?stationid=S2012150915,,,410,540,541,562,573,594,595,530,,,440,580,581,602,613,634,635,580,3,482,33,0,8,4,NO ERROR,12,0.66666667,0.33333333,0.00566038,0.90943396,0.06226415,0,0.01509434,0.00754717,0.02264151,2,11.19,86.36,83.8,16.2,N/A,N/A,410,540,541,562,573,594,595,530,N/A,N/A,440,580,581,602,613,634,635,580,3,482,0,33,8,4,12
-8580420.9635,4729534.6975,2757,S2012150800,15,Montgomery,0,None,Bushey Dr                               ,CO,1677,  ,0.03,0,1.01,Bushey Dr - Between Md 586 & Gannon Rd,Veirs Mill Rd To Littleton St,Urban,6,Minor Collector,15000CO01677  01NN**************,15000CO01677--1-----,1,North,2,F,0,8.67,58.54,50.08,49.92,0.3174,https://maps.roads.maryland.gov/itms_public/?stationid=S2012150800,,,800,801,802,823,844,865,860,861,,,860,871,862,883,904,925,910,951,,,,,,,NO ERROR,,,,,,,,,,,2,8.67,58.54,50.08,49.92,N/A,N/A,800,801,802,823,844,865,860,861,N/A,N/A,860,871,862,883,904,925,910,951,N/A,N/A,N/A,N/A,N/A,N/A,N/A
-8593451.3536,4717697.3712,2761,S2009150012,15,Montgomery,0,None,Ramp 6 Fr Gv 6 To Gv 29,RP,6,  ,0.14,0.13,0.15,Exit 1 Ramp 6 Fr Clara Barton Pkwy Eb To Gv 29,Exit 1  Ramp 06 Ramp 3 Fr Ramp 6 To Gv 29 To Govt Spur Fr R&d Ctr,Urban,2,Principal Arterial Other Freeways and Expressways,15000RP00006  02EEGV1         06,15000RP00006--100106,2,East,1,F,0,10.53,100,100,0,0.0003,https://maps.roads.maryland.gov/itms_public/?stationid=S2009150012,,31,31,32,33,40,41,42,43,44,,0,31,42,43,40,41,52,53,54,,,,,,,NO ERROR,,,,,,,,,,,1,10.53,100,100,0,N/A,31,31,32,33,40,41,42,43,44,N/A,0,31,42,43,40,41,52,53,54,N/A,N/A,N/A,N/A,N/A,N/A,N/A
-8585750.8329,4725980.3461,2763,S2005150064,15,Montgomery,0,None,Ramp 6 Fr Ramp 10 (fr Is270) To Md 187,RP,270,  ,0.02,0,0.053,Exit 1a Ramp 6 Fr Ramp 10 (fr Is 270 Eb) To Md 187 Sb,Exit 1a Ramp 06 Ramp 10 Fr Md 187b To Md 187 Nb To Old Georgetown Rd,Urban,1,Interstate,15000RP00270  02SSIS1A        06,15000RP00270--101A06,2,South,2,F,0,12.27,100,0,100,0.0559,https://maps.roads.maryland.gov/itms_public/?stationid=S2005150064,2605,2920,2941,2972,2973,3044,3115,2890,2871,2892,2805,3100,3121,3152,3123,3204,3275,3010,2991,3012,,,,,,,NO ERROR,,,,,,,,,,,2,12.27,100,0,100,"2,605","2,920","2,941","2,972","2,973","3,044","3,115","2,890","2,871","2,892","2,805","3,100","3,121","3,152","3,123","3,204","3,275","3,010","2,991","3,012",N/A,N/A,N/A,N/A,N/A,N/A,N/A
-8590314.3758,4740700.4384,2766,S2012151327,15,Montgomery,0,None,Ramp 6 Fr Is 370 Eb To Md 200a Sb,RP,370,  ,0.13,0,0.275,Exit 3 Ramp 6 Fr Is 370 Eb To Md 200a Sb,Exit 3  Ramp 06 Is 370 Eb To Md 200a Sb,Urban,1,Interstate,15000RP00370  02EEIS3         06,15000RP00370--100306,2,South,1,F,0,8.37,100,0,100,1.3462,https://maps.roads.maryland.gov/itms_public/?stationid=S2012151327,,,6790,6851,6842,7013,7164,13400,13321,13412,,,7200,7261,7182,7363,7524,13940,13851,13952,,,,,,,NO ERROR,,,,,,,,,,,1,8.37,100,0,100,N/A,N/A,"6,790","6,851","6,842","7,013","7,164","13,400","13,321","13,412",N/A,N/A,"7,200","7,261","7,182","7,363","7,524","13,940","13,851","13,952",N/A,N/A,N/A,N/A,N/A,N/A,N/A
-8600616.0171,4750061.2995,2770,S1997150017,15,Montgomery,0,None,Ramp 3 Fr Ridge Rd Eb To Is 270 Nb,RP,270,  ,0.1,0,0.32,Exit 16 Ramp 3 Fr Ridge Rd Eb To Is 270 Nb,Exit 16 Ramp 03 Ridge Rd To Eisenhower Memorial Hwy,Urban,1,Interstate,15000RP00270  02EEIS16        03,15000RP00270--101603,2,North,1,F,0,10.51,100,100,0,0.3201,https://maps.roads.maryland.gov/itms_public/?stationid=S1997150017,2151,2152,2163,2184,2185,2300,2351,2412,2720,2741,2281,2282,2293,2324,2295,2420,2471,2512,2830,2851,,,,,,,NO ERROR,,,,,,,,,,,1,10.51,100,100,0,"2,151","2,152","2,163","2,184","2,185","2,300","2,351","2,412","2,720","2,741","2,281","2,282","2,293","2,324","2,295","2,420","2,471","2,512","2,830","2,851",N/A,N/A,N/A,N/A,N/A,N/A,N/A
-8586047.0628,4727684.5523,2775,S2012150808,15,Montgomery,0,None,Marcliff Rd                             ,CO,2553,  ,0.11,0,0.56,Marcliff Rd - .10 Mile South Of Tilden La,Tilden La To Tuckerman La,Urban,6,Minor Collector,15000CO02553  01SS**************,15000CO02553--1-----,1,North,2,F,0,15.05,68.38,49.77,50.23,0.3518,https://maps.roads.maryland.gov/itms_public/?stationid=S2012150808,,,1730,1731,1732,1783,1824,1875,1720,1721,,,1870,1871,1852,1913,1954,1995,1820,1891,,,,,,,NO ERROR,,,,,,,,,,,2,15.05,68.38,49.77,50.23,N/A,N/A,"1,730","1,731","1,732","1,783","1,824","1,875","1,720","1,721",N/A,N/A,"1,870","1,871","1,852","1,913","1,954","1,995","1,820","1,891",N/A,N/A,N/A,N/A,N/A,N/A,N/A
-8589960.7114,4725144.5805,2776,S2012150863,15,Montgomery,0,None,Democracy La                            ,CO,4231,  ,0.08,0,0.62,Democracy La - .10 Mi North Of Democracy Blvd,Democracy Blvd To Bells Mill Rd,Urban,5,Major Collector,15000CO04231  01NN**************,15000CO04231--1-----,1,South,2,F,0,10.17,67.46,49.26,50.74,0.3487,https://maps.roads.maryland.gov/itms_public/?stationid=S2012150863,,,1400,1401,1402,1443,1474,1515,1540,1541,,,1510,1511,1502,1543,1584,1615,1630,1701,,,,,,,NO ERROR,,,,,,,,,,,2,10.17,67.46,49.26,50.74,N/A,N/A,"1,400","1,401","1,402","1,443","1,474","1,515","1,540","1,541",N/A,N/A,"1,510","1,511","1,502","1,543","1,584","1,615","1,630","1,701",N/A,N/A,N/A,N/A,N/A,N/A,N/A
-8584176.4423,4713304.272,2778,B150037,15,Montgomery,0,None,Macarthur Blvd,CO,4690,  ,0.1,0,8.7,Macarthur Blvd-.10 Mi N Of Wash Dc Line,Washington Dc/l To Falls Rd,Urban,4,Minor Arterial,15000CO04690  01NN**************,15000CO04690--1-----,1,South,2,C,0,9.46,62.94,49.97,50.03,40.5194,https://maps.roads.maryland.gov/itms_public/?stationid=B150037,12280,12331,12232,11810,11781,12092,12323,12624,12515,12760,13140,13321,13212,12760,12611,12942,13193,13514,13395,13530,12,11387,1072,26,240,23,NO ERROR,263,0.91254753,0.08745247,0.00094044,0.89239812,0.08401254,0.00203762,0.01880878,0.00180251,0.02061129,2,9.46,62.94,49.97,50.03,"12,280","12,331","12,232","11,810","11,781","12,092","12,323","12,624","12,515","12,760","13,140","13,321","13,212","12,760","12,611","12,942","13,193","13,514","13,395","13,530",12,"11,387",26,"1,072",240,23,263
-8584493.7618,4739133.7322,2779,S2012150678,15,Montgomery,0,None,Avery Rd,CO,139,  ,2.23,1.08,2.28,Avery Rd - .10 Mile South Of Md 115,Southlawn La To Md 115,Urban,5,Major Collector,15000CO00139  01NN**************,15000CO00139--1-----,1,North,2,F,0,12.04,61.48,49.54,50.46,3.5482,https://maps.roads.maryland.gov/itms_public/?stationid=S2012150678,,,7540,7561,7542,7743,7894,8085,8100,8101,,,8140,8171,8072,8293,8454,8575,8590,8911,,,,,,,NO ERROR,,,,,,,,,,,2,12.04,61.48,49.54,50.46,N/A,N/A,"7,540","7,561","7,542","7,743","7,894","8,085","8,100","8,101",N/A,N/A,"8,140","8,171","8,072","8,293","8,454","8,575","8,590","8,911",N/A,N/A,N/A,N/A,N/A,N/A,N/A
-8584925.5496,4724036.7447,2781,S2000150142,15,Montgomery,0,None,Ramp 7 Fr Ramp 2 (fr Is495) To Md 187 Sb,RP,495,  ,0.01,0,0.01,Exit 36 Ramp 7 Fr Ramp 2 (fr Is 495 Wb) To Md 187 Sb,Exit 36 Ramp 07 Ramp 2 Fr Is 495 Wb To Md 187 Nb To Old Georgetown Rd,Urban,1,Interstate,15000RP00495  02WWIS36        07,15000RP00495--103607,2,West,1,F,0,10.76,100,0,100,0.0064,https://maps.roads.maryland.gov/itms_public/?stationid=S2000150142,,1500,1511,1532,1533,1574,1615,1750,1741,1752,,1590,1601,1622,1613,1654,1705,1820,1811,1822,,,,,,,NO ERROR,,,,,,,,,,,1,10.76,100,0,100,N/A,"1,500","1,511","1,532","1,533","1,574","1,615","1,750","1,741","1,752",N/A,"1,590","1,601","1,622","1,613","1,654","1,705","1,820","1,811","1,822",N/A,N/A,N/A,N/A,N/A,N/A,N/A
-8584410.0036,4728336.1125,2784,S2012150858,15,Montgomery,0,None,Marinelli Rd,CO,4122,  ,0.54,0.41,0.64,Marinelli Rd - .10 Mi West Of Md 355,Md 355 To Executive Blvd,Urban,5,Major Collector,15000CO04122  01WW**************,15000CO04122--1-----,1,East,4,F,0,9.96,52.08,56.79,43.21,0.4694,https://maps.roads.maryland.gov/itms_public/?stationid=S2012150858,,,6330,6341,6322,6493,6624,6785,5590,5591,,,6840,6851,6772,6953,7094,7195,5930,6151,,,,,,,NO ERROR,,,,,,,,,,,4,9.96,52.08,56.79,43.21,N/A,N/A,"6,330","6,341","6,322","6,493","6,624","6,785","5,590","5,591",N/A,N/A,"6,840","6,851","6,772","6,953","7,094","7,195","5,930","6,151",N/A,N/A,N/A,N/A,N/A,N/A,N/A
-8572012.1273,4740915.0786,2789,S2002150179,15,Montgomery,0,None,Ednor Rd,CO,145,  ,1.46,0,1.96,Ednor Rd -.50 Mile West Of Md 650,Norwood Rd To Md 650,Urban,4,Minor Arterial,15000CO00145  01EE**************,15000CO00145--1-----,1,West,2,F,0,10.45,72.27,50.97,49.03,3.8496,https://maps.roads.maryland.gov/itms_public/?stationid=S2002150179,,,5350,5361,5352,5493,5604,5745,5380,5381,,,5670,5741,5672,5823,6004,6155,5760,5701,10,4546,621,2,175,27,NO ERROR,202,0.86633663,0.13366337,0.00185839,0.84482438,0.11540606,0.00037168,0.03252184,0.00501765,0.03753949,2,10.45,72.27,50.97,49.03,N/A,N/A,"5,350","5,361","5,352","5,493","5,604","5,745","5,380","5,381",N/A,N/A,"5,670","5,741","5,672","5,823","6,004","6,155","5,760","5,701",10,"4,546",2,621,175,27,202
-8584578.4791,4730822.3281,2792,S2012150816,15,Montgomery,0,None,Ardennes Ave,CO,3162,  ,0.92,0.85,0.95,Ardennes Ave - Between Twinbrook Pkwy & Higgins Pl,Ardennes Ave (back) To Twinbrook Pkwy,Urban,6,Minor Collector,15000CO03162  01SS**************,15000CO03162--1-----,1,North,2,F,0,10.45,59.93,48.81,51.19,0.1698,https://maps.roads.maryland.gov/itms_public/?stationid=S2012150816,,,4910,4921,4912,5043,5144,5275,4650,4651,,,5300,5321,5262,5403,5504,5595,4930,5121,,,,,,,NO ERROR,,,,,,,,,,,2,10.45,59.93,48.81,51.19,N/A,N/A,"4,910","4,921","4,912","5,043","5,144","5,275","4,650","4,651",N/A,N/A,"5,300","5,321","5,262","5,403","5,504","5,595","4,930","5,121",N/A,N/A,N/A,N/A,N/A,N/A,N/A
-8598961.1827,4746719.8082,2793,S1999150024,15,Montgomery,0,None,Ramp 4 Fr Is 270 Nb To Middlebrook Rd Eb,RP,270,  ,0.1,0,0.24,Exit 13 Ramp 4 Fr Is 270 Nb To Middlebrook Rd Eb,Exit 13 Ramp 04 Eisenhower Memorial Hwy To Middlebrook Rd,Urban,1,Interstate,15000RP00270  02NNIS13        04,15000RP00270--101304,2,East,1,F,0,8.32,100,100,0,0.4681,https://maps.roads.maryland.gov/itms_public/?stationid=S1999150024,5121,5132,5163,5214,5215,5090,5201,5332,5303,5344,5431,5442,5473,5534,5485,5350,5461,5552,5523,5564,,,,,,,NO ERROR,,,,,,,,,,,1,8.32,100,100,0,"5,121","5,132","5,163","5,214","5,215","5,090","5,201","5,332","5,303","5,344","5,431","5,442","5,473","5,534","5,485","5,350","5,461","5,552","5,523","5,564",N/A,N/A,N/A,N/A,N/A,N/A,N/A
-8608793.1751,4740006.682,2796,B2707,15,Montgomery,0,None,Darnestown Rd,MD,28,  ,10.31,9.81,12.43,Md28-.50 Mi E Of Md107,Md 107 To Md 118,Rural,4,Minor Arterial,15000MD00028  01EE**************,15000MD00028--1-----,1,East,2,F,2,10.11,78.83,49.07,50.93,12.6528,https://maps.roads.maryland.gov/itms_public/?stationid=B2707,11611,11392,11670,11611,11602,14050,14361,14682,13070,13231,12191,12302,12370,12421,12302,14890,15371,15422,13720,13761,50,10634,2018,39,387,103,NO ERROR,490,0.78979592,0.21020408,0.003779,0.80371854,0.1525206,0.00294762,0.02924949,0.00778475,0.03703424,2,10.11,78.83,49.07,50.93,"11,611","11,392","11,670","11,611","11,602","14,050","14,361","14,682","13,070","13,231","12,191","12,302","12,370","12,421","12,302","14,890","15,371","15,422","13,720","13,761",50,"10,634",39,"2,018",387,103,490
-8585565.0565,4726654.1663,2807,S2012150708,15,Montgomery,0,None,Tuckerman La,CO,164,  ,1.94,1.91,3.92,Tuckerman La - Between  Md 187 & Luxmanor Rd,Md 187 To Seven Locks Rd,Urban,4,Minor Arterial,15000CO00164  01WW**************,15000CO00164--1-----,1,West,3,F,0,9.09,58.39,46.64,53.36,11.9372,https://maps.roads.maryland.gov/itms_public/?stationid=S2012150708,,,15600,15631,15582,15993,16304,16705,15610,16271,,,16850,16881,16672,17113,17454,17875,16700,16551,,,,,,,NO ERROR,,,,,,,,,,,3,9.09,58.39,46.64,53.36,N/A,N/A,"15,600","15,631","15,582","15,993","16,304","16,705","15,610","16,271",N/A,N/A,"16,850","16,881","16,672","17,113","17,454","17,875","16,700","16,551",N/A,N/A,N/A,N/A,N/A,N/A,N/A
-8594270.7101,4758994.4962,2808,S2012150639,15,Montgomery,0,None,Sweepstakes Rd,CO,38,  ,1.03,0,1.08,Sweepstakes Rd - Between Md 124 & Club View Dr,Ridge Rd To Woodfield Rd,Urban,6,Minor Collector,15000CO00038  01EE**************,15000CO00038--1-----,1,West,2,F,0,8.65,53.87,49.75,50.25,1.4747,https://maps.roads.maryland.gov/itms_public/?stationid=S2012150639,,,3720,3731,3722,3823,3904,4005,3740,3741,,,4020,4031,3982,4093,4184,4255,3960,4121,,,,,,,NO ERROR,,,,,,,,,,,2,8.65,53.87,49.75,50.25,N/A,N/A,"3,720","3,731","3,722","3,823","3,904","4,005","3,740","3,741",N/A,N/A,"4,020","4,031","3,982","4,093","4,184","4,255","3,960","4,121",N/A,N/A,N/A,N/A,N/A,N/A,N/A
-8587913.4014,4725530.969,2818,S2012150832,15,Montgomery,0,None,Westlake Terr,CO,3438,  ,0.39,0,0.79,Westlake Terr  - .10 Mi East Of Westlake Dr,Cul De Sac To Rockledge Dr,Urban,5,Major Collector,15000CO03438  01EE**************,15000CO03438--1-----,1,East,3,F,0,8.38,53.15,53.86,46.14,4.0747,https://maps.roads.maryland.gov/itms_public/?stationid=S2012150832,,,13060,13091,13052,13393,13654,13985,14130,14131,,,14110,14141,13972,14333,14614,14825,14980,15541,,,,,,,NO ERROR,,,,,,,,,,,3,8.38,53.15,53.86,46.14,N/A,N/A,"13,060","13,091","13,052","13,393","13,654","13,985","14,130","14,131",N/A,N/A,"14,110","14,141","13,972","14,333","14,614","14,825","14,980","15,541",N/A,N/A,N/A,N/A,N/A,N/A,N/A
-8581810.8503,4730541.5751,2820,S2012150799,15,Montgomery,0,None,Parkland Dr                             ,CO,1592,  ,1.95,0.67,1.97,Parkland Dr - Between Md 586 & Adrian St,Aspen Hill Rd To Md 586,Urban,5,Major Collector,15000CO01592  01SS**************,15000CO01592--1-----,1,North,3,F,0,8.7,65.95,48.36,51.64,3.2603,https://maps.roads.maryland.gov/itms_public/?stationid=S2012150799,,,6540,6551,6532,6703,6834,7005,6870,6871,,,7060,7081,6992,7173,7314,7435,7280,7561,,,,,,,NO ERROR,,,,,,,,,,,3,8.7,65.95,48.36,51.64,N/A,N/A,"6,540","6,551","6,532","6,703","6,834","7,005","6,870","6,871",N/A,N/A,"7,060","7,081","6,992","7,173","7,314","7,435","7,280","7,561",N/A,N/A,N/A,N/A,N/A,N/A,N/A
-8607490.5515,4761652.922,2826,S2007150039,15,Montgomery,0,None,Ramp 4 Fr Ramp 1 (fr Is270) To Md 109 Eb,RP,270,  ,0.01,0,0.02,Exit 22 Ramp 4 Fr Ramp 1 (fr Is 270 Nb) To Md 109 Eb,Exit 22 Ramp 04 Ramp 1 Fr Is 270 Nb To Md 109 Wb To Old Hundred Rd,Rural,1,Interstate,15000RP00270  02SSIS22        04,15000RP00270--102204,2,East,1,F,0,10.29,100,100,0,0.0179,https://maps.roads.maryland.gov/itms_public/?stationid=S2007150039,,3093,3061,3020,3041,3112,3273,2490,2451,2452,,0,3061,3050,3041,3112,3273,2520,2431,2352,,,,,,,NO ERROR,,,,,,,,,,,1,10.29,100,100,0,N/A,"3,093","3,061","3,020","3,041","3,112","3,273","2,490","2,451","2,452",N/A,0,"3,061","3,050","3,041","3,112","3,273","2,520","2,431","2,352",N/A,N/A,N/A,N/A,N/A,N/A,N/A
-8592223.6692,4738985.246,2828,S2001150152,15,Montgomery,0,None,Ramp 9 Fr Is 370 Eb To Shady Grove Rd,RP,370,  ,0.03,0,0.3,Exit 2 Ramp 9 Fr Is 370 Eb To Shady Grove Rd,Exit 2 Ramp 9 Fr Is 370eb To Shady Grove Rd Sb,Urban,1,Interstate,15000RP00370  02EEIS2         09,15000RP00370--100209,2,East,1,F,0,9.63,100,100,0,1.3145,https://maps.roads.maryland.gov/itms_public/?stationid=S2001150152,,,,,11190,11461,11702,11983,11914,12005,,,,,11750,12031,12292,12463,12394,12495,,,,,,,NO ERROR,,,,,,,,,,,1,9.63,100,100,0,N/A,N/A,N/A,N/A,"11,190","11,461","11,702","11,983","11,914","12,005",N/A,N/A,N/A,N/A,"11,750","12,031","12,292","12,463","12,394","12,495",N/A,N/A,N/A,N/A,N/A,N/A,N/A
-8575642.6342,4726743.8088,2832,S2012150790,15,Montgomery,0,None,Inwood Ave,CO,1270,  ,0.24,0,1.08,Inwood Ave - Between Md 193 & Alberti Dr,Ladd St To Woodman Ave,Urban,6,Minor Collector,15000CO01270  01SS**************,15000CO01270--1-----,1,South,2,F,0,11.92,63.04,48.07,51.93,1.4708,https://maps.roads.maryland.gov/itms_public/?stationid=S2012150790,,,3590,3601,3592,3693,3764,3855,3730,3731,,,3880,3891,3842,3953,4034,4095,3950,4101,,,,,,,NO ERROR,,,,,,,,,,,2,11.92,63.04,48.07,51.93,N/A,N/A,"3,590","3,601","3,592","3,693","3,764","3,855","3,730","3,731",N/A,N/A,"3,880","3,891","3,842","3,953","4,034","4,095","3,950","4,101",N/A,N/A,N/A,N/A,N/A,N/A,N/A
-8582941.2471,4724249.7624,2836,S2000150147,15,Montgomery,0,None,Ramp 1 Fr Md 355 Nb To Is 495 Wb,RP,495,  ,0.1,0,0.24,Exit 34 Ramp 1 Fr Md 355 Nb To Is 495 Wb,Exit 34 Ramp 01 Rockville Pike To Capital Beltway,Urban,1,Interstate,15000RP00495  02NNIS34        01,15000RP00495--103401,2,North,1,F,0,9.07,100,100,0,0.4303,https://maps.roads.maryland.gov/itms_public/?stationid=S2000150147,4123,4200,4221,4262,4263,4374,4475,4900,4871,4912,4373,4450,4471,4522,4483,4594,4705,5100,5071,5112,,,,,,,NO ERROR,,,,,,,,,,,1,9.07,100,100,0,"4,123","4,200","4,221","4,262","4,263","4,374","4,475","4,900","4,871","4,912","4,373","4,450","4,471","4,522","4,483","4,594","4,705","5,100","5,071","5,112",N/A,N/A,N/A,N/A,N/A,N/A,N/A
-8574384.7403,4719895.1015,2841,B2896,15,Montgomery,0,None,Burlington Ave,MD,410,  ,4.34,4.24,4.56,Md410-.10 Mi E Of Us29,Us 29 To Chicago Ave,Urban,4,Minor Arterial,15000MD00410  01EE**************,15000MD00410--1-----,1,East,4,F,1,8.65,64.81,49.31,50.69,1.6354,https://maps.roads.maryland.gov/itms_public/?stationid=B2896,13492,12900,12801,12832,13410,13761,14022,14130,14001,14002,14442,13930,13831,13862,14350,14721,15002,15120,14981,14842,,,,,,,NO ERROR,,,,,,,,,,,4,8.65,64.81,49.31,50.69,"13,492","12,900","12,801","12,832","13,410","13,761","14,022","14,130","14,001","14,002","14,442","13,930","13,831","13,862","14,350","14,721","15,002","15,120","14,981","14,842",N/A,N/A,N/A,N/A,N/A,N/A,N/A
-8579820.4832,4738645.6362,2849,S2012151307,15,Montgomery,0,None,Ramp 7 Fr Md 200 Wb To Md 97 Sb,RP,200,  ,0.3,0,0.643,Exit 9 Ramp 7 Fr Md 200 Wb To Md 97 Sb,Exit 8  Ramp 07 Md 200 Wb To Md 97 Sb,Urban,2,Principal Arterial Other Freeways and Expressways,15000RP00200  02WWMD8         07,15000RP00200--100807,2,South,2,F,0,11.24,100,0,100,0.8735,https://maps.roads.maryland.gov/itms_public/?stationid=S2012151307,,,1610,1611,1612,1653,1684,3750,3721,3722,,,1740,1741,1732,1773,1804,4010,3981,3952,,,,,,,NO ERROR,,,,,,,,,,,2,11.24,100,0,100,N/A,N/A,"1,610","1,611","1,612","1,653","1,684","3,750","3,721","3,722",N/A,N/A,"1,740","1,741","1,732","1,773","1,804","4,010","3,981","3,952",N/A,N/A,N/A,N/A,N/A,N/A,N/A
-8593035.8865,4749157.9021,2858,S2012150859,15,Montgomery,0,None,Wightman Rd                             ,CO,4139,  ,0.95,0,1.02,Wightman Rd - .10 Mi North Of Montgomery Village Ave,Brink Rd To Montgomery Village Ave,Urban,4,Minor Arterial,15000CO04139  01SS**************,15000CO04139--1-----,1,North,2,F,0,8.28,63.2,50.83,49.17,4.1962,https://maps.roads.maryland.gov/itms_public/?stationid=S2012150859,,,9440,9461,9432,9683,9874,10115,11270,11271,,,10200,10221,10092,10363,10574,10825,12060,11951,,,,,,,NO ERROR,,,,,,,,,,,2,8.28,63.2,50.83,49.17,N/A,N/A,"9,440","9,461","9,432","9,683","9,874","10,115","11,270","11,271",N/A,N/A,"10,200","10,221","10,092","10,363","10,574","10,825","12,060","11,951",N/A,N/A,N/A,N/A,N/A,N/A,N/A
-8581739.9435,4721270.6603,2860,S2008150025,15,Montgomery,0,None,Jones Bridge Rd,CO,537,  ,0.3,0,1.13,Jones Bridge Rd- Between Gladwyne Dr & Lynbrook Dr,Md 355 To Md 185,Urban,4,Minor Arterial,15000CO00537  01EE**************,15000CO00537--1-----,1,East,4,F,0,8.24,72.6,50.51,49.49,9.0512,https://maps.roads.maryland.gov/itms_public/?stationid=S2008150025,18312,18393,18254,18295,20680,21221,21622,22143,21944,21945,19592,19863,19714,19765,22130,22711,23142,23693,23484,23265,,,,,,,NO ERROR,,,,,,,,,,,4,8.24,72.6,50.51,49.49,"18,312","18,393","18,254","18,295","20,680","21,221","21,622","22,143","21,944","21,945","19,592","19,863","19,714","19,765","22,130","22,711","23,142","23,693","23,484","23,265",N/A,N/A,N/A,N/A,N/A,N/A,N/A
-8583497.5633,4725959.4593,2863,S2012150707,15,Montgomery,0,None,Tuckerman La,CO,164,  ,0.83,0.72,1.91,Tuckerman La - .10 Mile West Of Md 355,Md 355 (north Entrence) To Md 187,Urban,4,Minor Arterial,15000CO00164  01WW**************,15000CO00164--1-----,1,West,4,F,0,9.77,53.34,50.26,49.74,7.1064,https://maps.roads.maryland.gov/itms_public/?stationid=S2012150707,,,17510,17551,17502,17963,18304,18745,16360,16361,,,18910,18961,18732,19223,19594,20065,17510,17341,,,,,,,NO ERROR,,,,,,,,,,,4,9.77,53.34,50.26,49.74,N/A,N/A,"17,510","17,551","17,502","17,963","18,304","18,745","16,360","16,361",N/A,N/A,"18,910","18,961","18,732","19,223","19,594","20,065","17,510","17,341",N/A,N/A,N/A,N/A,N/A,N/A,N/A
-8595158.3612,4748209.3919,2874,S2012150850,15,Montgomery,0,None,Watkins Mill Rd,CO,3770,  ,2.16,2.1,3.014,Watkins Mill Rd - .10 Mi North Of Apple Ridge Rd,Apple Ridge Rd To Germantown Rd,Urban,4,Minor Arterial,15000CO03770  01NN**************,15000CO03770--1-----,1,North,2,F,0,9.31,52.46,49.12,50.88,4.364,https://maps.roads.maryland.gov/itms_public/?stationid=S2012150850,,,12380,12411,12372,12693,12934,13245,13080,13081,,,13370,13401,13242,13583,13844,14175,14000,13871,,,,,,,NO ERROR,,,,,,,,,,,2,9.31,52.46,49.12,50.88,N/A,N/A,"12,380","12,411","12,372","12,693","12,934","13,245","13,080","13,081",N/A,N/A,"13,370","13,401","13,242","13,583","13,844","14,175","14,000","13,871",N/A,N/A,N/A,N/A,N/A,N/A,N/A
-8573185.4088,4743076.5121,2880,B2752,15,Montgomery,0,None,Olney Sandy Spring Rd,MD,108,  ,16.47,14.79,16.57,Md108-.10 Mi W Of Md650 (ashton),Md 182 To Md 650,Urban,4,Minor Arterial,15000MD00108  01EE**************,15000MD00108--1-----,1,East,3,F,1,9.05,50.25,48.85,51.15,10.7012,https://maps.roads.maryland.gov/itms_public/?stationid=B2752,17361,17432,15410,15441,15402,16550,16861,17272,16470,16471,18581,18832,16640,16681,16482,17710,18041,18482,17620,17461,53,13015,2431,88,664,220,NO ERROR,884,0.75113122,0.24886878,0.00321778,0.79017667,0.14759274,0.00534272,0.04031328,0.01335681,0.05367009,3,9.05,50.25,48.85,51.15,"17,361","17,432","15,410","15,441","15,402","16,550","16,861","17,272","16,470","16,471","18,581","18,832","16,640","16,681","16,482","17,710","18,041","18,482","17,620","17,461",53,"13,015",88,"2,431",664,220,884
-8571122.7623,4721825.1053,2881,B2836,15,Montgomery,0,None,University Blvd E,MD,193,  ,6.05,5.17,6.15,Md193-.10 Mi W Of Md320,Franklin Ave To Md 320,Urban,3,Principal Arterial Other,15000MD00193  01EE**************,15000MD00193--1-----,1,West,6,F,1,6.85,50.1,49.46,50.54,12.9205,https://maps.roads.maryland.gov/itms_public/?stationid=B2836,36181,36332,36860,36931,36822,35770,36451,37332,36120,36121,38711,39242,39810,39891,39402,38270,39001,39952,38650,38291,48,30849,3940,395,779,110,NO ERROR,889,0.87626547,0.12373453,0.00132887,0.85404612,0.10907782,0.01093547,0.0215664,0.00304532,0.02461172,6,6.85,50.1,49.46,50.54,"36,181","36,332","36,860","36,931","36,822","35,770","36,451","37,332","36,120","36,121","38,711","39,242","39,810","39,891","39,402","38,270","39,001","39,952","38,650","38,291",48,"30,849",395,"3,940",779,110,889
-8566753.7775,4732380.5691,2882,S2012151292,15,Montgomery,0,None,Ramp 10 Fr Us 29 Sb To Fairland Rd Wb,RP,200,  ,0.27,0,0.286,Exit 17 Ramp 10 Fr Us 29 Sb To Fairland Rd Wb,Exit 17 Ramp 10 Us 29 Sb To Fairland Rd Wb,Urban,2,Principal Arterial Other Freeways and Expressways,15000RP00200  02SSMD17        10,15000RP00200--101710,2,West,1,F,0,11.95,100,0,100,0.4139,https://maps.roads.maryland.gov/itms_public/?stationid=S2012151292,,,3780,3791,3720,3821,3892,3993,3964,3965,,,4080,4091,3980,4091,4162,4273,4244,4205,,,,,,,NO ERROR,,,,,,,,,,,1,11.95,100,0,100,N/A,N/A,"3,780","3,791","3,720","3,821","3,892","3,993","3,964","3,965",N/A,N/A,"4,080","4,091","3,980","4,091","4,162","4,273","4,244","4,205",N/A,N/A,N/A,N/A,N/A,N/A,N/A
-8602946.2151,4730430.3216,2888,S2012150767,15,Montgomery,0,None,Travilah Rd,CO,780,  ,5.29,4.02,5.33,Travilah Rd - Between Md 190 & Travilah Ter,Glen Rd To River Rd,Urban,4,Minor Arterial,15000CO00780  01SS**************,15000CO00780--1-----,1,North,2,F,0,10.65,74.8,51.6,48.4,1.0094,https://maps.roads.maryland.gov/itms_public/?stationid=S2012150767,,,2100,2101,2102,2163,2204,2265,2110,2111,,,2270,2271,2252,2313,2364,2425,2260,2241,,,,,,,NO ERROR,,,,,,,,,,,2,10.65,74.8,51.6,48.4,N/A,N/A,"2,100","2,101","2,102","2,163","2,204","2,265","2,110","2,111",N/A,N/A,"2,270","2,271","2,252","2,313","2,364","2,425","2,260","2,241",N/A,N/A,N/A,N/A,N/A,N/A,N/A
-8589340.9979,4729872.9824,2889,S2017150197,15,Montgomery,0,None,Ramp 13 Fr Montrose Rd Wb To Ramp 12,RP,270,  ,0.015,0,0.04,Exit 4 Ramp 13 Fr Montrose Rd Wb To Ramp 12,Exit 4 Ramp 13 Fr Montrose Rd Wb To Ramp 12,Urban,1,Interstate,15000RP00270  02WWIS4         13,15000RP00270--100413,2,West,1,F,0,8.58,100,0,100,0.0286,https://maps.roads.maryland.gov/itms_public/?stationid=S2017150197,,,,,,,,1950,1941,1962,,,,,,,,2030,2021,2042,,,,,,,NO ERROR,,,,,,,,,,,1,8.58,100,0,100,N/A,N/A,N/A,N/A,N/A,N/A,N/A,"1,950","1,941","1,962",N/A,N/A,N/A,N/A,N/A,N/A,N/A,"2,030","2,021","2,042",N/A,N/A,N/A,N/A,N/A,N/A,N/A
-8593733.8212,4733162.4989,2893,S2012150976,15,Montgomery,130,Rockville,Veirs Dr                                ,MU,3050,  ,0.08,0,0.55,Veirs Dr - .10 Mi East Of Glen Mill Rd,Glen Mill Rd To Wescott Pl,Urban,5,Major Collector,15130MU03050  01EE**************,15130MU03050--1-----,1,East,2,F,0,15.01,75.17,53.15,46.85,1.0883,https://maps.roads.maryland.gov/itms_public/?stationid=S2012150976,,,5160,5171,5162,5303,5404,5535,5420,5421,,,5570,5591,5522,5673,5784,5875,5750,5961,,,,,,,NO ERROR,,,,,,,,,,,2,15.01,75.17,53.15,46.85,N/A,N/A,"5,160","5,171","5,162","5,303","5,404","5,535","5,420","5,421",N/A,N/A,"5,570","5,591","5,522","5,673","5,784","5,875","5,750","5,961",N/A,N/A,N/A,N/A,N/A,N/A,N/A
-8566069.6684,4732789.8306,2894,S2012151287,15,Montgomery,0,None,Ramp 2 Fr Md200 Wb To Rp 3 (to Us 29 Nb),RP,200,  ,0.25,0,0.41,Exit 16 Ramp 2 Fr Md 200 Wb To Ramp 3 (to Us 29 Nb),Exit 16 Ramp 02 Md 200 Wb To Ramp 3 (to Us 29 Nb),Urban,2,Principal Arterial Other Freeways and Expressways,15000RP00200  02WWMD16        02,15000RP00200--101602,2,North,2,F,0,14.7,100,100,0,0.0422,https://maps.roads.maryland.gov/itms_public/?stationid=S2012151287,,,210,211,250,261,272,280,281,282,,,230,231,270,281,292,300,301,302,,,,,,,NO ERROR,,,,,,,,,,,2,14.7,100,100,0,N/A,N/A,210,211,250,261,272,280,281,282,N/A,N/A,230,231,270,281,292,300,301,302,N/A,N/A,N/A,N/A,N/A,N/A,N/A
-8593138.4882,4743547.8244,2896,S2012150879,15,Montgomery,0,None,Odendhal Ave,CO,4861,  ,0.06,0,0.33,Odendhal Ave - Between Goshen Rd & Royal Bonnet Cir,Goshen Rd To Lost Knife Rd,Urban,5,Major Collector,15000CO04861  01WW**************,15000CO04861--1-----,1,East,4,F,0,8.75,52.94,49.85,50.15,1.9249,https://maps.roads.maryland.gov/itms_public/?stationid=S2012150879,,,16560,16591,16542,16973,17304,17725,15980,15981,,,17890,17921,17702,18163,18524,18795,16940,17581,,,,,,,NO ERROR,,,,,,,,,,,4,8.75,52.94,49.85,50.15,N/A,N/A,"16,560","16,591","16,542","16,973","17,304","17,725","15,980","15,981",N/A,N/A,"17,890","17,921","17,702","18,163","18,524","18,795","16,940","17,581",N/A,N/A,N/A,N/A,N/A,N/A,N/A
-8579044.4974,4743635.7502,2900,B2750,15,Montgomery,0,None,Olney Laytonsville Rd,MD,108,  ,13.36,10.86,13.36,Md108-.10 Mi W Of Md97,Zion Rd To Md 97,Urban,4,Minor Arterial,15000MD00108  01EE**************,15000MD00108--1-----,1,West,3,F,1,8.55,56.41,50.79,49.21,24.9852,https://maps.roads.maryland.gov/itms_public/?stationid=B2750,34091,34232,28390,28451,28372,27950,28481,29172,27380,27381,36481,36972,30660,30731,30362,29910,30481,31212,29300,29021,60,22983,2869,226,1010,233,NO ERROR,1243,0.81255028,0.18744972,0.0021913,0.83937767,0.10478069,0.0082539,0.03688689,0.00850955,0.04539644,3,8.55,56.41,50.79,49.21,"34,091","34,232","28,390","28,451","28,372","27,950","28,481","29,172","27,380","27,381","36,481","36,972","30,660","30,731","30,362","29,910","30,481","31,212","29,300","29,021",60,"22,983",226,"2,869","1,010",233,"1,243"
-8582328.7832,4720636.5948,2917,S2012150743,15,Montgomery,0,None,Battery La,CO,352,  ,0.02,0,0.72,Battery La - Between Md 355 & Woodmont Ave,Wisconsin Ave To Exeter Rd,Urban,5,Major Collector,15000CO00352  01WW**************,15000CO00352--1-----,1,East,3,F,0,8.68,67.25,59.94,40.06,1.5849,https://maps.roads.maryland.gov/itms_public/?stationid=S2012150743,,,4820,4831,4822,4953,5054,5185,6030,6031,,,5210,5221,5162,5303,5414,5505,6390,6631,,,,,,,NO ERROR,,,,,,,,,,,3,8.68,67.25,59.94,40.06,N/A,N/A,"4,820","4,831","4,822","4,953","5,054","5,185","6,030","6,031",N/A,N/A,"5,210","5,221","5,162","5,303","5,414","5,505","6,390","6,631",N/A,N/A,N/A,N/A,N/A,N/A,N/A
-8567862.0565,4730643.1762,2919,S2012150875,15,Montgomery,0,None,Old Columbia Pike,MD,929,C ,0.6,0.56,0.65,Md 929c - 400ft South Of E Randolph Rd,Old Columbia Pike To Randolph Rd(md 929),Urban,5,Major Collector,15000MD00929C 01NN**************,15000MD00929C-1-----,1,South,3,F,0,9.42,62.54,48.76,51.24,0.2865,https://maps.roads.maryland.gov/itms_public/?stationid=S2012150875,,,7910,7931,7912,8123,8284,8485,8720,8721,,,8540,8571,8472,8693,8864,8995,9240,9591,,,,,,,NO ERROR,,,,,,,,,,,3,9.42,62.54,48.76,51.24,N/A,N/A,"7,910","7,931","7,912","8,123","8,284","8,485","8,720","8,721",N/A,N/A,"8,540","8,571","8,472","8,693","8,864","8,995","9,240","9,591",N/A,N/A,N/A,N/A,N/A,N/A,N/A
-8588628.1524,4729997.3697,2922,S2005150072,15,Montgomery,0,None,Ramp 9 Fr Tower Oaks Blvd To Ramp 2,RP,270,  ,0.05,0,0.09,Exit 4 Ramp 9 Fr Tower Oaks Blvd To Ramp 2 (to Is 270 Nb),Exit 4  Ramp 09 Tower Oaks Blvd To Ramp 2 Fr Md 927 Wb To Is 270 Nb,Urban,1,Interstate,15000RP00270  02WWIS4         09,15000RP00270--100409,2,West,1,F,0,17.8,100,0,100,0.0484,https://maps.roads.maryland.gov/itms_public/?stationid=S2005150072,1305,1420,1431,1442,1443,1190,1221,1470,1461,1472,1405,1510,1521,1532,1523,1250,1281,1530,1521,1532,,,,,,,NO ERROR,,,,,,,,,,,1,17.8,100,0,100,"1,305","1,420","1,431","1,442","1,443","1,190","1,221","1,470","1,461","1,472","1,405","1,510","1,521","1,532","1,523","1,250","1,281","1,530","1,521","1,532",N/A,N/A,N/A,N/A,N/A,N/A,N/A
-8591273.3307,4739470.5853,2925,S2001150154,15,Montgomery,0,None,Ramp 3 Fr Is 370 Eb To Md 355 Nb,RP,370,  ,0.1,0,0.535,Exit 2 Ramp 3 Fr Is 370 Eb To Md 355 Nb,Exit 2  Ramp 03 Fr Is 370 Eb To Md 355 Nb,Urban,1,Interstate,15000RP00370  02EEIS2         03,15000RP00370--100203,2,North,1,F,0,8.31,100,100,0,0.8616,https://maps.roads.maryland.gov/itms_public/?stationid=S2001150154,,,,,3670,3761,3842,4410,4381,4412,,,,,3850,3951,4032,4590,4561,4592,,,,,,,NO ERROR,,,,,,,,,,,1,8.31,100,100,0,N/A,N/A,N/A,N/A,"3,670","3,761","3,842","4,410","4,381","4,412",N/A,N/A,N/A,N/A,"3,850","3,951","4,032","4,590","4,561","4,592",N/A,N/A,N/A,N/A,N/A,N/A,N/A
-8582315.1473,4722702.1766,2926,S2008150027,15,Montgomery,0,None,Cedar La,CO,319,  ,0.81,0.71,1.32,Cedar La - .10 Mile East Of Md 355,Md 355 To Parkwood Dr,Urban,4,Minor Arterial,15000CO00319  01EE**************,15000CO00319--1-----,1,East,4,F,0,9.42,74.23,50.9,49.1,3.0559,https://maps.roads.maryland.gov/itms_public/?stationid=S2008150027,12652,12703,12604,12635,12920,13261,13512,13843,13724,13725,13542,13723,13614,13655,13820,14191,14462,14813,14694,14555,,,,,,,NO ERROR,,,,,,,,,,,4,9.42,74.23,50.9,49.1,"12,652","12,703","12,604","12,635","12,920","13,261","13,512","13,843","13,724","13,725","13,542","13,723","13,614","13,655","13,820","14,191","14,462","14,813","14,694","14,555",N/A,N/A,N/A,N/A,N/A,N/A,N/A
-8579946.1271,4717565.2666,2933,B2800,15,Montgomery,0,None,Brookville Rd,MD,186,  ,0.2,0,0.6,Md186-.20 Mi N Of Wash Dc Line,Washington Dc/l To Bradley La,Urban,5,Major Collector,15000MD00186  01NN**************,15000MD00186--1-----,1,South,2,F,0,9.8,82.02,50.52,49.48,1.2159,https://maps.roads.maryland.gov/itms_public/?stationid=B2800,4642,5060,5021,5032,5023,5154,5255,5600,5551,5552,4972,5470,5421,5442,5383,5524,5635,5940,5881,6112,19,4719,634,6,119,55,NO ERROR,174,0.68390805,0.31609195,0.00342219,0.84996398,0.11419308,0.00108069,0.02143372,0.00990634,0.03134006,2,9.8,82.02,50.52,49.48,"4,642","5,060","5,021","5,032","5,023","5,154","5,255","5,600","5,551","5,552","4,972","5,470","5,421","5,442","5,383","5,524","5,635","5,940","5,881","6,112",19,"4,719",6,634,119,55,174
-8580523.2434,4734215.9056,2934,S2012150806,15,Montgomery,0,None,Heathfield Rd                           ,CO,2087,  ,0.41,0,0.43,Heathfield Rd - Between Md 97 & London La,Parkland Dr To Georgia Ave,Urban,6,Minor Collector,15000CO02087  01EE**************,15000CO02087--1-----,1,East,2,F,0,8.68,55.27,48.49,51.51,0.6421,https://maps.roads.maryland.gov/itms_public/?stationid=S2012150806,,,3860,3871,3862,3963,4044,4145,4090,4091,,,4170,4181,4132,4243,4334,4395,4340,4501,,,,,,,NO ERROR,,,,,,,,,,,2,8.68,55.27,48.49,51.51,N/A,N/A,"3,860","3,871","3,862","3,963","4,044","4,145","4,090","4,091",N/A,N/A,"4,170","4,181","4,132","4,243","4,334","4,395","4,340","4,501",N/A,N/A,N/A,N/A,N/A,N/A,N/A
-8589820.1226,4740240.9558,2942,S2012151323,15,Montgomery,0,None,Ramp 8 Fr Ramp 5 To Shady Grove Rd Wb,RP,200,A ,0.02,0,0.035,Exit 1 Ramp 8 Fr Ramp 5 (fr Md 200a Sb) To Shady Grove Rd Wb,Exit 1  Ramp 08 Ramp 5 (fr Md 200a Sb) To Shady Grove Rd Wb,Urban,3,Principal Arterial Other,15000RP00200A 02NNMD1         08,15000RP00200A-100108,2,West,2,F,0,9.6,100,0,100,0.0144,https://maps.roads.maryland.gov/itms_public/?stationid=S2012151323,,,1010,1011,1012,1043,1064,1095,1130,1131,,,1090,1091,1082,1123,1144,1175,1210,1201,,,,,,,NO ERROR,,,,,,,,,,,2,9.6,100,0,100,N/A,N/A,"1,010","1,011","1,012","1,043","1,064","1,095","1,130","1,131",N/A,N/A,"1,090","1,091","1,082","1,123","1,144","1,175","1,210","1,201",N/A,N/A,N/A,N/A,N/A,N/A,N/A
-8589883.3237,4740302.9982,2945,S2012151326,15,Montgomery,0,None,Ramp 9 Fr Is 370 Eb To Shady Grove Rd Sb,RP,370,  ,0.64,0,0.68,Exit 3 Ramp 9 Fr Is 370 Eb To Shady Grove Rd Sb,Exit 3  Ramp 09 Is 370 Eb To Shady Grove Rd Sb,Urban,1,Interstate,15000RP00370  02NNIS3         09,15000RP00370--100309,2,South,1,F,0,7.44,100,0,100,0.6108,https://maps.roads.maryland.gov/itms_public/?stationid=S2012151326,,,2250,2271,2272,2333,2384,2445,2440,2461,,,2390,2411,2392,2453,2504,2545,2540,2561,,,,,,,NO ERROR,,,,,,,,,,,1,7.44,100,0,100,N/A,N/A,"2,250","2,271","2,272","2,333","2,384","2,445","2,440","2,461",N/A,N/A,"2,390","2,411","2,392","2,453","2,504","2,545","2,540","2,561",N/A,N/A,N/A,N/A,N/A,N/A,N/A
-8564621.5484,4732182.5251,2947,S2012151296,15,Montgomery,0,None,Ramp 4 Fr Briggs Chaney Rd To Md 200 Eb,RP,200,  ,0.1,0,0.232,Exit 17 Ramp 4 Fr Briggs Chaney Rd To Md 200 Eb,Exit 17 Ramp 04 Briggs Chaney Rd To Md 200 Eb,Urban,2,Principal Arterial Other Freeways and Expressways,15000RP00200  02EEMD17        04,15000RP00200--101704,2,East,1,F,0,7.62,100,100,0,0.1111,https://maps.roads.maryland.gov/itms_public/?stationid=S2012151296,,,390,391,392,403,414,1320,1311,1312,,,420,421,422,433,444,1410,1401,1392,,,,,,,NO ERROR,,,,,,,,,,,1,7.62,100,100,0,N/A,N/A,390,391,392,403,414,"1,320","1,311","1,312",N/A,N/A,420,421,422,433,444,"1,410","1,401","1,392",N/A,N/A,N/A,N/A,N/A,N/A,N/A
-8570590.7203,4727501.6692,2949,B2914,15,Montgomery,0,None,New Hampshire Ave,MD,650,  ,4.96,4.89,5.16,Md650-.20 Mi S Of Us29,Lockwood Dr To Us 29,Urban,3,Principal Arterial Other,15000MD00650  01NN**************,15000MD00650--1-----,1,North,6,F,2,8.4,64.43,52.49,47.51,4.3708,https://maps.roads.maryland.gov/itms_public/?stationid=B2914,38591,39380,41780,41861,41742,45220,46081,47192,44350,44351,41291,42530,45120,45211,44662,48390,49311,50502,47460,47011,49,37585,4206,380,1644,487,NO ERROR,2131,0.77146879,0.22853121,0.00110482,0.84744425,0.09483439,0.00856801,0.03706794,0.01098059,0.04804852,6,8.4,64.43,52.49,47.51,"38,591","39,380","41,780","41,861","41,742","45,220","46,081","47,192","44,350","44,351","41,291","42,530","45,120","45,211","44,662","48,390","49,311","50,502","47,460","47,011",49,"37,585",380,"4,206","1,644",487,"2,131"
-8593373.6788,4717674.3624,2952,S2009150010,15,Montgomery,0,None,Ramp 4 Fr Gv 29 To Gv 6,RP,6,  ,0.02,0,0.03,Exit 1 Ramp 4 Fr Gv 29 To Clara Barton Pkwy Eb,Exit 1  Ramp 04 Govt Spur Fr R&d Ctr To Ramp 5 Fr Gv 29 To Ramp 4,Urban,2,Principal Arterial Other Freeways and Expressways,15000RP00006  02EEGV1         04,15000RP00006--100104,2,East,1,F,0,13.11,100,100,0,0.0014,https://maps.roads.maryland.gov/itms_public/?stationid=S2009150010,,121,121,122,123,120,121,122,123,124,,0,131,132,133,130,131,132,133,134,,,,,,,NO ERROR,,,,,,,,,,,1,13.11,100,100,0,N/A,121,121,122,123,120,121,122,123,124,N/A,0,131,132,133,130,131,132,133,134,N/A,N/A,N/A,N/A,N/A,N/A,N/A
-8595542.574,4742917.126,2954,S1999150078,15,Montgomery,0,None,Ramp 4 Fr Is 270 Nb To Md 124 Eb,RP,270,  ,0.1,0,0.25,Exit 11 Ramp 4 Fr Is 270 Nb To Md 124 Eb,Exit 11 Ramp 04 Eisenhower Memorial Hwy To Quince Orchard Rd,Urban,1,Interstate,15000RP00270  02EEIS11        04,15000RP00270--101104,2,East,2,F,0,9.11,100,100,0,1.798,https://maps.roads.maryland.gov/itms_public/?stationid=S1999150078,19041,19062,19163,19344,19335,18820,19221,19682,19563,19704,20181,20212,20313,20514,20305,19760,20181,20472,20353,20494,,,,,,,NO ERROR,,,,,,,,,,,2,9.11,100,100,0,"19,041","19,062","19,163","19,344","19,335","18,820","19,221","19,682","19,563","19,704","20,181","20,212","20,313","20,514","20,305","19,760","20,181","20,472","20,353","20,494",N/A,N/A,N/A,N/A,N/A,N/A,N/A
-8589020.5429,4745412.4675,2967,B2780,15,Montgomery,0,None,Woodfield Rd,MD,124,  ,7.45,6.95,8.87,Md124-.50 Mi N Of Md115,Md 115 To Fieldcrest Rd,Urban,4,Minor Arterial,15000MD00124  01NN**************,15000MD00124--1-----,1,South,5,C,0,8.07,52.73,50.17,49.83,14.7378,https://maps.roads.maryland.gov/itms_public/?stationid=B2780,20271,20352,17950,19820,19761,20282,20673,21174,20985,21030,21691,21982,19390,21410,21141,21702,22123,22664,22455,22290,,,,,,,NO ERROR,,,,,,,,,,,5,8.07,52.73,50.17,49.83,"20,271","20,352","17,950","19,820","19,761","20,282","20,673","21,174","20,985","21,030","21,691","21,982","19,390","21,410","21,141","21,702","22,123","22,664","22,455","22,290",N/A,N/A,N/A,N/A,N/A,N/A,N/A
-8579735.354,4717943.2026,2975,S2012150916,15,Montgomery,33,Chevy Chase Village,Broad Branch Rd                         ,MU,17,  ,0.16,0,0.18,Broad Branch Rd - Between Md 186 & Oxford St,Wash Dc Line To Brookville Rd,Urban,5,Major Collector,15033MU00017  01NN**************,15033MU00017--1-----,1,North,2,F,0,9.77,59.09,57.42,42.58,0.1485,https://maps.roads.maryland.gov/itms_public/?stationid=S2012150916,,,2300,2311,2302,2363,2414,2475,2260,2261,,,2480,2501,2462,2533,2584,2625,2400,2491,,,,,,,NO ERROR,,,,,,,,,,,2,9.77,59.09,57.42,42.58,N/A,N/A,"2,300","2,311","2,302","2,363","2,414","2,475","2,260","2,261",N/A,N/A,"2,480","2,501","2,462","2,533","2,584","2,625","2,400","2,491",N/A,N/A,N/A,N/A,N/A,N/A,N/A
-8578584.7876,4723402.5796,2981,S2012150787,15,Montgomery,0,None,Forsythe Ave                            ,CO,1225,  ,0.25,0,0.3,Forsythe Ave - .10 Mile North Of Jones Mill Rd,Woodstock Ave To Stoneybrook Dr,Urban,7,Local,15000CO01225  01NN**************,15000CO01225--1-----,1,North,3,F,0,11.08,69.89,51.98,48.02,0.5443,https://maps.roads.maryland.gov/itms_public/?stationid=S2012150787,,,2660,2671,2662,2733,2794,2865,4970,4971,,,2870,2891,2852,2923,2994,3045,5270,5471,,,,,,,NO ERROR,,,,,,,,,,,3,11.08,69.89,51.98,48.02,N/A,N/A,"2,660","2,671","2,662","2,733","2,794","2,865","4,970","4,971",N/A,N/A,"2,870","2,891","2,852","2,923","2,994","3,045","5,270","5,471",N/A,N/A,N/A,N/A,N/A,N/A,N/A
-8576194.9975,4723674.0659,2985,S2000150167,15,Montgomery,0,None,Ramp 1 Fr Md 97 Nb To Is 495 Wb,RP,495,  ,0.04,0,0.08,Exit 31 Ramp 1 Fr Md 97 Nb To Is 495 Wb,Exit 31 Ramp 01 Georgia Ave To Capital Beltway,Urban,1,Interstate,15000RP00495  02NNIS31        01,15000RP00495--103101,2,North,1,F,0,9.19,100,100,0,0.3686,https://maps.roads.maryland.gov/itms_public/?stationid=S2000150167,13892,11160,11221,11322,11313,11594,11845,12610,12531,12622,14732,11830,11891,12002,11883,12174,12445,13110,13031,13132,,,,,,,NO ERROR,,,,,,,,,,,1,9.19,100,100,0,"13,892","11,160","11,221","11,322","11,313","11,594","11,845","12,610","12,531","12,622","14,732","11,830","11,891","12,002","11,883","12,174","12,445","13,110","13,031","13,132",N/A,N/A,N/A,N/A,N/A,N/A,N/A
-8582270.7485,4723842.1128,2987,B2971,15,Montgomery,0,None,Capital Beltway,IS,495,  ,6.97,6.71,8.24,Is495-.20 Mi E Of Md355,Md 355 To Md 185,Urban,1,Interstate,15000IS00495  01EE**************,15000IS00495--1-----,1,West,8,F,1,6.89,53.68,47.81,52.19,126.3275,https://maps.roads.maryland.gov/itms_public/?stationid=B2971,239001,239242,219770,221751,221532,212690,217161,222372,224640,226211,253341,253602,232960,235061,232612,223330,228021,231272,233630,235261,315,182550,26932,1803,8854,5757,NO ERROR,14611,0.60598179,0.39401821,0.00139251,0.80698993,0.11905699,0.00797043,0.03914045,0.02544969,0.06459014,8,6.89,53.68,47.81,52.19,"239,001","239,242","219,770","221,751","221,532","212,690","217,161","222,372","224,640","226,211","253,341","253,602","232,960","235,061","232,612","223,330","228,021","231,272","233,630","235,261",315,"182,550","1,803","26,932","8,854","5,757","14,611"
-8589179.4933,4738976.9555,2998,S2012150881,15,Montgomery,0,None,Crabbs Branch Way,CO,4991,  ,1.16,1.12,1.59,Crabbs Branch Way - .10 Mi South Of Redland Rd,Redland Rd To Indianola Dr,Urban,4,Minor Arterial,15000CO04991  01SS**************,15000CO04991--1-----,1,North,4,F,0,10.24,73.55,49.01,50.99,3.5907,https://maps.roads.maryland.gov/itms_public/?stationid=S2012150881,,,20100,20141,20082,20603,20994,21505,20930,20931,,,21710,21751,21492,22053,22464,23015,22400,22191,,,,,,,NO ERROR,,,,,,,,,,,4,10.24,73.55,49.01,50.99,N/A,N/A,"20,100","20,141","20,082","20,603","20,994","21,505","20,930","20,931",N/A,N/A,"21,710","21,751","21,492","22,053","22,464","23,015","22,400","22,191",N/A,N/A,N/A,N/A,N/A,N/A,N/A
-8576288.212,4722930.9535,3003,B2882,15,Montgomery,0,None,Seminary Rd,CO,7073,  ,0.84,0.69,0.94,Seminary Rd-.10 Mi W Of Md97,Brookville Rd To Md 97,Urban,4,Minor Arterial,15000CO07073  01EE**************,15000CO07073--1-----,1,West,3,F,0,7.95,60.86,50.85,49.15,1.0379,https://maps.roads.maryland.gov/itms_public/?stationid=B2882,12312,11240,11151,11172,11143,10990,11201,11472,11373,11374,13172,12140,12041,12072,11923,11760,11991,12282,12173,12064,103,8663,1560,277,668,103,NO ERROR,771,0.86640726,0.13359274,0.00905574,0.76164938,0.13715491,0.02435379,0.05873044,0.00905574,0.06778618,3,7.95,60.86,50.85,49.15,"12,312","11,240","11,151","11,172","11,143","10,990","11,201","11,472","11,373","11,374","13,172","12,140","12,041","12,072","11,923","11,760","11,991","12,282","12,173","12,064",103,"8,663",277,"1,560",668,103,771
-8563657.1412,4737640.375,3006,S2010150037,15,Montgomery,0,None,Ramp 4 Fr Us 29 Nb To Md 198 Eb,RP,29,  ,0.21,0.206,0.227,Exit 11a Ramp 4 Fr Us 29 Nb To Md 198 Eb,Exit 11 Ramp 04 Ramp 1 Fr Ramp 4 (fr Us 29) To Md 198 Wb To Sandy Spring Rd,Urban,2,Principal Arterial Other Freeways and Expressways,15000RP00029  02EEUS11A       04,15000RP00029--111A04,2,East,1,F,0,7.92,100,100,0,0.0383,https://maps.roads.maryland.gov/itms_public/?stationid=S2010150037,7260,6380,6650,6661,6642,6823,6954,5030,4991,4992,7770,6890,7180,7191,7112,7303,7444,5380,5341,5292,,,,,,,NO ERROR,,,,,,,,,,,1,7.92,100,100,0,"7,260","6,380","6,650","6,661","6,642","6,823","6,954","5,030","4,991","4,992","7,770","6,890","7,180","7,191","7,112","7,303","7,444","5,380","5,341","5,292",N/A,N/A,N/A,N/A,N/A,N/A,N/A
-8579910.6325,4738918.1683,3015,S2012151308,15,Montgomery,0,None,Ramp 1 Fr Md 97 Nb To Rp 8 (to Md200 Wb),RP,200,  ,0.015,0,0.022,Exit 9 Ramp 1 Fr Md 97 Nb To Ramp 8 (to Md 200 Wb),Exit 8  Ramp 01 Md 97 Nb To Ramp 8 (to Md 200 Wb),Urban,2,Principal Arterial Other Freeways and Expressways,15000RP00200  02WWMD8         01,15000RP00200--100801,2,West,2,F,0,13.06,100,0,100,0.0198,https://maps.roads.maryland.gov/itms_public/?stationid=S2012151308,,,2300,2311,2302,2363,2414,2475,2455,2465,,,2480,2501,2462,2533,2584,2655,2635,2615,,,,,,,NO ERROR,,,,,,,,,,,2,13.06,100,0,100,N/A,N/A,"2,300","2,311","2,302","2,363","2,414","2,475","2,455","2,465",N/A,N/A,"2,480","2,501","2,462","2,533","2,584","2,655","2,635","2,615",N/A,N/A,N/A,N/A,N/A,N/A,N/A
-8603452.595,4754839.4353,3021,S2007150049,15,Montgomery,0,None,Ramp 5 Fr Ramp 8 (fr Is270) To Md 121 Eb,RP,270,  ,0.02,0,0.04,Exit 18 Ramp 5 Fr Ramp 8 (fr Is 270 Sb) To Md 121 Eb,Exit 18 Ramp 05 Ramp 8 Fr Is 270 Sb To Md 121 Wb To Clarksburg Rd,Urban,1,Interstate,15000RP00270  02NNIS18        05,15000RP00270--101805,2,South,1,F,0,9.77,100,100,0,0.0231,https://maps.roads.maryland.gov/itms_public/?stationid=S2007150049,1223,1204,1195,1440,1451,1492,1573,1604,1585,1585,1253,1204,1205,1450,1451,1492,1573,1624,1575,1525,,,,,,,NO ERROR,,,,,,,,,,,1,9.77,100,100,0,"1,223","1,204","1,195","1,440","1,451","1,492","1,573","1,604","1,585","1,585","1,253","1,204","1,205","1,450","1,451","1,492","1,573","1,624","1,575","1,525",N/A,N/A,N/A,N/A,N/A,N/A,N/A
-8565647.6861,4733305.5535,3023,S2006150085,15,Montgomery,0,None,Briggs Chaney Rd,CO,95,  ,3.5,3.339,3.64,Briggs Chaney Rd- .01 Mile West Of Castle Blvd,Us 29 To Robey Rd,Urban,4,Minor Arterial,15000CO00095  01EE**************,15000CO00095--1-----,1,East,4,F,0,7.9,54.6,48.93,51.07,2.5204,https://maps.roads.maryland.gov/itms_public/?stationid=S2006150085,19834,19915,25810,25861,25782,26453,26964,27615,22940,22941,21224,21515,27880,27931,27592,28313,28854,29555,24550,24321,,,,,,,NO ERROR,,,,,,,,,,,4,7.9,54.6,48.93,51.07,"19,834","19,915","25,810","25,861","25,782","26,453","26,964","27,615","22,940","22,941","21,224","21,515","27,880","27,931","27,592","28,313","28,854","29,555","24,550","24,321",N/A,N/A,N/A,N/A,N/A,N/A,N/A
-8570567.7662,4727785.9018,3025,S2001150030,15,Montgomery,0,None,Ramp 4 Fr Md 650 Nb To Us 29 Eb,RP,29,  ,0.1,0,0.26,Exit 3 Ramp 4 Fr Md 650 Nb To Us 29 Eb,Exit 3  Ramp 04 New Hampshire Ave To Columbia Pike,Urban,2,Principal Arterial Other Freeways and Expressways,15000RP00029  02NNUS3         04,15000RP00029--100304,2,North,1,F,0,8.37,100,100,0,0.6331,https://maps.roads.maryland.gov/itms_public/?stationid=S2001150030,6304,7030,6840,6851,6832,7013,7154,7335,6670,6671,6754,7590,7390,7401,7312,7503,7664,7855,7140,7071,,,,,,,NO ERROR,,,,,,,,,,,1,8.37,100,100,0,"6,304","7,030","6,840","6,851","6,832","7,013","7,154","7,335","6,670","6,671","6,754","7,590","7,390","7,401","7,312","7,503","7,664","7,855","7,140","7,071",N/A,N/A,N/A,N/A,N/A,N/A,N/A
-8589563.2906,4740476.5704,3037,S2012151319,15,Montgomery,0,None,Ramp 12 Fr Shady Grove Rd Nb To Ramp 11,RP,370,  ,0.01,0,0.03,Exit 3 Ramp 12 Fr Shady Grove Rd Nb To Ramp 11 (to Md 200 Eb),Exit 3  Ramp 12 Shady Grove Rd Nb To Ramp 11 (to Md 200 Eb),Urban,1,Interstate,15000RP00370  02NNIS3         12,15000RP00370--100312,2,East,2,F,0,9.29,100,100,0,0.0174,https://maps.roads.maryland.gov/itms_public/?stationid=S2012151319,,,1450,1461,1462,1503,1544,1585,1580,1591,,,1540,1551,1542,1583,1624,1655,1640,1661,,,,,,,NO ERROR,,,,,,,,,,,2,9.29,100,100,0,N/A,N/A,"1,450","1,461","1,462","1,503","1,544","1,585","1,580","1,591",N/A,N/A,"1,540","1,551","1,542","1,583","1,624","1,655","1,640","1,661",N/A,N/A,N/A,N/A,N/A,N/A,N/A
-8600562.741,4750088.634,3039,S1997150015,15,Montgomery,0,None,Ramp 1 Fr Ramp 4 (fr Is270) To Ridge Rd,RP,270,  ,0.05,0,0.12,Exit 16 Ramp 1 Fr Is 270 Nb To Ridge Rd Wb ,Exit 16 Ramp 01 Ramp 4 Fr Is 270 Nb To Ridge Rd Eb To Ridge Rd,Urban,1,Interstate,15000RP00270  02NNIS16        01,15000RP00270--101601,2,West,2,F,0,9.47,100,0,100,0.1336,https://maps.roads.maryland.gov/itms_public/?stationid=S1997150015,2941,2942,2963,2994,2995,3010,3071,3152,3030,3051,3121,3122,3143,3174,3155,3160,3231,3282,3150,3171,,,,,,,NO ERROR,,,,,,,,,,,2,9.47,100,0,100,"2,941","2,942","2,963","2,994","2,995","3,010","3,071","3,152","3,030","3,051","3,121","3,122","3,143","3,174","3,155","3,160","3,231","3,282","3,150","3,171",N/A,N/A,N/A,N/A,N/A,N/A,N/A
-8603172.1401,4755031.9218,3041,S2007150046,15,Montgomery,0,None,Ramp 2 Fr Md 121 Wb To Ramp 3 (to Is270),RP,270,  ,0.02,0,0.04,Exit 18 Ramp 2 Fr Md 121 Wb To Ramp 3 (to Is 270 Nb),Exit 18 Ramp 02 Clarksburg Rd To Ramp 3 Fr Md 121 Eb To Is 270 Nb,Urban,1,Interstate,15000RP00270  02NNIS18        02,15000RP00270--101802,2,West,1,F,0,10.23,100,100,0,0.0223,https://maps.roads.maryland.gov/itms_public/?stationid=S2007150046,1493,1474,1465,1390,1401,1442,1513,1544,1525,1525,1523,1474,1475,1400,1401,1442,1513,1564,1515,1465,,,,,,,NO ERROR,,,,,,,,,,,1,10.23,100,100,0,"1,493","1,474","1,465","1,390","1,401","1,442","1,513","1,544","1,525","1,525","1,523","1,474","1,475","1,400","1,401","1,442","1,513","1,564","1,515","1,465",N/A,N/A,N/A,N/A,N/A,N/A,N/A
-8588547.1624,4729613.4864,3044,S2005150073,15,Montgomery,0,None,Ramp 10 Fr Ramp 4 To Tower Oaks Blvd,RP,270,  ,0.04,0,0.25,Exit 4 Ramp 10 Fr Ramp 4 (fr Is 270 Nb) To Tower Oaks Blvd,Exit 4  Ramp 10 Ramp 4 Fr Is 270 Nb To Montrose Rd Eb To Tower Oaks Blvd,Urban,1,Interstate,15000RP00270  02NNIS4         10,15000RP00270--100410,2,North,2,F,0,7.05,100,100,0,0.6909,https://maps.roads.maryland.gov/itms_public/?stationid=S2005150073,6905,7420,7461,7532,7523,8120,8291,7560,7521,7572,7305,7870,7911,7982,7903,8530,8711,7860,7821,7882,,,,,,,NO ERROR,,,,,,,,,,,2,7.05,100,100,0,"6,905","7,420","7,461","7,532","7,523","8,120","8,291","7,560","7,521","7,572","7,305","7,870","7,911","7,982","7,903","8,530","8,711","7,860","7,821","7,882",N/A,N/A,N/A,N/A,N/A,N/A,N/A
-8570748.4681,4720976.0034,3047,S2012150764,15,Montgomery,0,None,Carroll Ave,CO,725,  ,0.08,0,0.43,Carroll Ave - .10 Mile North Of Md 193,University Blvd E To Piney Branch Rd,Urban,4,Minor Arterial,15000CO00725  01NN**************,15000CO00725--1-----,1,South,2,F,0,8.7,76.55,42.06,57.94,1.6764,https://maps.roads.maryland.gov/itms_public/?stationid=S2012150764,,,9820,9841,9812,10073,10264,10515,10680,10681,,,10610,10631,10502,10783,10984,11255,11430,11321,,,,,,,NO ERROR,,,,,,,,,,,2,8.7,76.55,42.06,57.94,N/A,N/A,"9,820","9,841","9,812","10,073","10,264","10,515","10,680","10,681",N/A,N/A,"10,610","10,631","10,502","10,783","10,984","11,255","11,430","11,321",N/A,N/A,N/A,N/A,N/A,N/A,N/A
-8595898.6023,4742898.8754,3051,S2009150021,15,Montgomery,0,None,Ramp 1 Fr Ramp 8 (fr Is270) To Md 124 Eb,RP,270,  ,0.02,0,0.03,Exit 11 Ramp 1 Fr Ramp 8 (fr Is 270) To Md 124 Eb,Exit 11 Ramp 01 Ramp 8 Fr Is 270 Sb To Md 124 Wb To Quince Orchard Rd,Urban,1,Interstate,15000RP00270  02SSIS11        01,15000RP00270--101101,2,East,2,F,0,7.12,100,100,0,0.0998,https://maps.roads.maryland.gov/itms_public/?stationid=S2009150021,11451,11462,11523,11634,11625,8700,8881,9092,9043,9114,12141,12152,12213,12334,12215,9140,9331,9462,9413,9484,,,,,,,NO ERROR,,,,,,,,,,,2,7.12,100,100,0,"11,451","11,462","11,523","11,634","11,625","8,700","8,881","9,092","9,043","9,114","12,141","12,152","12,213","12,334","12,215","9,140","9,331","9,462","9,413","9,484",N/A,N/A,N/A,N/A,N/A,N/A,N/A
-8578717.6532,4748510.1315,3052,B150118,15,Montgomery,0,None,Holiday Dr                              ,CO,2595,  ,0.02,0,0.14,Holiday Dr-.02 Mi E Of Md97,Md 97 To Road End,Rural,7,Local,15000CO02595  01EE**************,15000CO02595--1-----,1,East,2,F,0,9.28,55.56,51.03,48.97,0.0048,https://maps.roads.maryland.gov/itms_public/?stationid=B150118,91,92,93,94,95,90,91,92,93,94,101,102,103,104,105,100,101,102,103,104,,,,,,,NO ERROR,,,,,,,,,,,2,9.28,55.56,51.03,48.97,91,92,93,94,95,90,91,92,93,94,101,102,103,104,105,100,101,102,103,104,N/A,N/A,N/A,N/A,N/A,N/A,N/A
-8595092.2644,4738134.3952,3059,S2012150728,15,Montgomery,0,None,Diamondback Dr,CO,211,  ,0.25,0,0.35,Diamondback Dr - .10 Mile West Of Sam Eig Hwy,Muddy Branch Rd To Sam Eig Hwy,Urban,5,Major Collector,15000CO00211  01EE**************,15000CO00211--1-----,1,West,3,F,0,9.89,73.95,42.62,57.38,2.2421,https://maps.roads.maryland.gov/itms_public/?stationid=S2012150728,,,16520,16551,16502,16933,17264,17685,17550,17551,,,17840,17881,17662,18123,18474,18755,18600,19311,,,,,,,NO ERROR,,,,,,,,,,,3,9.89,73.95,42.62,57.38,N/A,N/A,"16,520","16,551","16,502","16,933","17,264","17,685","17,550","17,551",N/A,N/A,"17,840","17,881","17,662","18,123","18,474","18,755","18,600","19,311",N/A,N/A,N/A,N/A,N/A,N/A,N/A
-8599759.8928,4738279.5666,3066,S2012150724,15,Montgomery,0,None,Quince Orchard Rd,CO,209,  ,0.14,0,0.73,Quince Orchard Rd - .10 Mile South Of Md 28,Md 28 To Quince Mill Dr,Urban,5,Major Collector,15000CO00209  01SS**************,15000CO00209--1-----,1,North,3,F,0,10.77,52.36,51.37,48.63,2.4969,https://maps.roads.maryland.gov/itms_public/?stationid=S2012150724,,,8270,8291,8272,8493,8654,8865,9370,9371,,,8930,8951,8852,9093,9264,9495,10030,9931,,,,,,,NO ERROR,,,,,,,,,,,3,10.77,52.36,51.37,48.63,N/A,N/A,"8,270","8,291","8,272","8,493","8,654","8,865","9,370","9,371",N/A,N/A,"8,930","8,951","8,852","9,093","9,264","9,495","10,030","9,931",N/A,N/A,N/A,N/A,N/A,N/A,N/A
-8595495.6825,4744146.8877,3067,S2017150263,15,Montgomery,63,Gaithersburg,Christopher Ave,MU,43,  ,0.1,0,0.19,Christopher Ave - .10 Mile North Of Md 355,Md 355 To Russell Ave,Urban,6,Minor Collector,15063MU00043  01NN**************,15063MU00043--1-----,1,South,4,F,0,8.84,66.05,41.42,58.58,0.7165,https://maps.roads.maryland.gov/itms_public/?stationid=S2017150263,,,,,,,,10420,10331,10332,,,,,,,,11050,10951,11372,,,,,,,NO ERROR,,,,,,,,,,,4,8.84,66.05,41.42,58.58,N/A,N/A,N/A,N/A,N/A,N/A,N/A,"10,420","10,331","10,332",N/A,N/A,N/A,N/A,N/A,N/A,N/A,"11,050","10,951","11,372",N/A,N/A,N/A,N/A,N/A,N/A,N/A
-8572584.8778,4737505.7381,3074,S2002150178,15,Montgomery,0,None,Norwood Rd,CO,72,  ,0.5,0,1.397,Norwood Rd -.50 Mile West Of Md 650,Md 650 T Onorbeck Rd,Urban,4,Minor Arterial,15000CO00072  01WW**************,15000CO00072--1-----,1,West,3,F,0,8.85,54.62,49.57,50.43,6.5987,https://maps.roads.maryland.gov/itms_public/?stationid=S2002150178,,,13020,13051,13012,13353,13614,13945,12940,12941,,,14060,14101,13922,14293,14574,14925,13850,13721,20,10950,1304,32,523,112,NO ERROR,635,,,0.00154548,0.8461479,0.10076501,0.00247276,0.04041419,0.00865466,0.04906885,3,8.85,54.62,49.57,50.43,N/A,N/A,"13,020","13,051","13,012","13,353","13,614","13,945","12,940","12,941",N/A,N/A,"14,060","14,101","13,922","14,293","14,574","14,925","13,850","13,721",20,"10,950",32,"1,304",523,112,635
-8587015.4057,4732897.0699,3077,B2979,15,Montgomery,0,None,First St,MD,911,  ,0.1,0,0.21,Md911-.10 Mi N Of Md355,Md 355 To 586,Urban,3,Principal Arterial Other,15000MD00911  01NN**************,15000MD00911--1-----,1,North,4,F,0,7.09,56.6,49.07,50.93,1.9149,https://maps.roads.maryland.gov/itms_public/?stationid=B2979,25072,25070,24871,24922,23110,23711,24162,24190,23971,24982,26832,27080,26861,26922,24730,25371,25852,25880,25651,25412,,,,,,,NO ERROR,,,,,,,,,,,4,7.09,56.6,49.07,50.93,"25,072","25,070","24,871","24,922","23,110","23,711","24,162","24,190","23,971","24,982","26,832","27,080","26,861","26,922","24,730","25,371","25,852","25,880","25,651","25,412",N/A,N/A,N/A,N/A,N/A,N/A,N/A
-8591517.5877,4739583.2969,3086,S2001150155,15,Montgomery,0,None,Ramp 1 Fr Md 355 Nb To Is 370 Wb,RP,370,  ,0.11,0,0.26,Exit 2 Ramp 1 Fr Md 355 Nb To Is 370 Wb,Exit 2  Ramp 01 Frederick Rd To Is 370,Urban,1,Interstate,15000RP00370  02NNIS2         01,15000RP00370--100201,2,West,1,F,0,7.74,100,0,100,0.9843,https://maps.roads.maryland.gov/itms_public/?stationid=S2001150155,,,,,11240,11511,11752,10360,10301,10372,,,,,11800,12091,12342,10770,10711,10792,,,,,,,NO ERROR,,,,,,,,,,,1,7.74,100,0,100,N/A,N/A,N/A,N/A,"11,240","11,511","11,752","10,360","10,301","10,372",N/A,N/A,N/A,N/A,"11,800","12,091","12,342","10,770","10,711","10,792",N/A,N/A,N/A,N/A,N/A,N/A,N/A
-8582663.7369,4723743.8907,3090,B2865,15,Montgomery,0,None,Rockville Pike,MD,355,  ,3.79,3.68,3.96,Md355-.20 Mi S Of Is495,Alta Vista Rd To Is 495,Urban,3,Principal Arterial Other,15000MD00355  01NN**************,15000MD00355--1-----,1,North,6,F,1,7.51,64.13,52.62,47.38,6.1025,https://maps.roads.maryland.gov/itms_public/?stationid=B2865,64231,64492,66400,66531,66332,62890,64091,65632,59710,59711,68731,69652,71710,71851,70982,67290,68581,70232,63890,63291,18,51928,5349,519,1566,331,NO ERROR,1897,,,0.00030145,0.86965551,0.08958148,0.00869187,0.02622632,0.00554337,0.03176969,6,7.51,64.13,52.62,47.38,"64,231","64,492","66,400","66,531","66,332","62,890","64,091","65,632","59,710","59,711","68,731","69,652","71,710","71,851","70,982","67,290","68,581","70,232","63,890","63,291",18,"51,928",519,"5,349","1,566",331,"1,897"
-8573560.8189,4724040.9159,3094,S2000150181,15,Montgomery,0,None,Ramp 7 Fr Is 495 Wb To Us 29 Sb,RP,495,  ,0.05,0,0.17,Exit 30 Ramp 7 Fr Is 495 Wb To Us 29 Sb,Exit 30 Ramp 07 Capital Beltway To Colesville Rd,Urban,1,Interstate,15000RP00495  02WWIS30        07,15000RP00495--103007,2,South,1,F,0,8.44,100,0,100,0.4705,https://maps.roads.maryland.gov/itms_public/?stationid=S2000150181,7660,7671,7712,7783,7784,7975,7380,7561,7522,7583,8120,8131,8182,8253,8174,8375,7750,7861,7822,7893,,,,,,,NO ERROR,,,,,,,,,,,1,8.44,100,0,100,"7,660","7,671","7,712","7,783","7,784","7,975","7,380","7,561","7,522","7,583","8,120","8,131","8,182","8,253","8,174","8,375","7,750","7,861","7,822","7,893",N/A,N/A,N/A,N/A,N/A,N/A,N/A
-8583430.1556,4723622.5541,3096,S2012150775,15,Montgomery,0,None,Linden Ave                              ,CO,1047,  ,0.53,0,0.58,Linden Ave - .10 Mile South Of Pooks Hill Rd,Acacia Ave To Pooks Hill Rd,Urban,7,Local,15000CO01047  01NN**************,15000CO01047--1-----,1,North,2,F,0,10.5,64.66,58.07,41.93,0.5295,https://maps.roads.maryland.gov/itms_public/?stationid=S2012150775,,,4410,4421,4412,4533,4624,4745,2500,2501,,,4760,4781,4722,4853,4954,5035,2650,2751,,,,,,,NO ERROR,,,,,,,,,,,2,10.5,64.66,58.07,41.93,N/A,N/A,"4,410","4,421","4,412","4,533","4,624","4,745","2,500","2,501",N/A,N/A,"4,760","4,781","4,722","4,853","4,954","5,035","2,650","2,751",N/A,N/A,N/A,N/A,N/A,N/A,N/A
-8605851.842,4760576.3735,3102,B2877,15,Montgomery,0,None,Frederick Rd,MD,355,  ,25.64,23.88,26.83,Md355-1.0 Mi S Of Md109,Comus Rd To Frederick Co/l,Rural,5,Major Collector,15000MD00355  01NN**************,15000MD00355--1-----,1,North,2,C,1,10.94,82.25,50.02,49.98,8.8078,https://maps.roads.maryland.gov/itms_public/?stationid=B2877,7950,7801,7822,7783,7784,7975,8155,8335,8295,8180,8350,8431,8292,8333,8254,8455,8745,8845,8795,8670,,,,,,,NO ERROR,,,,,,,,,,,2,10.94,82.25,50.02,49.98,"7,950","7,801","7,822","7,783","7,784","7,975","8,155","8,335","8,295","8,180","8,350","8,431","8,292","8,333","8,254","8,455","8,745","8,845","8,795","8,670",N/A,N/A,N/A,N/A,N/A,N/A,N/A
-8588025.0185,4733649.8452,3105,S2012150961,15,Montgomery,130,Rockville,Monroe Pl,MU,2138,  ,0.02,0,0.11,Monroe Pl - Between Md 355 & Monroe St,Rockville Pike To Monroe St,Urban,5,Major Collector,15130MU02138  01WW**************,15130MU02138--1-----,1,West,2,F,0,9.57,53.37,57.65,42.35,0.1462,https://maps.roads.maryland.gov/itms_public/?stationid=S2012150961,,,4390,4401,4392,4513,4604,4715,3640,3641,,,4740,4751,4702,4833,4934,5005,3860,4011,,,,,,,NO ERROR,,,,,,,,,,,2,9.57,53.37,57.65,42.35,N/A,N/A,"4,390","4,401","4,392","4,513","4,604","4,715","3,640","3,641",N/A,N/A,"4,740","4,751","4,702","4,833","4,934","5,005","3,860","4,011",N/A,N/A,N/A,N/A,N/A,N/A,N/A
-8595313.0887,4743438.0688,3106,B2778,15,Montgomery,0,None,Quince Orchard Rd,MD,124,  ,3.52,3.41,3.59,Md124-.30 Mi N Of Is270,Is 270 (nb) Ramps 2&4 To Md 355,Urban,3,Principal Arterial Other,15000MD00124  01NN**************,15000MD00124--1-----,1,North,7,F,0,7.56,54.12,49.35,50.65,4.7725,https://maps.roads.maryland.gov/itms_public/?stationid=B2778,78771,79092,75490,75641,75412,72600,73981,75762,72640,72641,84291,85422,81530,81691,80692,77680,79161,81072,77730,77001,36,63171,6817,404,1486,727,NO ERROR,2213,,,0.00049559,0.86963285,0.09384507,0.0055616,0.02045677,0.01000812,0.03046489,7,7.56,54.12,49.35,50.65,"78,771","79,092","75,490","75,641","75,412","72,600","73,981","75,762","72,640","72,641","84,291","85,422","81,530","81,691","80,692","77,680","79,161","81,072","77,730","77,001",36,"63,171",404,"6,817","1,486",727,"2,213"
-8599751.8848,4750438.9755,3112,S2012150899,15,Montgomery,0,None,Observation Dr,CO,6941,  ,2.13,1.36,2.94,Observation Dr - .10 Mi South Of Ridge Rd,Boland Farm Rd To Road End,Urban,5,Major Collector,15000CO06941  01NN**************,15000CO06941--1-----,1,North,4,F,0,9.35,61.06,47.38,52.62,6.9498,https://maps.roads.maryland.gov/itms_public/?stationid=S2012150899,,,7770,7791,7772,7973,8124,8325,12050,12051,,,8390,8411,8322,8533,8694,8835,12770,13261,,,,,,,NO ERROR,,,,,,,,,,,4,9.35,61.06,47.38,52.62,N/A,N/A,"7,770","7,791","7,772","7,973","8,124","8,325","12,050","12,051",N/A,N/A,"8,390","8,411","8,322","8,533","8,694","8,835","12,770","13,261",N/A,N/A,N/A,N/A,N/A,N/A,N/A
-8596139.4369,4742318.2708,3113,B2776,15,Montgomery,0,None,Quince Orchard Rd,MD,124,  ,2.83,2.73,3.41,Md124-.10 Mi N Of Md117,Md 117 To Is 270 (nb) Ramps 2&4,Urban,3,Principal Arterial Other,15000MD00124  01NN**************,15000MD00124--1-----,1,North,5,F,0,6.99,51.34,50.47,49.53,7.2527,https://maps.roads.maryland.gov/itms_public/?stationid=B2776,29521,29642,28840,28901,28812,29230,29791,30512,29220,29221,31591,32012,31150,31211,30832,31280,31881,32652,31270,30971,109,24534,3119,113,1113,233,NO ERROR,1346,,,0.00373019,0.83960166,0.1067383,0.00386708,0.03808905,0.00797372,0.04606276,5,6.99,51.34,50.47,49.53,"29,521","29,642","28,840","28,901","28,812","29,230","29,791","30,512","29,220","29,221","31,591","32,012","31,150","31,211","30,832","31,280","31,881","32,652","31,270","30,971",109,"24,534",113,"3,119","1,113",233,"1,346"
-8594822.5751,4743605.234,3120,S2012150926,15,Montgomery,63,Gaithersburg,Russell Ave,MU,340,  ,1.1,0,1.22,Russell Ave - .10 Mi South Of Md 124,E Diamond St  To Md 124,Urban,5,Major Collector,15063MU00340  01NN**************,15063MU00340--1-----,1,North,4,F,0,9.33,54.45,40.06,59.94,5.8383,https://maps.roads.maryland.gov/itms_public/?stationid=S2012150926,,,9180,9201,9172,9413,9594,9825,13110,13111,,,9910,9941,9812,10073,10274,10425,13900,14421,,,,,,,NO ERROR,,,,,,,,,,,4,9.33,54.45,40.06,59.94,N/A,N/A,"9,180","9,201","9,172","9,413","9,594","9,825","13,110","13,111",N/A,N/A,"9,910","9,941","9,812","10,073","10,274","10,425","13,900","14,421",N/A,N/A,N/A,N/A,N/A,N/A,N/A
-8563698.4594,4738033.2448,3122,S2010150040,15,Montgomery,0,None,Ramp 9 Fr Park & Ride To Us 29 Sb,RP,29,  ,0.07,0,0.156,Exit 11a Ramp 9 Fr Park & Ride To Us 29 Sb,Exit 11 Ramp 09 No Name To Columbia Pike,Urban,2,Principal Arterial Other Freeways and Expressways,15000RP00029  02EEUS11A       09,15000RP00029--111A09,2,East,1,F,0,10.98,100,100,0,0.0178,https://maps.roads.maryland.gov/itms_public/?stationid=S2010150040,360,310,311,312,313,324,335,310,311,312,390,340,341,342,343,354,365,330,331,332,,,,,,,NO ERROR,,,,,,,,,,,1,10.98,100,100,0,360,310,311,312,313,324,335,310,311,312,390,340,341,342,343,354,365,330,331,332,N/A,N/A,N/A,N/A,N/A,N/A,N/A
-8579744.2343,4738669.3609,3130,S2012151306,15,Montgomery,0,None,Ramp 2 Fr Rp 7 (fr Md200 Wb) To Md 97 Nb,RP,200,  ,0.12,0,0.3,Exit 9 Ramp 2 Fr Ramp 7 (fr Md 200 Wb) To Md 97 Nb,Exit 8  Ramp 02 Ramp 7 (fr Md 200 Wb) To Md 97 Nb,Urban,2,Principal Arterial Other Freeways and Expressways,15000RP00200  02WWMD8         02,15000RP00200--100802,2,North,1,F,0,10.78,100,100,0,0.3408,https://maps.roads.maryland.gov/itms_public/?stationid=S2012151306,,,1250,1251,1252,1293,1324,3140,3111,3112,,,1350,1351,1342,1383,1424,3360,3331,3302,,,,,,,NO ERROR,,,,,,,,,,,1,10.78,100,100,0,N/A,N/A,"1,250","1,251","1,252","1,293","1,324","3,140","3,111","3,112",N/A,N/A,"1,350","1,351","1,342","1,383","1,424","3,360","3,331","3,302",N/A,N/A,N/A,N/A,N/A,N/A,N/A
-8572275.4177,4724040.2525,3134,B2834,15,Montgomery,0,None,University Blvd E,MD,193,  ,4.81,4.32,4.91,Md193-.10 Mi W Of Is495,Us 29 To Is 495,Urban,3,Principal Arterial Other,15000MD00193  01EE**************,15000MD00193--1-----,1,East,7,F,1,8.31,51.8,51.24,48.76,8.5819,https://maps.roads.maryland.gov/itms_public/?stationid=B2834,36051,36202,36120,36191,36082,37600,38311,39232,39850,39851,38581,39102,39010,39091,38612,40230,40991,41982,42640,42241,119,34008,3976,244,1130,374,NO ERROR,1504,,,0.00298612,0.85337884,0.09977165,0.00612281,0.02835562,0.00938496,0.03774058,7,8.31,51.8,51.24,48.76,"36,051","36,202","36,120","36,191","36,082","37,600","38,311","39,232","39,850","39,851","38,581","39,102","39,010","39,091","38,612","40,230","40,991","41,982","42,640","42,241",119,"34,008",244,"3,976","1,130",374,"1,504"
-8566850.6932,4731355.6952,3136,S2012150659,15,Montgomery,0,None,Musgrove Rd,CO,101,  ,0.56,0,0.87,Musgrove Rd - .10 Mile East Of Us 29,Ruxton Rd To Fairland Rd,Urban,5,Major Collector,15000CO00101  01EE**************,15000CO00101--1-----,1,West,3,C,0,8.17,79.65,54.75,45.25,1.1241,https://maps.roads.maryland.gov/itms_public/?stationid=S2012150659,,,3520,3180,3171,3252,3313,3394,3365,3540,,,3800,3430,3391,3482,3553,3604,3575,3890,,,,,,,NO ERROR,,,,,,,,,,,3,8.17,79.65,54.75,45.25,N/A,N/A,"3,520","3,180","3,171","3,252","3,313","3,394","3,365","3,540",N/A,N/A,"3,800","3,430","3,391","3,482","3,553","3,604","3,575","3,890",N/A,N/A,N/A,N/A,N/A,N/A,N/A
-8590708.1179,4733911.834,3138,S2000150022,15,Montgomery,0,None,Ramp 3 Fr Md 28 Eb To Is 270 Nb,RP,270,  ,0.05,0,0.2,Exit 6 Ramp 3 Fr Md 28 Eb To Is 270 Nb,Exit 6  Ramp 03 W Montgomery Ave To Eisenhower Memorial Hwy,Urban,1,Interstate,15000RP00270  02NNIS6         03,15000RP00270--100603,2,North,1,F,0,9.34,100,100,0,0.0891,https://maps.roads.maryland.gov/itms_public/?stationid=S2000150022,1304,1400,1180,1191,1192,1223,1254,1285,1210,1221,1384,1480,1250,1261,1252,1283,1324,1345,1260,1271,,,,,,,NO ERROR,,,,,,,,,,,1,9.34,100,100,0,"1,304","1,400","1,180","1,191","1,192","1,223","1,254","1,285","1,210","1,221","1,384","1,480","1,250","1,261","1,252","1,283","1,324","1,345","1,260","1,271",N/A,N/A,N/A,N/A,N/A,N/A,N/A
-8580405.2906,4719937.8691,3141,B2891,15,Montgomery,0,None,East West Hwy,MD,410,  ,0.91,0.45,1.01,Md410-.10 Mi W Of Md185,Md 410 (wb/l) To Md 185,Urban,3,Principal Arterial Other,15000MD00410  01EE**************,15000MD00410--1-----,1,East,4,F,1,8.58,66.03,51.65,48.35,5.7297,https://maps.roads.maryland.gov/itms_public/?stationid=B2891,26222,26400,26191,26242,26180,26861,27372,27140,26901,28032,28062,28510,28291,28342,28010,28741,29292,29040,28781,28522,,,,,,,NO ERROR,,,,,,,,,,,4,8.58,66.03,51.65,48.35,"26,222","26,400","26,191","26,242","26,180","26,861","27,372","27,140","26,901","28,032","28,062","28,510","28,291","28,342","28,010","28,741","29,292","29,040","28,781","28,522",N/A,N/A,N/A,N/A,N/A,N/A,N/A
-8592367.3908,4737293.9454,3142,S2000150033,15,Montgomery,0,None,Ramp 6 Fr Shady Grove Rd Eb To Is 270 Sb,RP,270,  ,0.1,0,0.18,Exit 8 Ramp 6 Fr Shady Grove Rd Eb To Is 270 Sb,Exit 8  Ramp 06 Shady Grove Rd To Eisenhower Memorial Hwy,Urban,1,Interstate,15000RP00270  02SSIS8         06,15000RP00270--100806,2,South,1,F,0,12.23,100,0,100,0.3228,https://maps.roads.maryland.gov/itms_public/?stationid=S2000150033,6484,6510,6541,6602,6603,4680,4781,4902,4873,4914,6874,6900,6931,7002,6933,4910,5021,5102,5073,5114,,,,,,,NO ERROR,,,,,,,,,,,1,12.23,100,0,100,"6,484","6,510","6,541","6,602","6,603","4,680","4,781","4,902","4,873","4,914","6,874","6,900","6,931","7,002","6,933","4,910","5,021","5,102","5,073","5,114",N/A,N/A,N/A,N/A,N/A,N/A,N/A
-8573556.762,4723845.4532,3146,S2000150180,15,Montgomery,0,None,Ramp 6 Fr Is 495 Eb To Us 29 Sb,RP,495,  ,0.1,0,0.17,Exit 30 Ramp 6 Fr Is 495 Eb To Us 29 Sb,Exit 30 Ramp 06 Capital Beltway To Colesville Rd,Urban,1,Interstate,15000RP00495  02EEIS30        06,15000RP00495--103006,2,South,1,F,0,8.42,100,0,100,0.169,https://maps.roads.maryland.gov/itms_public/?stationid=S2000150180,2580,2581,2592,2623,2624,2695,2650,2711,2702,2723,2740,2741,2752,2783,2764,2835,2780,2821,2812,2833,,,,,,,NO ERROR,,,,,,,,,,,1,8.42,100,0,100,"2,580","2,581","2,592","2,623","2,624","2,695","2,650","2,711","2,702","2,723","2,740","2,741","2,752","2,783","2,764","2,835","2,780","2,821","2,812","2,833",N/A,N/A,N/A,N/A,N/A,N/A,N/A
-8571503.9141,4734414.6297,3147,S2012151280,15,Montgomery,0,None,Ramp 2 Fr Rp 7 (fr Md200 Wb) To Md650 Nb,RP,200,  ,0.02,0,0.04,Exit 13 Ramp 2 Fr Ramp 7 (fr Md 200 Wb) To Md 650 Nb,Exit 13 Ramp 02 Ramp 7 (fr Md 200 Wb) To Md 650 Nb,Urban,2,Principal Arterial Other Freeways and Expressways,15000RP00200  02NNMD13        02,15000RP00200--101302,2,North,1,F,0,10.86,100,100,0,0.0174,https://maps.roads.maryland.gov/itms_public/?stationid=S2012151280,,,400,401,402,413,424,1200,1191,1192,,,430,431,432,443,454,1280,1271,1262,,,,,,,NO ERROR,,,,,,,,,,,1,10.86,100,100,0,N/A,N/A,400,401,402,413,424,"1,200","1,191","1,192",N/A,N/A,430,431,432,443,454,"1,280","1,271","1,262",N/A,N/A,N/A,N/A,N/A,N/A,N/A
-8564085.5636,4736897.0847,3152,S2010150033,15,Montgomery,0,None,Ramp 5 Fr Ramp 6 (us29) To Blackburn Rd,RP,29,  ,0.15,0,0.238,Exit 10b Ramp 5 Fr Ramp 6 (fr Us 29 Sb) To Blackburn Rd,Exit 10 Ramp 05 Ramp 6 Fr Md 198 Eb To Us 29 Sb To Blackburn Rd,Urban,2,Principal Arterial Other Freeways and Expressways,15000RP00029  02SSUS10B       05,15000RP00029--110B05,2,South,1,F,0,11.54,100,0,100,0.1009,https://maps.roads.maryland.gov/itms_public/?stationid=S2010150033,1130,1141,1132,1133,1134,1165,1150,1170,1161,1162,1210,1231,1222,1223,1214,1255,1230,1250,1241,1232,,,,,,,NO ERROR,,,,,,,,,,,1,11.54,100,0,100,"1,130","1,141","1,132","1,133","1,134","1,165","1,150","1,170","1,161","1,162","1,210","1,231","1,222","1,223","1,214","1,255","1,230","1,250","1,241","1,232",N/A,N/A,N/A,N/A,N/A,N/A,N/A
-8588639.7478,4717587.034,3165,S2009150015,15,Montgomery,0,None,Ramp 1 Fr Gv 31 To Ramp 8,RP,6,  ,0.01,0,0.02,Exit 2 Ramp 1 Fr Ericsson Rd To Ramp 8 (to Clara Barton Pkwy Wb),Exit 2  Ramp 01 Ericsson Rd To Ramp 8 Fr Ericsson Rd To C Barton Pkwy,Urban,2,Principal Arterial Other Freeways and Expressways,15000RP00006  02WWGV2         01,15000RP00006--100201,2,West,1,F,0,13.33,100,0,100,0.0005,https://maps.roads.maryland.gov/itms_public/?stationid=S2009150015,,51,51,52,53,60,61,62,63,64,,0,61,62,63,60,71,72,73,74,,,,,,,NO ERROR,,,,,,,,,,,1,13.33,100,0,100,N/A,51,51,52,53,60,61,62,63,64,N/A,0,61,62,63,60,71,72,73,74,N/A,N/A,N/A,N/A,N/A,N/A,N/A
-8583303.6257,4726644.7468,3170,B2905,15,Montgomery,0,None,Strathmore Ave,MD,547,  ,0.1,0,0.76,Md547-.10 Mi E Of Md355,Md 355 To Montrose Ave,Urban,4,Minor Arterial,15000MD00547  01EE**************,15000MD00547--1-----,1,East,2,F,0,8.34,61.91,54.68,45.32,4.2423,https://maps.roads.maryland.gov/itms_public/?stationid=B2905,14910,14971,14852,14883,14844,15235,15070,15431,15292,15293,15950,16171,16042,16073,15884,16305,16130,16511,16362,16213,27,13189,1707,132,215,23,NO ERROR,238,,,0.00176551,0.86242072,0.1116197,0.0086314,0.01405872,0.00150396,0.01556268,2,8.34,61.91,54.68,45.32,"14,910","14,971","14,852","14,883","14,844","15,235","15,070","15,431","15,292","15,293","15,950","16,171","16,042","16,073","15,884","16,305","16,130","16,511","16,362","16,213",27,"13,189",132,"1,707",215,23,238
-8567527.2841,4730642.9022,3188,S2006150074,15,Montgomery,0,None,Ramp 6 Fr E Randolph Eb To Us 29 Sb,RP,29,  ,0.01,0,0.02,Exit 7 Ramp 6 Fr E Randolph Eb To Us 29 Sb,Exit 7  Ramp 06 E Randolph Rd To Ramp 7 Fr Randolph Rd To Ramp 6(to Us29),Urban,2,Principal Arterial Other Freeways and Expressways,15000RP00029  02SSUS7         06,15000RP00029--100706,2,South,2,F,0,8.93,100,0,100,0.0053,https://maps.roads.maryland.gov/itms_public/?stationid=S2006150074,784,770,690,691,692,713,734,755,720,721,844,830,750,751,742,763,794,815,770,761,,,,,,,NO ERROR,,,,,,,,,,,2,8.93,100,0,100,784,770,690,691,692,713,734,755,720,721,844,830,750,751,742,763,794,815,770,761,N/A,N/A,N/A,N/A,N/A,N/A,N/A
-8582433.1845,4718451.6421,3191,S2012150749,15,Montgomery,0,None,Hillandale Rd                           ,CO,442,  ,0.05,0,0.26,Hillandale Rd - Between Md 191 & Chevy Chase Dr,Bradley Blvd To Hillandale Rd (ahead),Urban,5,Major Collector,15000CO00442  01SS**************,15000CO00442--1-----,1,South,2,F,0,8.19,56.11,49.82,50.18,0.5714,https://maps.roads.maryland.gov/itms_public/?stationid=S2012150749,,,6000,6011,5992,6153,6274,6435,6020,6021,,,6480,6491,6412,6583,6714,6825,6380,6621,,,,,,,NO ERROR,,,,,,,,,,,2,8.19,56.11,49.82,50.18,N/A,N/A,"6,000","6,011","5,992","6,153","6,274","6,435","6,020","6,021",N/A,N/A,"6,480","6,491","6,412","6,583","6,714","6,825","6,380","6,621",N/A,N/A,N/A,N/A,N/A,N/A,N/A
-8577561.9731,4727524.5099,3196,B2831,15,Montgomery,0,None,University Blvd W,MD,193,  ,1.36,1.24,1.46,Md193-.10 Mi W Of Md97,Md 586 To Md 97,Urban,3,Principal Arterial Other,15000MD00193  01EE**************,15000MD00193--1-----,1,East,6,F,1,8.21,58.63,49.18,50.82,2.4926,https://maps.roads.maryland.gov/itms_public/?stationid=B2831,28981,29102,30040,30101,30012,31600,32201,32972,31040,31041,31011,31432,32440,32511,32112,33810,34461,35282,33210,32901,113,27453,2521,71,576,307,NO ERROR,883,,,0.00364035,0.88441094,0.08121517,0.0022873,0.0185561,0.00989015,0.02844625,6,8.21,58.63,49.18,50.82,"28,981","29,102","30,040","30,101","30,012","31,600","32,201","32,972","31,040","31,041","31,011","31,432","32,440","32,511","32,112","33,810","34,461","35,282","33,210","32,901",113,"27,453",71,"2,521",576,307,883
-8584453.4677,4729145.7778,3200,S2010150044,15,Montgomery,0,None,Ramp 4 Fr Md 355 Nb To Montrose Pkwy,RP,355,  ,0.04,0,0.085,Exit 7 Ramp 4 Fr Md 355 Nb To Montrose Pkwy,Exit 7  Ramp 04 Rockville Pike To Montrose Pkwy,Urban,3,Principal Arterial Other,15000RP00355  02NNMD7         04,15000RP00355--100704,2,North,1,F,0,9.96,100,100,0,0.0878,https://maps.roads.maryland.gov/itms_public/?stationid=S2010150044,4740,4761,3520,3531,3522,3613,3684,3775,2830,2831,5070,5141,3800,3811,3772,3873,3944,4045,3030,3001,,,,,,,NO ERROR,,,,,,,,,,,1,9.96,100,100,0,"4,740","4,761","3,520","3,531","3,522","3,613","3,684","3,775","2,830","2,831","5,070","5,141","3,800","3,811","3,772","3,873","3,944","4,045","3,030","3,001",N/A,N/A,N/A,N/A,N/A,N/A,N/A
-8589187.4825,4720628.2745,3203,S2006150042,15,Montgomery,0,None,Ramp 11 Fr Is 495 Sb To Is 495x Sb,RP,495,  ,0.1,0,0.16,Exit 39 Ramp 11 Fr Is 495 Sb To Is 495x Sb,Exit 39 Ramp 11 Capital Beltway To Ramp 7 Fr Md 190 To Ramp 11 (to Is495),Urban,1,Interstate,15000RP00495  02SSIS39        11,15000RP00495--103911,5,South,1,F,0,8.84,100,0,100,0.8323,https://maps.roads.maryland.gov/itms_public/?stationid=S2006150042,12664,12685,12960,13081,13072,13393,13674,14005,14150,14251,13424,13455,13740,13871,13732,14063,14364,14575,14720,14821,,,,,,,NO ERROR,,,,,,,,,,,1,8.84,100,0,100,"12,664","12,685","12,960","13,081","13,072","13,393","13,674","14,005","14,150","14,251","13,424","13,455","13,740","13,871","13,732","14,063","14,364","14,575","14,720","14,821",N/A,N/A,N/A,N/A,N/A,N/A,N/A
-8585842.1565,4730723.8878,3205,S2012150942,15,Montgomery,130,Rockville,Congressional La,MU,770,  ,0.12,0,0.51,Congressional La - .10 Mi West Of Md 355,Rockville Pike To Rollins Ave,Urban,7,Local,15130MU00770  01WW**************,15130MU00770--1-----,1,East,3,F,0,8.8,56.01,52.35,47.65,2.0441,https://maps.roads.maryland.gov/itms_public/?stationid=S2012150942,,,10200,10221,10192,10463,10664,10925,10980,10981,,,11020,11041,10912,11203,11414,11585,11640,12081,,,,,,,NO ERROR,,,,,,,,,,,3,8.8,56.01,52.35,47.65,N/A,N/A,"10,200","10,221","10,192","10,463","10,664","10,925","10,980","10,981",N/A,N/A,"11,020","11,041","10,912","11,203","11,414","11,585","11,640","12,081",N/A,N/A,N/A,N/A,N/A,N/A,N/A
-8593414.4283,4717705.4221,3206,S2009150009,15,Montgomery,0,None,Ramp 1 Fr Ramp 6 To Gv 29,RP,6,  ,0.01,0,0.01,Exit 1 Ramp 3 Fr Ramp 6 (fr Clara Barton Pkwy Eb) To Gv 29 Nb,Exit 1  Ramp 03 Ramp 6 Fr Clara Barton Pkwy To Gv 29 To Govt Spur Fr R&d Ctr,Urban,2,Principal Arterial Other Freeways and Expressways,15000RP00006  02EEGV1         03,15000RP00006--100103,2,North,1,F,0,20.81,100,100,0,0.0007,https://maps.roads.maryland.gov/itms_public/?stationid=S2009150009,,201,201,202,203,190,191,202,203,204,,0,221,222,223,200,201,222,223,224,,,,,,,NO ERROR,,,,,,,,,,,1,20.81,100,100,0,N/A,201,201,202,203,190,191,202,203,204,N/A,0,221,222,223,200,201,222,223,224,N/A,N/A,N/A,N/A,N/A,N/A,N/A
-8573325.6249,4723875.0757,3208,S2000150178,15,Montgomery,0,None,Ramp 3 Fr Is 495 Eb To Us 29 Nb,RP,495,  ,0.05,0,0.15,Exit 30 Ramp 3 Fr Is 495 Eb To Us 29 Nb,Exit 30 Ramp 03 Capital Beltway To Colesville Rd,Urban,1,Interstate,15000RP00495  02EEIS30        03,15000RP00495--103003,2,North,1,F,0,7.61,100,100,0,0.8039,https://maps.roads.maryland.gov/itms_public/?stationid=S2000150178,16240,16261,16342,16493,16484,16885,14330,14671,14582,14683,17210,17241,17322,17483,17314,17735,15050,15261,15172,15273,,,,,,,NO ERROR,,,,,,,,,,,1,7.61,100,100,0,"16,240","16,261","16,342","16,493","16,484","16,885","14,330","14,671","14,582","14,683","17,210","17,241","17,322","17,483","17,314","17,735","15,050","15,261","15,172","15,273",N/A,N/A,N/A,N/A,N/A,N/A,N/A
-8580108.2171,4744704.0647,3209,S2012150865,15,Montgomery,0,None,Queen Elizabeth Dr,CO,4272,  ,0.59,0,1.3,Queen Elizabeth Dr - .10 Mi North Of Md 108,Morningwood Dr To Georgia Ave,Urban,6,Minor Collector,15000CO04272  01NN**************,15000CO04272--1-----,1,North,2,F,0,11.19,62.26,50.4,49.6,1.5758,https://maps.roads.maryland.gov/itms_public/?stationid=S2012150865,,,3010,3021,3012,3093,3154,3235,3320,3321,,,3250,3261,3222,3313,3384,3435,3520,3651,,,,,,,NO ERROR,,,,,,,,,,,2,11.19,62.26,50.4,49.6,N/A,N/A,"3,010","3,021","3,012","3,093","3,154","3,235","3,320","3,321",N/A,N/A,"3,250","3,261","3,222","3,313","3,384","3,435","3,520","3,651",N/A,N/A,N/A,N/A,N/A,N/A,N/A
-8570635.3653,4728109.0507,3214,S2001150036,15,Montgomery,0,None,Ramp 2 Fr Us 29 Wb To Md 650 Nb,RP,29,  ,0.1,0,0.17,Exit 3 Ramp 2 Fr Us 29 Wb To Md 650 Nb,Exit 3  Ramp 02 Columbia Pike To New Hampshire Ave,Urban,2,Principal Arterial Other Freeways and Expressways,15000RP00029  02WWUS3         02,15000RP00029--100302,2,West,1,F,0,9.24,100,0,100,0.0938,https://maps.roads.maryland.gov/itms_public/?stationid=S2001150036,1494,1510,1410,1411,1412,1453,1484,1525,1510,1511,1604,1630,1520,1521,1512,1563,1594,1635,1620,1601,,,,,,,NO ERROR,,,,,,,,,,,1,9.24,100,0,100,"1,494","1,510","1,410","1,411","1,412","1,453","1,484","1,525","1,510","1,511","1,604","1,630","1,520","1,521","1,512","1,563","1,594","1,635","1,620","1,601",N/A,N/A,N/A,N/A,N/A,N/A,N/A
-8584430.8164,4723080.2826,3217,S2012150741,15,Montgomery,0,None,Beech Ave                               ,CO,324,  ,0.42,0,0.49,Beech Ave - Between Md 187 & Singleton Dr,Linden Ave To Wilmett Rd,Urban,5,Major Collector,15000CO00324  01WW**************,15000CO00324--1-----,1,East,2,F,0,9.32,67.83,51.17,48.83,1.1162,https://maps.roads.maryland.gov/itms_public/?stationid=S2012150741,,,5560,5571,5552,5703,5814,5955,6240,6241,,,6010,6021,5942,6103,6224,6315,6610,6871,,,,,,,NO ERROR,,,,,,,,,,,2,9.32,67.83,51.17,48.83,N/A,N/A,"5,560","5,571","5,552","5,703","5,814","5,955","6,240","6,241",N/A,N/A,"6,010","6,021","5,942","6,103","6,224","6,315","6,610","6,871",N/A,N/A,N/A,N/A,N/A,N/A,N/A
-8572193.5381,4723733.5335,3226,S2000150188,15,Montgomery,0,None,Ramp 5 Fr Md 193 Sb To Is 495 Eb,RP,495,  ,0.05,0,0.15,Exit 29 Ramp 5 Fr Md 193 Sb To Is 495 Eb,Exit 29 Ramp 05 University Blvd E To Capital Beltway,Urban,1,Interstate,15000RP00495  02SSIS29        05,15000RP00495--102905,2,East,1,F,0,8.16,100,100,0,0.3225,https://maps.roads.maryland.gov/itms_public/?stationid=S2000150188,,5680,5711,5700,5691,5360,5471,5602,5850,5891,,6020,6051,6040,5981,5630,5751,5832,6080,6131,,,,,,,NO ERROR,,,,,,,,,,,1,8.16,100,100,0,N/A,"5,680","5,711","5,700","5,691","5,360","5,471","5,602","5,850","5,891",N/A,"6,020","6,051","6,040","5,981","5,630","5,751","5,832","6,080","6,131",N/A,N/A,N/A,N/A,N/A,N/A,N/A
-8592559.5961,4737775.8293,3232,S2000150030,15,Montgomery,0,None,Ramp 2 Fr Shady Grove Rd Wb To Is 270 Nb,RP,270,  ,0.08,0,0.18,Exit 8 Ramp 2 Fr Shady Grove Rd Wb To Is 270 Nb,Exit 8  Ramp 02 Shady Grove Rd To Eisenhower Memorial Hwy,Urban,1,Interstate,15000RP00270  02NNIS8         02,15000RP00270--100802,2,North,1,F,0,10.66,100,100,0,0.5401,https://maps.roads.maryland.gov/itms_public/?stationid=S2000150030,6205,6800,6831,6892,6893,6470,6611,6772,8160,8221,6605,7210,7241,7312,7243,6790,6941,7042,8490,8551,,,,,,,NO ERROR,,,,,,,,,,,1,10.66,100,100,0,"6,205","6,800","6,831","6,892","6,893","6,470","6,611","6,772","8,160","8,221","6,605","7,210","7,241","7,312","7,243","6,790","6,941","7,042","8,490","8,551",N/A,N/A,N/A,N/A,N/A,N/A,N/A
-8594733.9133,4735477.6557,3235,S2012150765,15,Montgomery,0,None,Travilah Rd,CO,780,  ,0.06,0,2.76,Travilah Rd - .10 Mile South Of Darnestown Rd,Darnestown Rd To Dufief Rd,Urban,5,Major Collector,15000CO00780  01SS**************,15000CO00780--1-----,1,South,2,F,0,9.82,60.93,44.45,55.55,9.7829,https://maps.roads.maryland.gov/itms_public/?stationid=S2012150765,,,9500,9521,9492,9743,9934,10175,9710,9711,,,10260,10281,10162,10433,10634,10795,10290,10681,,,,,,,NO ERROR,,,,,,,,,,,2,9.82,60.93,44.45,55.55,N/A,N/A,"9,500","9,521","9,492","9,743","9,934","10,175","9,710","9,711",N/A,N/A,"10,260","10,281","10,162","10,433","10,634","10,795","10,290","10,681",N/A,N/A,N/A,N/A,N/A,N/A,N/A
-8576320.8443,4735842.9078,3240,S2012151274,15,Montgomery,0,None,Ramp 5 Fr Md182 Sb To Rp 4 (to Md200 Eb),RP,200,  ,0.02,0,0.035,Exit 10 Ramp 5 Fr Md 182 Sb To Ramp 4 (to Md 200 Eb),Exit 10 Ramp 05 Md 182 Sb To Ramp 4 (to Md 200 Eb),Urban,2,Principal Arterial Other Freeways and Expressways,15000RP00200  02EEMD10        05,15000RP00200--101005,2,East,1,F,0,11.28,100,100,0,0.0336,https://maps.roads.maryland.gov/itms_public/?stationid=S2012151274,,,220,221,222,233,244,255,2630,2631,,,240,241,242,253,264,275,2810,2791,,,,,,,NO ERROR,,,,,,,,,,,1,11.28,100,100,0,N/A,N/A,220,221,222,233,244,255,"2,630","2,631",N/A,N/A,240,241,242,253,264,275,"2,810","2,791",N/A,N/A,N/A,N/A,N/A,N/A,N/A
-8584863.7234,4723830.0795,3244,S2000150138,15,Montgomery,0,None,Ramp 3 Fr Ramp 6 (fr Is495) To Md 187 Nb,RP,495,  ,0.005,0,0.02,Exit 36 Ramp 3 Fr Is 495 Eb To Md 187 Nb,Exit 36 Ramp 03 Ramp 6 Fr Is 495 Eb To Md 187 Sb To Old Georgetown Rd,Urban,1,Interstate,15000RP00495  02EEIS36        03,15000RP00495--103603,2,East,2,F,0,13.05,100,100,0,0.0175,https://maps.roads.maryland.gov/itms_public/?stationid=S2000150138,,2240,2251,2272,2273,2334,2385,2380,2371,2392,,2370,2391,2412,2393,2454,2505,2480,2471,2492,,,,,,,NO ERROR,,,,,,,,,,,2,13.05,100,100,0,N/A,"2,240","2,251","2,272","2,273","2,334","2,385","2,380","2,371","2,392",N/A,"2,370","2,391","2,412","2,393","2,454","2,505","2,480","2,471","2,492",N/A,N/A,N/A,N/A,N/A,N/A,N/A
-8591820.7379,4735948.6712,3249,S2012150969,15,Montgomery,130,Rockville,Research Blvd,MU,2540,  ,0.66,0,0.7,Research Blvd - .10 Mi South Of W Gude Dr,Md 28 To W Gude Dr,Urban,5,Major Collector,15130MU02540  01NN**************,15130MU02540--1-----,1,North,4,F,0,10.76,59.85,48.69,51.31,3.0024,https://maps.roads.maryland.gov/itms_public/?stationid=S2012150969,,,11920,11941,11912,12223,12464,12765,11750,11751,,,12870,12901,12752,13083,13344,13535,12460,12931,,,,,,,NO ERROR,,,,,,,,,,,4,10.76,59.85,48.69,51.31,N/A,N/A,"11,920","11,941","11,912","12,223","12,464","12,765","11,750","11,751",N/A,N/A,"12,870","12,901","12,752","13,083","13,344","13,535","12,460","12,931",N/A,N/A,N/A,N/A,N/A,N/A,N/A
-8574215.3386,4721444.9884,3251,S2012150761,15,Montgomery,0,None,Cedar St,CO,623,  ,0.42,0,0.48,Cedar St - Between Elsworth Dr & Pershing Dr,Easley St To Ellsworth Dr,Urban,7,Local,15000CO00623  01NN**************,15000CO00623--1-----,1,South,2,F,0,9.06,56.41,48.88,51.12,1.3352,https://maps.roads.maryland.gov/itms_public/?stationid=S2012150761,,,7220,7231,7212,7403,7544,7735,7620,7621,,,7800,7811,7722,7923,8074,8205,8080,8381,,,,,,,NO ERROR,,,,,,,,,,,2,9.06,56.41,48.88,51.12,N/A,N/A,"7,220","7,231","7,212","7,403","7,544","7,735","7,620","7,621",N/A,N/A,"7,800","7,811","7,722","7,923","8,074","8,205","8,080","8,381",N/A,N/A,N/A,N/A,N/A,N/A,N/A
-8592664.8826,4737456.9306,3259,S2000150031,15,Montgomery,0,None,Ramp 7 Fr Shady Grove Rd Wb To Is 270 Sb,RP,270,  ,0.08,0,0.26,Exit 8 Ramp 7 Fr Shady Grove Rd Wb To Is 270 Sb,Exit 8  Ramp 07 Shady Grove Rd To Eisenhower Memorial Hwy,Urban,1,Interstate,15000RP00270  02SSIS8         07,15000RP00270--100807,2,South,1,F,0,7.59,100,0,100,0.7169,https://maps.roads.maryland.gov/itms_public/?stationid=S2000150031,8205,8650,8691,8772,8763,7200,7351,7532,7493,7554,8705,9170,9211,9302,9203,7560,7721,7832,7793,7864,,,,,,,NO ERROR,,,,,,,,,,,1,7.59,100,0,100,"8,205","8,650","8,691","8,772","8,763","7,200","7,351","7,532","7,493","7,554","8,705","9,170","9,211","9,302","9,203","7,560","7,721","7,832","7,793","7,864",N/A,N/A,N/A,N/A,N/A,N/A,N/A
-8571756.6406,4732911.8789,3263,B2917,15,Montgomery,0,None,New Hampshire Ave,MD,650,  ,7.73,7.53,9.98,Md650-.20 Mi N Of Randolph Rd,Randolph Rd To Briggs Chaney Rd,Urban,3,Principal Arterial Other,15000MD00650  01NN**************,15000MD00650--1-----,1,North,5,C,2,8.83,58.43,49.65,50.35,39.5259,https://maps.roads.maryland.gov/itms_public/?stationid=B2917,35311,35452,38830,38911,38792,41440,42231,43252,42863,44200,37781,38292,41940,42021,41512,44340,45191,46282,45863,46850,,,,,,,NO ERROR,,,,,,,,,,,5,8.83,58.43,49.65,50.35,"35,311","35,452","38,830","38,911","38,792","41,440","42,231","43,252","42,863","44,200","37,781","38,292","41,940","42,021","41,512","44,340","45,191","46,282","45,863","46,850",N/A,N/A,N/A,N/A,N/A,N/A,N/A
-8600682.5053,4756903.1703,3268,S2012150647,15,Montgomery,0,None,Needle Dr,CO,66,  ,0.11,0,0.4,Needle Dr - Between Stringtown Rd & Dancrest Dr,Stringtown Rd To Piedmont Rd,Urban,5,Major Collector,15000CO00066  01SS**************,15000CO00066--1-----,1,North,2,F,0,9.95,53.23,51.77,48.23,0.0834,https://maps.roads.maryland.gov/itms_public/?stationid=S2012150647,,,520,521,522,543,554,575,570,571,,,560,561,562,583,594,615,600,631,,,,,,,NO ERROR,,,,,,,,,,,2,9.95,53.23,51.77,48.23,N/A,N/A,520,521,522,543,554,575,570,571,N/A,N/A,560,561,562,583,594,615,600,631,N/A,N/A,N/A,N/A,N/A,N/A,N/A
-8594447.292,4725584.7363,3272,S2012150720,15,Montgomery,0,None,S Glen Rd,CO,196,  ,0.09,0,1.74,S Glen Rd - .10 Mile West Of Md 189,Falls Rd To Glen Mill Rd,Urban,5,Major Collector,15000CO00196  01WW**************,15000CO00196--1-----,1,East,2,F,0,11.5,80.33,49.71,50.29,5.3545,https://maps.roads.maryland.gov/itms_public/?stationid=S2012150720,,,8190,8211,8192,8413,8574,8785,8430,8431,,,8850,8871,8772,9003,9174,9315,8940,9271,,,,,,,NO ERROR,,,,,,,,,,,2,11.5,80.33,49.71,50.29,N/A,N/A,"8,190","8,211","8,192","8,413","8,574","8,785","8,430","8,431",N/A,N/A,"8,850","8,871","8,772","9,003","9,174","9,315","8,940","9,271",N/A,N/A,N/A,N/A,N/A,N/A,N/A
-8587355.2147,4733231.6995,3275,S2009150006,15,Montgomery,0,None,Ramp 5 Fr Stonestreet Ave To Md 28 Eb,RP,28,  ,0.1,0,0.24,Exit 22 Ramp 5 Fr Stonestreet Ave To Md 28 Eb ,Exit 22 Ramp 05 Reading Ave To Veirs Mill Rd,Urban,3,Principal Arterial Other,15000RP00028  02EEMD22        05,15000RP00028--102205,2,East,1,F,0,8.7,100,100,0,0.1309,https://maps.roads.maryland.gov/itms_public/?stationid=S2009150006,1411,1422,1413,1424,1425,1430,1461,1502,1493,1494,1511,1542,1533,1544,1535,1530,1561,1612,1603,1584,,,,,,,NO ERROR,,,,,,,,,,,1,8.7,100,100,0,"1,411","1,422","1,413","1,424","1,425","1,430","1,461","1,502","1,493","1,494","1,511","1,542","1,533","1,544","1,535","1,530","1,561","1,612","1,603","1,584",N/A,N/A,N/A,N/A,N/A,N/A,N/A
-8598979.9758,4747086.5955,3279,S1999150026,15,Montgomery,0,None,Ramp 1 Fr Is 270 Nb To Middlebrook Rd Wb,RP,270,  ,0.15,0,0.245,Exit 13 Ramp 1 Fr Is 270 Nb To Middlebrook Rd Wb,Exit 13 Ramp 01 Eisenhower Memorial Hwy To Middlebrook Rd,Urban,1,Interstate,15000RP00270  02NNIS13        01,15000RP00270--101301,2,West,1,F,0,8.65,100,0,100,0.8454,https://maps.roads.maryland.gov/itms_public/?stationid=S1999150026,9411,9422,9473,9564,9555,9020,9211,9432,9383,9454,9981,9992,10043,10144,10035,9470,9671,9812,9763,9834,,,,,,,NO ERROR,,,,,,,,,,,1,8.65,100,0,100,"9,411","9,422","9,473","9,564","9,555","9,020","9,211","9,432","9,383","9,454","9,981","9,992","10,043","10,144","10,035","9,470","9,671","9,812","9,763","9,834",N/A,N/A,N/A,N/A,N/A,N/A,N/A
-8588552.8128,4745764.0861,3280,S2012150821,15,Montgomery,0,None,Airpark Rd,CO,3283,  ,1.65,0,1.78,Airpark Rd - .10 Mi South Of Md 124,Muncaster Mill Rd(md 115) To Woodfield(md 124),Urban,4,Minor Arterial,15000CO03283  01NN**************,15000CO03283--1-----,1,North,5,F,0,8.21,78.93,49.91,50.09,13.313,https://maps.roads.maryland.gov/itms_public/?stationid=S2012150821,,,19970,20011,19952,20473,20864,21375,20490,20491,,,21570,21611,21352,21913,22324,22875,21920,21721,,,,,,,NO ERROR,,,,,,,,,,,5,8.21,78.93,49.91,50.09,N/A,N/A,"19,970","20,011","19,952","20,473","20,864","21,375","20,490","20,491",N/A,N/A,"21,570","21,611","21,352","21,913","22,324","22,875","21,920","21,721",N/A,N/A,N/A,N/A,N/A,N/A,N/A
-8578007.1616,4746424.7194,3282,S2014150333,15,Montgomery,0,None,Gold Mine Rd,CO,3937,  ,0.99,0.89,2.89,Gold Mine Rd - .10 Mile East Of Md 97,Md 97 To Md 650,Urban,6,Minor Collector,15000CO03937  01EE**************,15000CO03937--1-----,1,East,2,F,0,8.87,50.19,48.85,51.15,2.1134,https://maps.roads.maryland.gov/itms_public/?stationid=S2014150333,,,,,2680,2741,2802,2863,2854,2895,,,,,2840,2911,3002,3043,3034,3075,,,,,,,NO ERROR,,,,,,,,,,,2,8.87,50.19,48.85,51.15,N/A,N/A,N/A,N/A,"2,680","2,741","2,802","2,863","2,854","2,895",N/A,N/A,N/A,N/A,"2,840","2,911","3,002","3,043","3,034","3,075",N/A,N/A,N/A,N/A,N/A,N/A,N/A
-8572837.4802,4720211.0992,3289,B2856,15,Montgomery,0,None,Piney Branch Rd,MD,320,  ,0.9,0.77,1,Md320-.10 Mi S Of Sligo Ave,Richie Ave To Sligo Ave,Urban,4,Minor Arterial,15000MD00320  01NN**************,15000MD00320--1-----,1,North,2,F,1,8.64,62.94,51.09,48.91,1.325,https://maps.roads.maryland.gov/itms_public/?stationid=B2856,15250,15311,15192,15223,15184,15585,15550,15921,15782,15783,16320,16541,16412,16443,16254,16685,16640,17041,16892,16733,,,,,,,NO ERROR,,,,,,,,,,,2,8.64,62.94,51.09,48.91,"15,250","15,311","15,192","15,223","15,184","15,585","15,550","15,921","15,782","15,783","16,320","16,541","16,412","16,443","16,254","16,685","16,640","17,041","16,892","16,733",N/A,N/A,N/A,N/A,N/A,N/A,N/A
-8583222.3454,4724423.1907,3291,S2000150154,15,Montgomery,0,None,Ramp 6 Fr Is 270 Eb To Md 355 Sb,RP,270,  ,0.18,0,0.33,Exit 35 Ramp 6 Fr Is 270 Eb To Md 355 Sb,Exit 35 Ramp 6 Fr Is 270 Eb To Md 355 Sb,Urban,1,Interstate,15000RP00270  02SSIS35        06,15000RP00270--103506,2,South,1,F,0,10.22,100,0,100,1.5238,https://maps.roads.maryland.gov/itms_public/?stationid=S2000150154,11293,11350,11411,11512,11503,10760,10991,11262,12560,12651,11973,12030,12101,12202,12083,11300,11541,11712,13060,13161,,,,,,,NO ERROR,,,,,,,,,,,1,10.22,100,0,100,"11,293","11,350","11,411","11,512","11,503","10,760","10,991","11,262","12,560","12,651","11,973","12,030","12,101","12,202","12,083","11,300","11,541","11,712","13,060","13,161",N/A,N/A,N/A,N/A,N/A,N/A,N/A
-8575966.8302,4723941.0311,3297,B2830,15,Montgomery,0,None,Forest Glen Rd                          ,CO,697,  ,0.2,0,1.47,Forest Glen Rd-.20 Mi E Of Md97,Md 97 To Stirling Rd,Urban,5,Major Collector,15000CO00697  01EE**************,15000CO00697--1-----,1,East,3,F,0,8.36,54.98,48.49,51.51,7.2064,https://maps.roads.maryland.gov/itms_public/?stationid=B2830,13331,13382,13820,13851,13812,14173,14444,14795,13270,13431,14261,14452,14930,14961,14782,15173,15464,15685,14070,14601,,,,,,,NO ERROR,,,,,,,,,,,3,8.36,54.98,48.49,51.51,"13,331","13,382","13,820","13,851","13,812","14,173","14,444","14,795","13,270","13,431","14,261","14,452","14,930","14,961","14,782","15,173","15,464","15,685","14,070","14,601",N/A,N/A,N/A,N/A,N/A,N/A,N/A
-8582808.82,4723828.2653,3302,S2012150807,15,Montgomery,0,None,Pooks Hill Rd,CO,2275,  ,0.06,0,0.58,Pooks Hill Rd - .10 Mile West Of Md 355,Rockville Pike To Road End,Urban,5,Major Collector,15000CO02275  01WW**************,15000CO02275--1-----,1,East,3,F,0,9.02,52.89,53.85,46.15,1.7107,https://maps.roads.maryland.gov/itms_public/?stationid=S2012150807,,,8230,8251,8232,8453,8614,8825,8080,8081,,,8890,8911,8812,9053,9224,9365,8570,8891,,,,,,,NO ERROR,,,,,,,,,,,3,9.02,52.89,53.85,46.15,N/A,N/A,"8,230","8,251","8,232","8,453","8,614","8,825","8,080","8,081",N/A,N/A,"8,890","8,911","8,812","9,053","9,224","9,365","8,570","8,891",N/A,N/A,N/A,N/A,N/A,N/A,N/A
-8587619.6541,4733232.2406,3308,B150082,15,Montgomery,0,None,Dodge St,MD,660,  ,0.02,0,0.05,Md660-.02 Mi N Of Md355,Md 355 To Md 28,Urban,7,Local,15000MD00660  01NN**************,15000MD00660--1-----,1,South,3,F,0,8.44,52.77,52.64,47.36,0.0619,https://maps.roads.maryland.gov/itms_public/?stationid=B150082,3412,3380,3351,3362,3353,3444,3515,3420,3391,3392,3652,3650,3621,3632,3593,3694,3775,3630,3591,3732,,,,,,,NO ERROR,,,,,,,,,,,3,8.44,52.77,52.64,47.36,"3,412","3,380","3,351","3,362","3,353","3,444","3,515","3,420","3,391","3,392","3,652","3,650","3,621","3,632","3,593","3,694","3,775","3,630","3,591","3,732",N/A,N/A,N/A,N/A,N/A,N/A,N/A
-8592457.9391,4728855.8494,3316,S2012150709,15,Montgomery,0,None,Tuckerman La,CO,164,  ,5.74,3.92,5.78,Tuckerman La - Between Md 189 & Karen Dr,Seven Locks Rd To Md 189,Urban,4,Minor Arterial,15000CO00164  01WW**************,15000CO00164--1-----,1,East,3,F,0,9.59,71.59,47.8,52.2,5.2622,https://maps.roads.maryland.gov/itms_public/?stationid=S2012150709,,,7620,7641,7622,7823,7974,8175,7750,7751,,,8230,8251,8162,8373,8534,8755,8290,8221,,,,,,,NO ERROR,,,,,,,,,,,3,9.59,71.59,47.8,52.2,N/A,N/A,"7,620","7,641","7,622","7,823","7,974","8,175","7,750","7,751",N/A,N/A,"8,230","8,251","8,162","8,373","8,534","8,755","8,290","8,221",N/A,N/A,N/A,N/A,N/A,N/A,N/A
-8591501.72,4740496.2278,3325,B150119,15,Montgomery,0,None,Chestnut St                             ,CO,4118,  ,0.14,0,0.25,Chestnut St-between N. Westland St & Shea La,Cul De Sac W Of N Westland Dr To Road End,Urban,7,Local,15000CO04118  01EE**************,15000CO04118--1-----,1,West,2,F,0,14.84,55.26,49.02,50.98,0.0223,https://maps.roads.maryland.gov/itms_public/?stationid=B150119,241,242,243,244,245,230,231,242,243,244,261,262,263,264,265,250,251,262,263,274,,,,,,,NO ERROR,,,,,,,,,,,2,14.84,55.26,49.02,50.98,241,242,243,244,245,230,231,242,243,244,261,262,263,264,265,250,251,262,263,274,N/A,N/A,N/A,N/A,N/A,N/A,N/A
-8595388.479,4718687.5352,3334,S2012150716,15,Montgomery,0,None,Brickyard Rd                            ,CO,188,  ,0.04,0,2.44,Brickyard Rd - Between Macarthur Blvd & Stable La,Macarthur Blvd To Belmart Rd,Urban,6,Minor Collector,15000CO00188  01NN**************,15000CO00188--1-----,1,North,3,F,0,8.67,64.67,48.53,51.47,3.1269,https://maps.roads.maryland.gov/itms_public/?stationid=S2012150716,,,3380,3391,3382,3473,3544,3635,3510,3511,,,3650,3661,3622,3723,3794,3855,3720,3861,,,,,,,NO ERROR,,,,,,,,,,,3,8.67,64.67,48.53,51.47,N/A,N/A,"3,380","3,391","3,382","3,473","3,544","3,635","3,510","3,511",N/A,N/A,"3,650","3,661","3,622","3,723","3,794","3,855","3,720","3,861",N/A,N/A,N/A,N/A,N/A,N/A,N/A
-8564014.0466,4737042.3665,3338,S2010150038,15,Montgomery,0,None,Ramp 6 Fr Md 198 Eb To Us 29 Sb,RP,29,  ,0.3,0.23,0.345,Exit 11a Ramp 6 Fr Md 198 Eb To Us 29 Sb,Exit 11 Ramp 06 Ramp 5 Fr Ramp 6 (us29) To Blackburn Rd To Columbia Pike,Urban,2,Principal Arterial Other Freeways and Expressways,15000RP00029  02SSUS11A       06,15000RP00029--111A06,2,South,1,F,0,6.97,100,0,100,0.2834,https://maps.roads.maryland.gov/itms_public/?stationid=S2010150038,7920,7951,7860,7881,7862,8073,8234,6810,6751,6752,8470,8591,8490,8511,8412,8643,8814,7290,7221,7162,,,,,,,NO ERROR,,,,,,,,,,,1,6.97,100,0,100,"7,920","7,951","7,860","7,881","7,862","8,073","8,234","6,810","6,751","6,752","8,470","8,591","8,490","8,511","8,412","8,643","8,814","7,290","7,221","7,162",N/A,N/A,N/A,N/A,N/A,N/A,N/A
-8581176.7757,4730231.6842,3346,B150024,15,Montgomery,0,None,Havard St,CO,1799,  ,0.1,0,0.77,Havard St-.10 Mi N Of Md586,Md 586 To Atherton Dr,Urban,5,Major Collector,15000CO01799  01NN**************,15000CO01799--1-----,1,South,2,F,0,10.83,82.69,41.47,58.53,0.6385,https://maps.roads.maryland.gov/itms_public/?stationid=B150024,1982,2020,2001,2012,1950,2001,2042,2290,2271,2272,2122,2180,2161,2172,2090,2141,2192,2430,2411,2502,16,1940,203,2,80,31,NO ERROR,111,,,0.00704225,0.85387324,0.08934859,0.00088028,0.03521127,0.01364437,0.04885563,2,10.83,82.69,41.47,58.53,"1,982","2,020","2,001","2,012","1,950","2,001","2,042","2,290","2,271","2,272","2,122","2,180","2,161","2,172","2,090","2,141","2,192","2,430","2,411","2,502",16,"1,940",2,203,80,31,111
-8585767.9891,4731131.351,3350,B2868,15,Montgomery,0,None,Rockville Pike,MD,355,  ,7.7,6.59,9.17,Md355-.10 Mi N Of Montrose Rd,Montrose Pkwy To Md 28,Urban,3,Principal Arterial Other,15000MD00355  01NN**************,15000MD00355--1-----,1,North,7,F,1,7.73,54.23,44.89,55.11,46.6716,https://maps.roads.maryland.gov/itms_public/?stationid=B2868,53141,53352,52020,52121,51972,46340,47221,48352,47560,49561,56861,57622,56180,56291,55612,49580,50531,51742,50890,50411,,,,,,,NO ERROR,,,,,,,,,,,7,7.73,54.23,44.89,55.11,"53,141","53,352","52,020","52,121","51,972","46,340","47,221","48,352","47,560","49,561","56,861","57,622","56,180","56,291","55,612","49,580","50,531","51,742","50,890","50,411",N/A,N/A,N/A,N/A,N/A,N/A,N/A
-8566364.3994,4732622.4296,3351,S2012151289,15,Montgomery,0,None,Ramp 3 Fr 200 Eb To Rp1 (to B Chaney Rd),RP,200,  ,0.2,0,0.29,Exit 17 Ramp 3 Fr Md 200 Eb To Ramp 1 (to B Chaney Rd),Exit 17 Ramp 03 Md 200 Eb To Ramp 1 (to B Chaney Rd),Urban,2,Principal Arterial Other Freeways and Expressways,15000RP00200  02EEMD17        03,15000RP00200--101703,2,North,1,F,0,10.85,100,100,0,0.1092,https://maps.roads.maryland.gov/itms_public/?stationid=S2012151289,,,650,651,860,881,902,1040,1031,1032,,,700,701,920,941,972,1110,1101,1092,,,,,,,NO ERROR,,,,,,,,,,,1,10.85,100,100,0,N/A,N/A,650,651,860,881,902,"1,040","1,031","1,032",N/A,N/A,700,701,920,941,972,"1,110","1,101","1,092",N/A,N/A,N/A,N/A,N/A,N/A,N/A
-8585651.8072,4725936.3502,3352,S2002150037,15,Montgomery,0,None,Ramp 4 Fr Md 187 Nb To Is 270 Eb,RP,270,  ,0.01,0,0.032,Exit 1a Ramp 4 Fr Md 187 Nb To Is 270 Eb,Exit 1a Ramp 04 Old Georgetown Rd To Ramp 5 Fr Md 187 Sb To Ramp 4 (to Is270),Urban,1,Interstate,15000RP00270  02NNIS1A        04,15000RP00270--101A04,2,North,1,F,0,9.04,100,100,0,0.0297,https://maps.roads.maryland.gov/itms_public/?stationid=S2002150037,2105,2260,2271,2292,2293,2354,2405,2530,2521,2542,2205,2400,2411,2432,2413,2474,2535,2630,2621,2642,,,,,,,NO ERROR,,,,,,,,,,,1,9.04,100,100,0,"2,105","2,260","2,271","2,292","2,293","2,354","2,405","2,530","2,521","2,542","2,205","2,400","2,411","2,432","2,413","2,474","2,535","2,630","2,621","2,642",N/A,N/A,N/A,N/A,N/A,N/A,N/A
-8575028.6664,4720947.6634,3357,S2012150794,15,Montgomery,0,None,Second Ave                              ,CO,1300,  ,1.29,0,1.32,Second Ave - Between Md 384 & Apple Ave,Seminary Pl To Colesville Rd,Urban,6,Minor Collector,15000CO01300  01SS**************,15000CO01300--1-----,1,North,3,F,0,9.99,53.35,49.58,50.42,3.084,https://maps.roads.maryland.gov/itms_public/?stationid=S2012150794,,,6280,6291,6272,6443,6574,6735,6400,6401,,,6780,6791,6712,6893,7034,7145,6780,7041,,,,,,,NO ERROR,,,,,,,,,,,3,9.99,53.35,49.58,50.42,N/A,N/A,"6,280","6,291","6,272","6,443","6,574","6,735","6,400","6,401",N/A,N/A,"6,780","6,791","6,712","6,893","7,034","7,145","6,780","7,041",N/A,N/A,N/A,N/A,N/A,N/A,N/A
-8593853.3044,4738923.0573,3362,S2005150081,15,Montgomery,0,None,Ramp 7 Fr Is 370 Wb To Is 270 Sb,RP,270,  ,0.2,0,0.3,Exit 9 Ramp 7 Fr Is 370 Wb To Is 270 Sb,Exit 9  Ramp 07 No Name To Ramp 6 Fr Is 370 Eb To Ramp 7 (to Is270),Urban,1,Interstate,15000RP00270  02SSIS9         07,15000RP00270--100907,2,South,1,F,0,9.61,100,0,100,2.1288,https://maps.roads.maryland.gov/itms_public/?stationid=S2005150081,16314,14710,14781,14912,14903,17190,17551,17972,19300,19441,17294,15590,15671,15812,15653,18050,18431,18692,20070,20221,,,,,,,NO ERROR,,,,,,,,,,,1,9.61,100,0,100,"16,314","14,710","14,781","14,912","14,903","17,190","17,551","17,972","19,300","19,441","17,294","15,590","15,671","15,812","15,653","18,050","18,431","18,692","20,070","20,221",N/A,N/A,N/A,N/A,N/A,N/A,N/A
-8592471.7752,4732283.2829,3364,S2012150864,15,Montgomery,0,None,Scott Dr                                ,CO,4250,  ,0.34,0.26,0.62,Scott Dr - Between Carriage Ct & Overlea Dr,Scott Dr (back) To Scott Dr (ahead),Urban,5,Major Collector,15000CO04250  01SS**************,15000CO04250--1-----,1,South,2,F,0,11.74,76.97,47.53,52.47,0.8319,https://maps.roads.maryland.gov/itms_public/?stationid=S2012150864,,,6210,6221,6202,6363,6484,6645,6330,6331,,,6710,6721,6642,6813,6944,7045,6710,6961,,,,,,,NO ERROR,,,,,,,,,,,2,11.74,76.97,47.53,52.47,N/A,N/A,"6,210","6,221","6,202","6,363","6,484","6,645","6,330","6,331",N/A,N/A,"6,710","6,721","6,642","6,813","6,944","7,045","6,710","6,961",N/A,N/A,N/A,N/A,N/A,N/A,N/A
-8590723.0346,4731756.6872,3365,B150044,15,Montgomery,130,Rockville,Wootton Pkwy,MU,2593,  ,2.4,2.3,4.49,Wootten Pkwy-.10 Mi W Of Md189,Md 189 To Glen Mill Rd,Urban,4,Minor Arterial,15130MU02593  01WW**************,15130MU02593--1-----,1,East,3,F,0,10.44,76.41,50.19,49.81,12.7912,https://maps.roads.maryland.gov/itms_public/?stationid=B150044,18252,16620,16491,16522,16230,16651,16972,15490,15351,16002,19532,17950,17811,17842,17370,17821,18162,16570,16431,16272,,,,,,,NO ERROR,,,,,,,,,,,3,10.44,76.41,50.19,49.81,"18,252","16,620","16,491","16,522","16,230","16,651","16,972","15,490","15,351","16,002","19,532","17,950","17,811","17,842","17,370","17,821","18,162","16,570","16,431","16,272",N/A,N/A,N/A,N/A,N/A,N/A,N/A
-8582637.8345,4723958.5186,3366,S2000150149,15,Montgomery,0,None,Ramp 4 Fr Md 355 Nb To Is 495 Eb,RP,495,  ,0.05,0,0.13,Exit 34 Ramp 4 Fr Md 355 Nb To Is 495 Eb,Exit 34 Ramp 04 Rockville Pike To Capital Beltway,Urban,1,Interstate,15000RP00495  02NNIS34        04,15000RP00495--103404,2,North,1,F,0,9.32,100,100,0,0.2032,https://maps.roads.maryland.gov/itms_public/?stationid=S2000150149,5073,5510,5541,5592,5593,5734,5855,4280,4251,4282,5383,5840,5871,5932,5873,6024,6155,4450,4421,4452,,,,,,,NO ERROR,,,,,,,,,,,1,9.32,100,100,0,"5,073","5,510","5,541","5,592","5,593","5,734","5,855","4,280","4,251","4,282","5,383","5,840","5,871","5,932","5,873","6,024","6,155","4,450","4,421","4,452",N/A,N/A,N/A,N/A,N/A,N/A,N/A
-8565341.9013,4729916.8998,3383,S2012150843,15,Montgomery,0,None,Galway Dr                               ,CO,3480,  ,0.1,0,0.71,Galway Dr - .10 Mi North Of Calverton Blvd,Calverton Blvd To Fairland Rd,Urban,6,Minor Collector,15000CO03480  01NN**************,15000CO03480--1-----,1,South,2,F,0,10.21,55.09,49.32,50.68,1.1794,https://maps.roads.maryland.gov/itms_public/?stationid=S2012150843,,,4370,4381,4372,4493,4584,4695,4550,4551,,,4720,4731,4682,4813,4914,4985,4820,5011,,,,,,,NO ERROR,,,,,,,,,,,2,10.21,55.09,49.32,50.68,N/A,N/A,"4,370","4,381","4,372","4,493","4,584","4,695","4,550","4,551",N/A,N/A,"4,720","4,731","4,682","4,813","4,914","4,985","4,820","5,011",N/A,N/A,N/A,N/A,N/A,N/A,N/A
-8575633.2364,4720666.7011,3385,B2878,15,Montgomery,0,None,16th St,MD,390,  ,0.06,0,0.16,Md390-.10 Mi S Of Md410,Washington Dc/l To Md 410,Urban,3,Principal Arterial Other,15000MD00390  01NN**************,15000MD00390--1-----,1,North,5,C,1,7.21,57.27,49.75,50.25,1.8028,https://maps.roads.maryland.gov/itms_public/?stationid=B2878,30030,30151,29912,31930,31831,32662,31520,32281,31992,30870,32130,32561,32312,34480,34061,34952,33730,34541,34232,32720,53,26795,3300,102,565,55,NO ERROR,620,,,0.00171688,0.86799482,0.1068999,0.00330418,0.01830256,0.00178167,0.02008422,5,7.21,57.27,49.75,50.25,"30,030","30,151","29,912","31,930","31,831","32,662","31,520","32,281","31,992","30,870","32,130","32,561","32,312","34,480","34,061","34,952","33,730","34,541","34,232","32,720",53,"26,795",102,"3,300",565,55,620
-8589534.1016,4740441.8506,3390,S2012151321,15,Montgomery,0,None,Ramp 3 Fr Shady Grove Rd Wb To Md200a Nb,RP,200,A ,0.01,0,0.21,Exit 1 Ramp 3 Fr Shady Grove Rd Wb To Md 200a Nb,Exit 1  Ramp 03 Shady Grove Rd Wb To Md 200a Nb,Urban,3,Principal Arterial Other,15000RP00200A 02EEMD1         03,15000RP00200A-100103,2,North,2,F,0,9.19,100,100,0,0.4891,https://maps.roads.maryland.gov/itms_public/?stationid=S2012151321,,,6080,6091,6072,6233,6354,6515,6380,6381,,,6570,6581,6502,6673,6804,6975,6830,6761,,,,,,,NO ERROR,,,,,,,,,,,2,9.19,100,100,0,N/A,N/A,"6,080","6,091","6,072","6,233","6,354","6,515","6,380","6,381",N/A,N/A,"6,570","6,581","6,502","6,673","6,804","6,975","6,830","6,761",N/A,N/A,N/A,N/A,N/A,N/A,N/A
-8589175.5115,4729807.0914,3393,S2017150193,15,Montgomery,0,None,Ramp 11 Fr Rp 14 To Ramp 6 (is 270 Sb),RP,270,  ,0.08,0,0.115,Exit 4 Ramp 11 Fr Ramp 14 To Ramp 6 (to Is 270 Sb),Exit 4  Ramp 11 From Ramp 14 To Ramp 6 (to Is 270 Sb),Urban,1,Interstate,15000RP00270  02EEIS4         11,15000RP00270--100411,2,East,1,F,0,9.34,100,100,0,0.1038,https://maps.roads.maryland.gov/itms_public/?stationid=S2017150193,,,,,,,,2460,2451,2472,,,,,,,,2560,2551,2572,,,,,,,NO ERROR,,,,,,,,,,,1,9.34,100,100,0,N/A,N/A,N/A,N/A,N/A,N/A,N/A,"2,460","2,451","2,472",N/A,N/A,N/A,N/A,N/A,N/A,N/A,"2,560","2,551","2,572",N/A,N/A,N/A,N/A,N/A,N/A,N/A
-8583856.6925,4729094.0928,3402,S2012150856,15,Montgomery,0,None,Nebel St,CO,4121,  ,0.57,0,0.68,Nebel St - .10 Mi South Of Randolph Rd,Nicholson La To Randolph Rd,Urban,5,Major Collector,15000CO04121  01NN**************,15000CO04121--1-----,1,North,2,F,0,8.22,57.79,49.71,50.29,2.7851,https://maps.roads.maryland.gov/itms_public/?stationid=S2012150856,,,11910,11931,11902,12213,12454,12755,11220,11221,,,12860,12891,12742,13073,13334,13525,11890,12341,,,,,,,NO ERROR,,,,,,,,,,,2,8.22,57.79,49.71,50.29,N/A,N/A,"11,910","11,931","11,902","12,213","12,454","12,755","11,220","11,221",N/A,N/A,"12,860","12,891","12,742","13,073","13,334","13,525","11,890","12,341",N/A,N/A,N/A,N/A,N/A,N/A,N/A
-8584211.0457,4715920.3707,3404,B2888,15,Montgomery,0,None,Massachusetts Ave,MD,396,  ,1.21,0.71,1.542,Md396-1.0 Mi W Of Wash Dc Line,Sangamore Rd To Little Falls Pkwy,Urban,4,Minor Arterial,15000MD00396  01EE**************,15000MD00396--1-----,1,East,4,F,0,8.77,62.74,50.13,49.87,4.5558,https://maps.roads.maryland.gov/itms_public/?stationid=B2888,15672,16270,16141,16172,16123,16544,16865,15140,15001,15002,16772,17570,17431,17472,17253,17704,18065,16200,16051,15902,22,11585,2583,68,620,124,NO ERROR,744,,,0.00146647,0.77223037,0.17217704,0.00453273,0.04132782,0.00826556,0.04959339,4,8.77,62.74,50.13,49.87,"15,672","16,270","16,141","16,172","16,123","16,544","16,865","15,140","15,001","15,002","16,772","17,570","17,431","17,472","17,253","17,704","18,065","16,200","16,051","15,902",22,"11,585",68,"2,583",620,124,744
-8582364.7191,4721442.8011,3405,B150097,15,Montgomery,0,None,Rockville Pike,MD,355,  ,2.65,2.55,3.22,Md355-.10 Mi N Of Jones Bridge Rd,Jones Bridge Rd To Cedar La,Urban,3,Principal Arterial Other,15000MD00355  01NN**************,15000MD00355--1-----,1,North,7,C,1,7.48,52.82,48.66,51.34,9.8505,https://maps.roads.maryland.gov/itms_public/?stationid=B150097,43521,43702,43353,45450,45311,46492,39300,40241,39882,40280,46571,47202,46823,49090,48481,49752,42050,43061,42672,42700,90,36215,2735,349,736,155,NO ERROR,891,,,0.00223436,0.89908143,0.0678997,0.00866435,0.0182721,0.00384806,0.02212016,7,7.48,52.82,48.66,51.34,"43,521","43,702","43,353","45,450","45,311","46,492","39,300","40,241","39,882","40,280","46,571","47,202","46,823","49,090","48,481","49,752","42,050","43,061","42,672","42,700",90,"36,215",349,"2,735",736,155,891
-8565860.9394,4733469.6241,3406,S2012151297,15,Montgomery,0,None,Ramp 9 Fr Ramp 1 To Briggs Chaney Rd Eb,RP,200,  ,0.04,0,0.082,Exit 17 Ramp 9 Fr Ramp 1 (fr Us 29 Nb) To Briggs Chaney Rd Eb,Exit 17 Ramp 09 Ramp 1 (fr Us 29 Nb) To Briggs Chaney Rd Eb,Urban,2,Principal Arterial Other Freeways and Expressways,15000RP00200  02NNMD17        09,15000RP00200--101709,2,North,2,F,0,9.53,100,100,0,0.1736,https://maps.roads.maryland.gov/itms_public/?stationid=S2012151297,,,6570,6581,6562,6733,6864,7035,5800,5801,,,7100,7111,7022,7203,7344,7535,6210,6151,,,,,,,NO ERROR,,,,,,,,,,,2,9.53,100,100,0,N/A,N/A,"6,570","6,581","6,562","6,733","6,864","7,035","5,800","5,801",N/A,N/A,"7,100","7,111","7,022","7,203","7,344","7,535","6,210","6,151",N/A,N/A,N/A,N/A,N/A,N/A,N/A
-8575889.1479,4722963.8532,3412,B2883,15,Montgomery,0,None,Columbia Blvd                           ,CO,613,  ,0.27,0.26,0.36,Columbia Blvd-.10 Mi N Of Md97,Dale Dr To Md 97,Urban,4,Minor Arterial,15000CO00613  01SS**************,15000CO00613--1-----,1,South,3,F,0,8.8,55.37,37.45,62.55,0.2644,https://maps.roads.maryland.gov/itms_public/?stationid=B2883,7122,7153,7104,7125,6820,7001,7132,7303,7244,7245,7622,7733,7674,7705,7300,7491,7632,7813,7754,7685,,,,,,,NO ERROR,,,,,,,,,,,3,8.8,55.37,37.45,62.55,"7,122","7,153","7,104","7,125","6,820","7,001","7,132","7,303","7,244","7,245","7,622","7,733","7,674","7,705","7,300","7,491","7,632","7,813","7,754","7,685",N/A,N/A,N/A,N/A,N/A,N/A,N/A
-8566056.1152,4732535.1542,3417,S2012151285,15,Montgomery,0,None,Ramp 4 Fr Us 29 Nb To Md 200 Eb,RP,200,  ,0.28,0,0.476,Exit 16 Ramp 4 Fr Us 29 Nb To Md 200 Eb,Exit 16 Ramp 04 Us 29 Nb To Md 200 Eb,Urban,2,Principal Arterial Other Freeways and Expressways,15000RP00200  02NNMD16        04,15000RP00200--101604,2,East,2,F,0,10.28,100,100,0,0.32,https://maps.roads.maryland.gov/itms_public/?stationid=S2012151285,,,940,941,1340,1381,1412,1860,1841,1842,,,1020,1021,1430,1481,1512,1990,1971,1952,,,,,,,NO ERROR,,,,,,,,,,,2,10.28,100,100,0,N/A,N/A,940,941,"1,340","1,381","1,412","1,860","1,841","1,842",N/A,N/A,"1,020","1,021","1,430","1,481","1,512","1,990","1,971","1,952",N/A,N/A,N/A,N/A,N/A,N/A,N/A
-8575759.0552,4723572.7593,3425,B2972,15,Montgomery,0,None,Capital Beltway,IS,495,  ,10.67,10.44,11.88,Is495-.20 Mi E Of Md97,Md 97 To Us 29,Urban,1,Interstate,15000IS00495  01EE**************,15000IS00495--1-----,1,East,8,F,1,6.54,51.14,50.19,49.81,119.6429,https://maps.roads.maryland.gov/itms_public/?stationid=B2972,232941,233172,217490,219451,219232,218800,223401,228762,226050,227631,246921,247162,230540,232621,230192,229740,234571,237912,235090,236741,292,185958,25295,1705,8558,5823,NO ERROR,14381,,,0.00128278,0.8169274,0.11112283,0.00749019,0.03759593,0.02558087,0.06317681,8,6.54,51.14,50.19,49.81,"232,941","233,172","217,490","219,451","219,232","218,800","223,401","228,762","226,050","227,631","246,921","247,162","230,540","232,621","230,192","229,740","234,571","237,912","235,090","236,741",292,"185,958","1,705","25,295","8,558","5,823","14,381"
-8588271.834,4733292.0286,3437,S2012150962,15,Montgomery,130,Rockville,Monroe St,MU,2140,  ,0.3,0,1.1,Monroe St - Between Md 28 & Fleet St,E Middle La To Road End,Urban,5,Major Collector,15130MU02140  01SS**************,15130MU02140--1-----,1,North,2,F,0,8.93,61.43,56.19,43.81,2.6704,https://maps.roads.maryland.gov/itms_public/?stationid=S2012150962,,,6070,6081,6062,6223,6344,6505,6650,6651,,,6560,6571,6492,6663,6794,6905,7050,7321,,,,,,,NO ERROR,,,,,,,,,,,2,8.93,61.43,56.19,43.81,N/A,N/A,"6,070","6,081","6,062","6,223","6,344","6,505","6,650","6,651",N/A,N/A,"6,560","6,571","6,492","6,663","6,794","6,905","7,050","7,321",N/A,N/A,N/A,N/A,N/A,N/A,N/A
-8593366.1785,4717683.5931,3439,S2009150011,15,Montgomery,0,None,Ramp 5 Fr Gv 29 To Ramp 4,RP,6,  ,0.02,0,0.03,Exit 1 Ramp 5 Fr Gv 29 To Ramp 4 (to Clara Barton Pkwy Eb),Exit 1  Ramp 05 Govt Spur Fr R&d Ctr To Ramp 4 Fr Gv 29 To Clara Barton Pkwy,Urban,2,Principal Arterial Other Freeways and Expressways,15000RP00006  02EEGV1         05,15000RP00006--100105,2,East,1,F,0,17.99,100,100,0,0.0182,https://maps.roads.maryland.gov/itms_public/?stationid=S2009150011,,1591,1581,1582,1583,1600,1631,1672,1663,1664,,0,1711,1712,1693,1710,1751,1792,1783,1764,,,,,,,NO ERROR,,,,,,,,,,,1,17.99,100,100,0,N/A,"1,591","1,581","1,582","1,583","1,600","1,631","1,672","1,663","1,664",N/A,0,"1,711","1,712","1,693","1,710","1,751","1,792","1,783","1,764",N/A,N/A,N/A,N/A,N/A,N/A,N/A
-8586537.8964,4722331.7104,3442,S2012150770,15,Montgomery,0,None,Fernwood Rd,CO,837,  ,0.48,0,2.15,Fernwood Rd - .10 Mile North Of Md 191,Lybrook Ct To Rockledge Dr,Urban,5,Major Collector,15000CO00837  01NN**************,15000CO00837--1-----,1,South,3,F,0,10.35,54.15,49.21,50.79,6.8909,https://maps.roads.maryland.gov/itms_public/?stationid=S2012150770,,,8460,8481,8462,8683,8854,9075,8780,8781,,,9140,9161,9052,9293,9474,9625,9310,9661,,,,,,,NO ERROR,,,,,,,,,,,3,10.35,54.15,49.21,50.79,N/A,N/A,"8,460","8,481","8,462","8,683","8,854","9,075","8,780","8,781",N/A,N/A,"9,140","9,161","9,052","9,293","9,474","9,625","9,310","9,661",N/A,N/A,N/A,N/A,N/A,N/A,N/A
-8588644.2404,4717601.0237,3447,S2009150020,15,Montgomery,0,None,Ramp 8 Fr Gv 31 To Gv 6,RP,6,  ,0.02,0,0.03,Exit 2 Ramp 8 Fr Ericsson Rd Sb To Clara Barton Pkwy Wb,Exit 2  Ramp 08 Ericsson Rd To Ramp 1 Fr Ericsson Rd To Ramp 8,Urban,2,Principal Arterial Other Freeways and Expressways,15000RP00006  02SSGV2         08,15000RP00006--100208,2,West,1,F,0,15.46,100,0,100,0.0296,https://maps.roads.maryland.gov/itms_public/?stationid=S2009150020,,2481,2461,2472,2473,2600,2651,2722,2703,2704,,0,2661,2672,2653,2780,2841,2912,2893,2874,,,,,,,NO ERROR,,,,,,,,,,,1,15.46,100,0,100,N/A,"2,481","2,461","2,472","2,473","2,600","2,651","2,722","2,703","2,704",N/A,0,"2,661","2,672","2,653","2,780","2,841","2,912","2,893","2,874",N/A,N/A,N/A,N/A,N/A,N/A,N/A
-8589933.0998,4732130.5309,3451,S2005150089,15,Montgomery,0,None,Ramp 6 Fr Md 189 Eb To Ramp 7 (to Is270),RP,270,  ,0.05,0,0.08,Exit 5 Ramp 6 Fr Md 189 Eb To Ramp 7 (to Is 270 Sb),Exit 5  Ramp 06 Falls Rd To Ramp 7 Fr Md 189 Wb To Is 270 Sb,Urban,1,Interstate,15000RP00270  02EEIS5         06,15000RP00270--100506,2,East,1,F,0,14.24,100,100,0,0.0882,https://maps.roads.maryland.gov/itms_public/?stationid=S2005150089,2984,3100,3121,3152,3153,3234,3305,3020,3001,3022,3164,3290,3311,3342,3313,3404,3475,3140,3121,3142,,,,,,,NO ERROR,,,,,,,,,,,1,14.24,100,100,0,"2,984","3,100","3,121","3,152","3,153","3,234","3,305","3,020","3,001","3,022","3,164","3,290","3,311","3,342","3,313","3,404","3,475","3,140","3,121","3,142",N/A,N/A,N/A,N/A,N/A,N/A,N/A
-8568813.6894,4724534.254,3460,S2006150115,15,Montgomery,0,None,Elton Rd,CO,2811,  ,0.1,0,0.31,Elton Rd - .10 Mile East Of Md 650,Md 650 To Prince Georges Co/l,Urban,7,Local,15000CO02811  01EE**************,15000CO02811--1-----,1,East,2,F,0,8.84,52.03,50.19,49.81,0.4142,https://maps.roads.maryland.gov/itms_public/?stationid=S2006150115,4804,4825,3750,3761,3752,3853,3934,4035,3660,3661,5144,5215,4050,4061,4022,4123,4214,4285,3880,4031,24,3172,343,3,98,21,NO ERROR,119,,,0.00655559,0.86642994,0.09369025,0.00081945,0.02676864,0.00573614,0.03250478,2,8.84,52.03,50.19,49.81,"4,804","4,825","3,750","3,761","3,752","3,853","3,934","4,035","3,660","3,661","5,144","5,215","4,050","4,061","4,022","4,123","4,214","4,285","3,880","4,031",24,"3,172",3,343,98,21,119
-8563639.872,4737707.479,3467,S2010150036,15,Montgomery,0,None,Ramp 3 Fr Md 198 Eb To Ramp 2 (us 29),RP,29,  ,0.015,0,0.025,Exit 11a Ramp 3 Fr Md 198 Eb To Ramp 2 (to Us 29 Nb),Exit 11 Ramp 03 Sandy Spring Rd To Ramp 2 Fr Md 198 Wb To Us 29 Nb,Urban,2,Principal Arterial Other Freeways and Expressways,15000RP00029  02NNUS11A       03,15000RP00029--111A03,2,North,2,F,0,15.68,100,100,0,0.0346,https://maps.roads.maryland.gov/itms_public/?stationid=S2010150036,,3820,3920,3931,3922,4023,4104,3820,3791,3792,,4130,4230,4251,4202,4313,4394,4090,4061,4022,,,,,,,NO ERROR,,,,,,,,,,,2,15.68,100,100,0,N/A,"3,820","3,920","3,931","3,922","4,023","4,104","3,820","3,791","3,792",N/A,"4,130","4,230","4,251","4,202","4,313","4,394","4,090","4,061","4,022",N/A,N/A,N/A,N/A,N/A,N/A,N/A
-8580541.3248,4722467.7594,3479,S2000150164,15,Montgomery,0,None,Ramp 8 Fr Md 185 Sb To Is 495 Wb,RP,495,  ,0.1,0,0.18,Exit 33 Ramp 8 Fr Md 185 Sb To Is 495 Wb,Exit 33 Ramp 08 Connecticut Ave To Capital Beltway,Urban,1,Interstate,15000RP00495  02SSIS33        08,15000RP00495--103308,2,West,1,F,0,9.53,100,0,100,0.4969,https://maps.roads.maryland.gov/itms_public/?stationid=S2000150164,7243,6770,6801,6862,6863,7034,7360,7541,7502,7563,7683,7180,7211,7272,7213,7394,7730,7841,7802,7873,,,,,,,NO ERROR,,,,,,,,,,,1,9.53,100,0,100,"7,243","6,770","6,801","6,862","6,863","7,034","7,360","7,541","7,502","7,563","7,683","7,180","7,211","7,272","7,213","7,394","7,730","7,841","7,802","7,873",N/A,N/A,N/A,N/A,N/A,N/A,N/A
-8591946.7565,4729191.5499,3480,S2017150257,15,Montgomery,0,None,Victory La,CO,2994,  ,0.88,0,0.98,Victory La - .10 Mile East Of Md 189,Gainsborough Rd To Md 189,Urban,6,Minor Collector,15000CO02994  01WW**************,15000CO02994--1-----,1,East,2,F,0,13.73,71.86,52.2,47.8,0.8127,https://maps.roads.maryland.gov/itms_public/?stationid=S2017150257,,,,,,,,2290,2271,2272,,,,,,,,2430,2411,2502,48,2014,155,0,55,0,NO ERROR,55,,,0.02112676,0.88644366,0.06822183,0,0.02420775,0,0.02420775,2,13.73,71.86,52.2,47.8,N/A,N/A,N/A,N/A,N/A,N/A,N/A,"2,290","2,271","2,272",N/A,N/A,N/A,N/A,N/A,N/A,N/A,"2,430","2,411","2,502",48,"2,014",0,155,55,0,55
-8591128.8109,4734144.683,3484,S2000150025,15,Montgomery,0,None,Ramp 7 Fr Md 28 Wb To Is 270 Sb,RP,270,  ,0.05,0,0.17,Exit 6 Ramp 7 Fr Md 28 Wb To Is 270 Sb,Exit 6  Ramp 07 W Montgomery Ave To Eisenhower Memorial Hwy,Urban,1,Interstate,15000RP00270  02WWIS6         07,15000RP00270--100607,2,South,1,F,0,8.69,100,0,100,0.229,https://maps.roads.maryland.gov/itms_public/?stationid=S2000150025,5505,5770,3830,3861,3862,3963,4054,4155,3660,3691,5805,6120,4060,4091,4062,4163,4264,4325,3810,3841,,,,,,,NO ERROR,,,,,,,,,,,1,8.69,100,0,100,"5,505","5,770","3,830","3,861","3,862","3,963","4,054","4,155","3,660","3,691","5,805","6,120","4,060","4,091","4,062","4,163","4,264","4,325","3,810","3,841",N/A,N/A,N/A,N/A,N/A,N/A,N/A
-8563497.4349,4737639.5649,3489,B150112,15,Montgomery,0,None,Sandy Spring Rd,MD,198,  ,3.71,3.61,4.75,Md198-.10 Mi E Of Us29,Us 29 To Riding Stable Rd,Urban,3,Principal Arterial Other,15000MD00198  01EE**************,15000MD00198--1-----,1,West,5,F,1,8.62,53.55,48.7,51.3,15.3716,https://maps.roads.maryland.gov/itms_public/?stationid=B150112,41472,44270,43921,44012,37160,38131,38862,37280,36941,36942,44382,47810,47441,47532,39760,40801,41582,39890,39531,39162,63,30949,0,159,4011,1760,NO ERROR,5771,,,0.00170538,0.83777272,0,0.00430404,0.10857561,0.04764225,0.15621786,5,8.62,53.55,48.7,51.3,"41,472","44,270","43,921","44,012","37,160","38,131","38,862","37,280","36,941","36,942","44,382","47,810","47,441","47,532","39,760","40,801","41,582","39,890","39,531","39,162",63,"30,949",159,0,"4,011","1,760","5,771"
-8574464.5256,4721523.7485,3493,S2012150756,15,Montgomery,0,None,Spring St,CO,598,  ,0.07,0,0.09,Spring St - Between Us 29 & Roeder Rd,Ellsworth Dr To Us29 (colesville Rd),Urban,5,Major Collector,15000CO00598  01WW**************,15000CO00598--1-----,1,West,4,F,0,7.7,54.16,53.15,46.85,0.3223,https://maps.roads.maryland.gov/itms_public/?stationid=S2012150756,,,11010,11031,11002,11293,11514,11795,9810,9811,,,11890,11911,11772,12083,12324,12505,10400,10791,,,,,,,NO ERROR,,,,,,,,,,,4,7.7,54.16,53.15,46.85,N/A,N/A,"11,010","11,031","11,002","11,293","11,514","11,795","9,810","9,811",N/A,N/A,"11,890","11,911","11,772","12,083","12,324","12,505","10,400","10,791",N/A,N/A,N/A,N/A,N/A,N/A,N/A
-8572301.5685,4723781.5751,3496,S2000150189,15,Montgomery,0,None,Ramp 6 Fr Is 495 Eb To Md 193 Sb,RP,495,  ,0.1,0,0.22,Exit 29 Ramp 6 Fr Is 495 Eb To Md 193 Sb,Exit 29 Ramp 06 Capital Beltway To University Blvd E,Urban,1,Interstate,15000RP00495  02EEIS29        06,15000RP00495--102906,2,South,1,F,0,6.96,100,0,100,0.7316,https://maps.roads.maryland.gov/itms_public/?stationid=S2000150189,8405,8070,8111,8330,8321,8480,8661,8872,9050,9111,8905,8550,8601,8830,8741,8900,9091,9232,9410,9481,,,,,,,NO ERROR,,,,,,,,,,,1,6.96,100,0,100,"8,405","8,070","8,111","8,330","8,321","8,480","8,661","8,872","9,050","9,111","8,905","8,550","8,601","8,830","8,741","8,900","9,091","9,232","9,410","9,481",N/A,N/A,N/A,N/A,N/A,N/A,N/A
-8569996.1777,4738899.7984,3498,B2840,15,Montgomery,0,None,Spencerville Rd,MD,198,  ,0.2,0,3.11,Md198-.20 Mi E Of Md650,Md 650 To Old Columbia Pike,Urban,3,Principal Arterial Other,15000MD00198  01EE**************,15000MD00198--1-----,1,West,3,F,1,8.57,59.15,48.43,51.57,24.601,https://maps.roads.maryland.gov/itms_public/?stationid=B2840,23122,25850,25641,25692,21250,21801,22222,21870,21671,21672,24742,27920,27691,27752,22740,23331,23782,23400,23191,22972,43,16617,2881,126,1737,268,NO ERROR,2005,,,0.00198413,0.76674972,0.13293651,0.00581395,0.0801495,0.01236619,0.09251569,3,8.57,59.15,48.43,51.57,"23,122","25,850","25,641","25,692","21,250","21,801","22,222","21,870","21,671","21,672","24,742","27,920","27,691","27,752","22,740","23,331","23,782","23,400","23,191","22,972",43,"16,617",126,"2,881","1,737",268,"2,005"
-8581656.9846,4717002.7447,3500,S2012150980,15,Montgomery,140,Somerset,Dorset Ave,MU,50,  ,0.09,0,0.7,Dorset Ave - .10 Mi West Of Md 355,Wisconsin Ave To Dorset Ave (ahead),Urban,6,Minor Collector,15140MU00050  01WW**************,15140MU00050--1-----,1,East,2,F,0,11.63,53.68,51.01,48.99,0.8179,https://maps.roads.maryland.gov/itms_public/?stationid=S2012150980,,,2860,2871,2862,2943,3004,3085,3200,3201,,,3090,3101,3062,3153,3214,3275,3390,3521,,,,,,,NO ERROR,,,,,,,,,,,2,11.63,53.68,51.01,48.99,N/A,N/A,"2,860","2,871","2,862","2,943","3,004","3,085","3,200","3,201",N/A,N/A,"3,090","3,101","3,062","3,153","3,214","3,275","3,390","3,521",N/A,N/A,N/A,N/A,N/A,N/A,N/A
-8589050.7922,4729883.3526,3509,S2001150117,15,Montgomery,0,None,Ramp 8 Fr Is 270 Sb To Md 927 Wb,RP,270,  ,0.2,0,0.26,Exit 4 Ramp 8 Fr Is 270 Sb To Md 927 Wb (montrose Rd),Exit 4  Ramp 08 Eisenhower Memorial Hwy To Montrose Rd,Urban,1,Interstate,15000RP00270  02SSIS4         08,15000RP00270--100408,2,South,1,F,0,9.65,100,0,100,0.2688,https://maps.roads.maryland.gov/itms_public/?stationid=S2001150117,2605,2510,2521,2542,2543,1790,1831,2830,2811,2832,2805,2660,2671,2702,2673,1880,1921,2940,2921,2952,,,,,,,NO ERROR,,,,,,,,,,,1,9.65,100,0,100,"2,605","2,510","2,521","2,542","2,543","1,790","1,831","2,830","2,811","2,832","2,805","2,660","2,671","2,702","2,673","1,880","1,921","2,940","2,921","2,952",N/A,N/A,N/A,N/A,N/A,N/A,N/A
-8577992.6542,4723673.3406,3510,B2901,15,Montgomery,0,None,Capital Beltway,IS,495,  ,9.61,8.24,10.44,Is495-.80 Mi W Of Md97,Md 185 To Md 97,Urban,1,Interstate,15000IS00495  01EE**************,15000IS00495--1-----,1,West,8,F,1,6.55,52.55,48.75,51.25,187.4852,https://maps.roads.maryland.gov/itms_public/?stationid=B2901,240271,240512,229920,231991,231762,227870,232661,238252,231860,233481,254691,254942,243720,245911,243352,239260,244291,247782,241130,242821,296,186015,30405,1785,9574,5406,NO ERROR,14980,,,0.00126777,0.79670294,0.13022473,0.00764516,0.04100548,0.02315392,0.0641594,8,6.55,52.55,48.75,51.25,"240,271","240,512","229,920","231,991","231,762","227,870","232,661","238,252","231,860","233,481","254,691","254,942","243,720","245,911","243,352","239,260","244,291","247,782","241,130","242,821",296,"186,015","1,785","30,405","9,574","5,406","14,980"
-8584949.9443,4724024.9747,3515,S2000150136,15,Montgomery,0,None,Ramp 1 Fr Md 187 Nb To Ramp 8 (to Is495),RP,495,  ,0.005,0,0.01,Exit 36 Ramp 1 Fr Md 187 Nb To Ramp 8 (to Is 495 Wb),Exit 36 Ramp 01 Old Georgetown Rd To Ramp 8 Fr Md 187 Sb To Is 495 Wb,Urban,1,Interstate,15000RP00495  02WWIS36        01,15000RP00495--103601,2,West,1,F,0,9.59,100,0,100,0.0102,https://maps.roads.maryland.gov/itms_public/?stationid=S2000150136,,2580,2591,2612,2613,2684,2745,2790,2771,2792,,2740,2751,2772,2743,2824,2885,2900,2881,2902,,,,,,,NO ERROR,,,,,,,,,,,1,9.59,100,0,100,N/A,"2,580","2,591","2,612","2,613","2,684","2,745","2,790","2,771","2,792",N/A,"2,740","2,751","2,772","2,743","2,824","2,885","2,900","2,881","2,902",N/A,N/A,N/A,N/A,N/A,N/A,N/A
-8599524.6668,4738473.857,3520,B2711,15,Montgomery,0,None,Darnestown Rd,MD,28,  ,15.8,15.7,19.51,Md28-.10 Mi E Of Quince Orchard Rd,Md 124 To Shady Grove Rd,Urban,3,Principal Arterial Other,15000MD00028  01EE**************,15000MD00028--1-----,1,West,5,F,2,9.23,68.98,49.89,50.11,33.9625,https://maps.roads.maryland.gov/itms_public/?stationid=B2711,24641,24742,24543,24594,25460,26121,26622,24640,24421,24422,26371,26722,26513,26564,27240,27951,28492,26370,26131,25892,80,20858,2342,88,916,138,NO ERROR,1054,,,0.00327573,0.85406601,0.09589714,0.00360331,0.03750717,0.00565064,0.04315781,5,9.23,68.98,49.89,50.11,"24,641","24,742","24,543","24,594","25,460","26,121","26,622","24,640","24,421","24,422","26,371","26,722","26,513","26,564","27,240","27,951","28,492","26,370","26,131","25,892",80,"20,858",88,"2,342",916,138,"1,054"
-8597544.0718,4726307.0016,3524,S2012150721,15,Montgomery,0,None,Piney Meetinghouse Rd,CO,197,  ,0.06,0,1.21,Piney Meetinghouse Rd - .10 Mile North Of Md 190,Md 190 To Glen Rd,Urban,5,Major Collector,15000CO00197  01NN**************,15000CO00197--1-----,1,North,2,F,0,11.56,55.48,47.73,52.27,2.8491,https://maps.roads.maryland.gov/itms_public/?stationid=S2012150721,,,5690,5701,5682,5833,5944,6095,6450,6451,,,6150,6161,6082,6243,6364,6465,6840,7101,,,,,,,NO ERROR,,,,,,,,,,,2,11.56,55.48,47.73,52.27,N/A,N/A,"5,690","5,701","5,682","5,833","5,944","6,095","6,450","6,451",N/A,N/A,"6,150","6,161","6,082","6,243","6,364","6,465","6,840","7,101",N/A,N/A,N/A,N/A,N/A,N/A,N/A
-8590704.7312,4733398.6115,3525,B2848,15,Montgomery,0,None,Eisenhower Memorial Hwy,IS,270,  ,6.16,5.5,6.46,Is270-.30 Mi S Of Md28,Md 189 To Md 28,Urban,1,Interstate,15000IS00270  01NN**************,15000IS00270--1-----,1,North,12,F,1,7.33,61.8,52,48,89.6011,https://maps.roads.maryland.gov/itms_public/?stationid=B2848,263451,263712,248690,250931,250682,236960,241941,247752,253930,255711,279261,279542,263610,265991,263222,248810,254041,257662,264090,265941,178,212781,31116,1458,6536,3642,NO ERROR,10178,,,0.0006961,0.83211516,0.12168425,0.00570175,0.0255601,0.01424264,0.03980275,12,7.33,61.8,52,48,"263,451","263,712","248,690","250,931","250,682","236,960","241,941","247,752","253,930","255,711","279,261","279,542","263,610","265,991","263,222","248,810","254,041","257,662","264,090","265,941",178,"212,781","1,458","31,116","6,536","3,642","10,178"
-8593874.5241,4739313.2391,3528,S2005150082,15,Montgomery,0,None,Ramp 8 Fr Ramp 5 To Ramp 1 (to Is370),RP,270,  ,0.05,0,0.2,Exit 9 Ramp 8 Fr Ramp 5 (fr Is 270 Sb) To Ramp 1 (to Is 370 Wb),Exit 9  Ramp 08 Ramp 5 Fr Is 270 Sb To Is 370 Eb To Ramp 1 Fr Is 270 Nb To Is 370 Wb,Urban,1,Interstate,15000RP00270  02SSIS9         08,15000RP00270--100908,2,West,1,F,0,9.63,100,0,100,0.5417,https://maps.roads.maryland.gov/itms_public/?stationid=S2005150082,5505,6390,6421,6482,6483,7190,7341,7522,7370,7421,5805,6770,6811,6872,6813,7550,7711,7822,7670,7721,,,,,,,NO ERROR,,,,,,,,,,,1,9.63,100,0,100,"5,505","6,390","6,421","6,482","6,483","7,190","7,341","7,522","7,370","7,421","5,805","6,770","6,811","6,872","6,813","7,550","7,711","7,822","7,670","7,721",N/A,N/A,N/A,N/A,N/A,N/A,N/A
-8595134.7467,4742979.8123,3531,S2012150923,15,Montgomery,63,Gaithersburg,Perry Pkwy,MU,294,  ,0.81,0,0.97,Perry Pkwy - .10 Mi South Of Md 355,W Diamond Ave To Frederick Rd,Urban,5,Major Collector,15063MU00294  01NN**************,15063MU00294--1-----,1,North,3,F,0,9.31,62.17,51.41,48.59,3.0416,https://maps.roads.maryland.gov/itms_public/?stationid=S2012150923,,,8190,8211,8192,8413,8574,8785,8590,8591,,,8850,8871,8772,9003,9174,9315,9110,9451,,,,,,,NO ERROR,,,,,,,,,,,3,9.31,62.17,51.41,48.59,N/A,N/A,"8,190","8,211","8,192","8,413","8,574","8,785","8,590","8,591",N/A,N/A,"8,850","8,871","8,772","9,003","9,174","9,315","9,110","9,451",N/A,N/A,N/A,N/A,N/A,N/A,N/A
-8587238.1281,4724693.6166,3546,S2001150171,15,Montgomery,0,None,Ramp 4 Fr Is 270y Nb To Democracy Blvd,RP,270,Y ,0.25,0.195,0.3,Exit 1 Ramp 4 Fr Is 270y Nb To Democracy Blvd Eb,Exit 1  Ramp 04 Ramp 1 Fr Rp 4 Eb To Democracy Blvd To Democracy Blvd,Urban,1,Interstate,15000RP00270Y 02NNIS1         04,15000RP00270Y-100104,2,East,2,F,0,14.45,100,100,0,0.235,https://maps.roads.maryland.gov/itms_public/?stationid=S2001150171,6354,6365,5740,5791,5792,5933,6064,6130,6091,6132,6744,6755,6080,6141,6082,6233,6374,6380,6341,6382,,,,,,,NO ERROR,,,,,,,,,,,2,14.45,100,100,0,"6,354","6,365","5,740","5,791","5,792","5,933","6,064","6,130","6,091","6,132","6,744","6,755","6,080","6,141","6,082","6,233","6,374","6,380","6,341","6,382",N/A,N/A,N/A,N/A,N/A,N/A,N/A
-8581288.1223,4716196.3423,3553,S2012150750,15,Montgomery,0,None,Willard Ave,CO,451,  ,0.63,0,0.67,Willard Ave - Between Md 355 & The Hills Plaza,River Rd To Wisconsin Ave,Urban,5,Major Collector,15000CO00451  01NN**************,15000CO00451--1-----,1,South,3,F,0,7.59,57.77,48.96,51.04,2.0814,https://maps.roads.maryland.gov/itms_public/?stationid=S2012150750,,,8740,8761,8742,8973,9144,9365,8510,8511,,,9440,9461,9352,9603,9784,9935,9020,9361,,,,,,,NO ERROR,,,,,,,,,,,3,7.59,57.77,48.96,51.04,N/A,N/A,"8,740","8,761","8,742","8,973","9,144","9,365","8,510","8,511",N/A,N/A,"9,440","9,461","9,352","9,603","9,784","9,935","9,020","9,361",N/A,N/A,N/A,N/A,N/A,N/A,N/A
-8573049.9515,4723994.2467,3556,B2902,15,Montgomery,0,None,Capital Beltway,IS,495,  ,12.09,11.88,12.52,Is495-.20 Mi E Of Us29,Us 29 To Md 193,Urban,1,Interstate,15000IS00495  01EE**************,15000IS00495--1-----,1,East,8,F,1,6.23,52.89,51.17,48.83,49.8271,https://maps.roads.maryland.gov/itms_public/?stationid=B2902,215841,216062,203530,205361,205162,208880,213271,218392,211820,213301,228791,229032,215740,217681,215422,219320,223941,227132,220290,221831,412,173892,23779,1955,6547,6716,NO ERROR,13263,,,0.00193154,0.81524231,0.11148096,0.00916545,0.03069371,0.03148602,0.06217974,8,6.23,52.89,51.17,48.83,"215,841","216,062","203,530","205,361","205,162","208,880","213,271","218,392","211,820","213,301","228,791","229,032","215,740","217,681","215,422","219,320","223,941","227,132","220,290","221,831",412,"173,892","1,955","23,779","6,547","6,716","13,263"
-8587505.3405,4735513.9056,3557,B150041,15,Montgomery,130,Rockville,Dover Rd                                ,MU,970,  ,0.1,0,0.11,Dover Rd-.10 Mi E Of N Horners La,N. Horners La To Dover Rd (ahead),Urban,6,Minor Collector,15130MU00970  01EE**************,15130MU00970--1-----,1,East,2,C,0,7.38,54.27,50,50,0.2212,https://maps.roads.maryland.gov/itms_public/?stationid=B150041,5405,5435,5395,5440,5421,5562,5673,5814,5765,5510,5805,5875,5835,5880,5801,5952,6073,6164,6115,6060,,,,,,,NO ERROR,,,,,,,,,,,2,7.38,54.27,50,50,"5,405","5,435","5,395","5,440","5,421","5,562","5,673","5,814","5,765","5,510","5,805","5,875","5,835","5,880","5,801","5,952","6,073","6,164","6,115","6,060",N/A,N/A,N/A,N/A,N/A,N/A,N/A
-8581979.2434,4719161.7341,3563,B2863,15,Montgomery,0,None,Wisconsin Ave,MD,355,  ,1.54,0,1.7,Md355-.10 Mi S Of Md410,Washington Dc/l To Md 410,Urban,3,Principal Arterial Other,15000MD00355  01NN**************,15000MD00355--1-----,1,North,6,F,1,7.24,52.16,50,50,24.5557,https://maps.roads.maryland.gov/itms_public/?stationid=B2863,38071,38222,40630,40711,40592,38260,38991,39932,39573,39574,40741,41282,43880,43971,43432,40940,41721,42732,42343,41954,496,34783,3291,187,568,249,NO ERROR,817,,,0.01253348,0.87893566,0.08316066,0.00472532,0.01435286,0.00629201,0.02064487,6,7.24,52.16,50,50,"38,071","38,222","40,630","40,711","40,592","38,260","38,991","39,932","39,573","39,574","40,741","41,282","43,880","43,971","43,432","40,940","41,721","42,732","42,343","41,954",496,"34,783",187,"3,291",568,249,817
-8590730.0486,4733793.137,3568,S2000150018,15,Montgomery,0,None,Ramp 4 Fr Is 270 Nb To Md 28 Eb,RP,270,  ,0.1,0,0.19,Exit 6 Ramp 4 Fr Is 270 Nb To Md 28 Eb,Exit 6  Ramp 04 Eisenhower Memorial Hwy To W Montgomery Ave,Urban,1,Interstate,15000RP00270  02EEIS6         04,15000RP00270--100604,2,East,1,F,0,8.16,100,100,0,0.3198,https://maps.roads.maryland.gov/itms_public/?stationid=S2000150018,5105,5440,4650,4691,4692,4813,4914,5035,4580,4611,5405,5770,4930,4971,4932,5053,5164,5245,4760,4801,,,,,,,NO ERROR,,,,,,,,,,,1,8.16,100,100,0,"5,105","5,440","4,650","4,691","4,692","4,813","4,914","5,035","4,580","4,611","5,405","5,770","4,930","4,971","4,932","5,053","5,164","5,245","4,760","4,801",N/A,N/A,N/A,N/A,N/A,N/A,N/A
-8593357.0646,4763158.4483,3571,B2984,15,Montgomery,0,None,Howard Chapel Dr,CO,753,  ,0.2,0,1.75,Howard Chapel Dr-.20 Mi N Of Dix St,Md 108 To Gue Rd,Urban,6,Minor Collector,15000CO00753  01NN**************,15000CO00753--1-----,1,North,2,F,0,9.01,51.56,48.73,51.27,0.4158,https://maps.roads.maryland.gov/itms_public/?stationid=B2984,661,662,590,591,592,640,651,672,650,651,711,722,640,641,632,690,701,712,690,721,4,424,134,2,73,14,NO ERROR,87,,,0.00614439,0.65130568,0.20583717,0.0030722,0.11213518,0.02150538,0.13364055,2,9.01,51.56,48.73,51.27,661,662,590,591,592,640,651,672,650,651,711,722,640,641,632,690,701,712,690,721,4,424,2,134,73,14,87
-8592905.2251,4738066.6941,3573,B2965,15,Montgomery,0,None,Eisenhower Memorial Hwy,IS,270,  ,8.69,8.39,9.32,Is270-.30 Mi N Of Shady Grove Rd,Shady Grove Rd To Is 370,Urban,1,Interstate,15000IS00270  01NN**************,15000IS00270--1-----,1,North,12,F,1,6.7,58.01,48.8,51.2,79.7541,https://maps.roads.maryland.gov/itms_public/?stationid=B2965,223731,223962,211410,213311,213102,214030,218531,223782,233320,234951,237161,237402,224100,226111,223762,224730,229461,232732,242650,244351,47,198157,26600,1298,5146,3703,NO ERROR,8849,,,0.00020004,0.84339713,0.1132151,0.00552456,0.02190244,0.01576073,0.03766317,12,6.7,58.01,48.8,51.2,"223,731","223,962","211,410","213,311","213,102","214,030","218,531","223,782","233,320","234,951","237,161","237,402","224,100","226,111","223,762","224,730","229,461","232,732","242,650","244,351",47,"198,157","1,298","26,600","5,146","3,703","8,849"
-8608302.1531,4732962.9697,3576,S2012150809,15,Montgomery,0,None,River Rd,CO,2603,  ,6.5,0,6.61,River Rd - .10 Mile West Of Md 190,Mt Nebo Rd (back) To River Rd,Rural,5,Major Collector,15000CO02603  01EE**************,15000CO02603--1-----,1,East,2,F,0,12.3,89.86,53.26,46.74,8.2537,https://maps.roads.maryland.gov/itms_public/?stationid=S2012150809,,,3330,3311,3312,3393,3474,3555,3380,3421,,,3530,3541,3512,3603,3724,3775,3580,3631,,,,,,,NO ERROR,,,,,,,,,,,2,12.3,89.86,53.26,46.74,N/A,N/A,"3,330","3,311","3,312","3,393","3,474","3,555","3,380","3,421",N/A,N/A,"3,530","3,541","3,512","3,603","3,724","3,775","3,580","3,631",N/A,N/A,N/A,N/A,N/A,N/A,N/A
-8578594.3964,4743191.3694,3577,S2012150866,15,Montgomery,0,None,Spartan Rd,CO,4297,  ,0.22,0,0.28,Spartan Rd - Between Buehler Rd & Md 108,Md 97 To Md 108,Urban,5,Major Collector,15000CO04297  01SS**************,15000CO04297--1-----,1,North,2,F,0,8.64,53.31,49.39,50.61,0.8923,https://maps.roads.maryland.gov/itms_public/?stationid=S2012150866,,,8600,8621,8602,8833,9004,9225,8730,8731,,,9290,9311,9202,9453,9634,9785,9250,9601,,,,,,,NO ERROR,,,,,,,,,,,2,8.64,53.31,49.39,50.61,N/A,N/A,"8,600","8,621","8,602","8,833","9,004","9,225","8,730","8,731",N/A,N/A,"9,290","9,311","9,202","9,453","9,634","9,785","9,250","9,601",N/A,N/A,N/A,N/A,N/A,N/A,N/A
-8580327.2294,4722613.38,3585,S2000150163,15,Montgomery,0,None,Ramp 7 Fr Ramp 2 (fr Is495) To Md 185 Sb,RP,495,  ,0.02,0,0.05,Exit 33 Ramp 7 Fr Ramp 2 (fr Is 495 Wb) To Md 185 Sb,Exit 33 Ramp 07 Ramp 2 Fr Is 495 Wb To Md 185 Nb To Connecticut Ave,Urban,1,Interstate,15000RP00495  02WWIS33        07,15000RP00495--103307,2,South,2,F,0,10.2,100,0,100,0.2727,https://maps.roads.maryland.gov/itms_public/?stationid=S2000150163,13063,10190,10241,10332,10323,10574,14570,14921,14832,14943,13853,10800,10861,10952,10843,11104,15300,15521,15432,15543,,,,,,,NO ERROR,,,,,,,,,,,2,10.2,100,0,100,"13,063","10,190","10,241","10,332","10,323","10,574","14,570","14,921","14,832","14,943","13,853","10,800","10,861","10,952","10,843","11,104","15,300","15,521","15,432","15,543",N/A,N/A,N/A,N/A,N/A,N/A,N/A
-8571895.0834,4732519.9714,3602,B150069,15,Montgomery,0,None,Randolph Rd,CO,1659,  ,6.59,3.638,6.63,Randolph Rd-.20 Mi W Of Md650,Md 97 To Md 650,Urban,3,Principal Arterial Other,15000CO01659  01EE**************,15000CO01659--1-----,1,East,6,F,0,9.08,60.41,50.21,49.79,44.6235,https://maps.roads.maryland.gov/itms_public/?stationid=B150069,37091,37242,40250,40331,40212,38740,39481,40432,40860,40861,39691,40222,43470,43561,43032,41450,42251,43262,43720,43311,,,,,,,NO ERROR,,,,,,,,,,,6,9.08,60.41,50.21,49.79,"37,091","37,242","40,250","40,331","40,212","38,740","39,481","40,432","40,860","40,861","39,691","40,222","43,470","43,561","43,032","41,450","42,251","43,262","43,720","43,311",N/A,N/A,N/A,N/A,N/A,N/A,N/A
-8582968.0566,4724512.9217,3611,B2866,15,Montgomery,0,None,Rockville Pike,MD,355,  ,4.19,3.96,5.27,Md355-.20 Mi N Of Is495,Is 495 To Md 547,Urban,3,Principal Arterial Other,15000MD00355  01NN**************,15000MD00355--1-----,1,North,6,F,1,7.59,61.65,48.74,51.26,26.3896,https://maps.roads.maryland.gov/itms_public/?stationid=B2866,55351,55572,59610,59731,59552,61103,55120,56441,55190,55191,59231,60022,64380,64511,63722,65383,58980,60391,59050,58501,24,47288,5488,903,1154,334,NO ERROR,1488,,,0.00043485,0.85680636,0.0994365,0.01636136,0.02090921,0.00605171,0.02696092,6,7.59,61.65,48.74,51.26,"55,351","55,572","59,610","59,731","59,552","61,103","55,120","56,441","55,190","55,191","59,231","60,022","64,380","64,511","63,722","65,383","58,980","60,391","59,050","58,501",24,"47,288",903,"5,488","1,154",334,"1,488"
-8581561.2503,4729137.7843,3613,S2012150781,15,Montgomery,0,None,Dewey Rd                                ,CO,1177,  ,0.48,0,1.21,Dewey Rd - .10 Mile South Of Randolph Rd,Road End To Ivy Glen Rd,Urban,5,Major Collector,15000CO01177  01SS**************,15000CO01177--1-----,1,South,2,F,0,10.69,70.02,49.1,50.9,1.5727,https://maps.roads.maryland.gov/itms_public/?stationid=S2012150781,,,3340,3351,3342,3433,3504,3595,3560,3561,,,3610,3621,3582,3673,3754,3815,3770,3921,,,,,,,NO ERROR,,,,,,,,,,,2,10.69,70.02,49.1,50.9,N/A,N/A,"3,340","3,351","3,342","3,433","3,504","3,595","3,560","3,561",N/A,N/A,"3,610","3,621","3,582","3,673","3,754","3,815","3,770","3,921",N/A,N/A,N/A,N/A,N/A,N/A,N/A
-8594460.7443,4743141.1107,3616,S2012150922,15,Montgomery,63,Gaithersburg,Odendhal Ave,MU,273,  ,0.75,0.35,0.88,Odendhal Ave - .10 Mi East Of Md 355,Odendhal Ave (back) To Frederick Rd,Urban,5,Major Collector,15063MU00273  01WW**************,15063MU00273--1-----,1,East,4,F,0,7.41,50.63,45.2,54.8,2.2616,https://maps.roads.maryland.gov/itms_public/?stationid=S2012150922,,,12520,12551,12512,12843,13094,13415,11690,11691,,,13520,13561,13392,13743,14014,14225,12390,12861,,,,,,,NO ERROR,,,,,,,,,,,4,7.41,50.63,45.2,54.8,N/A,N/A,"12,520","12,551","12,512","12,843","13,094","13,415","11,690","11,691",N/A,N/A,"13,520","13,561","13,392","13,743","14,014","14,225","12,390","12,861",N/A,N/A,N/A,N/A,N/A,N/A,N/A
-8599295.2948,4746647.7775,3617,S2002150145,15,Montgomery,0,None,Ramp 6 Fr Middlebrook Rd Eb To Is 270 Sb,RP,270,  ,0.03,0,0.06,Exit 13 Ramp 6 Fr Middlebrook Rd Eb To Is 270 Sb,Exit 13 Ramp 06 Middlebrook Rd To Ramp 7 Fr Middlebrook Rd To Ramp 6,Urban,1,Interstate,15000RP00270  02SSIS13        06,15000RP00270--101306,2,South,1,F,0,10.42,100,0,100,0.1753,https://maps.roads.maryland.gov/itms_public/?stationid=S2002150145,5211,5222,5253,5304,5305,7640,7801,7992,7943,8004,5521,5542,5573,5624,5575,8020,8191,8312,8263,8324,,,,,,,NO ERROR,,,,,,,,,,,1,10.42,100,0,100,"5,211","5,222","5,253","5,304","5,305","7,640","7,801","7,992","7,943","8,004","5,521","5,542","5,573","5,624","5,575","8,020","8,191","8,312","8,263","8,324",N/A,N/A,N/A,N/A,N/A,N/A,N/A
-8583494.7046,4729489.6219,3618,S2012150819,15,Montgomery,0,None,Parklawn Dr,CO,3234,  ,0.92,0,1.08,Parklawn Dr - .10 Mi West Of Randolph Rd,Wicomico Ave To Parklawn Dr,Urban,5,Major Collector,15000CO03234  01EE**************,15000CO03234--1-----,1,East,2,F,0,8.19,61.05,52.32,47.68,5.9134,https://maps.roads.maryland.gov/itms_public/?stationid=S2012150819,,,13780,13811,13772,14133,14404,14755,15000,15001,,,14880,14921,14742,15123,15414,15645,15900,16501,,,,,,,NO ERROR,,,,,,,,,,,2,8.19,61.05,52.32,47.68,N/A,N/A,"13,780","13,811","13,772","14,133","14,404","14,755","15,000","15,001",N/A,N/A,"14,880","14,921","14,742","15,123","15,414","15,645","15,900","16,501",N/A,N/A,N/A,N/A,N/A,N/A,N/A
-8570761.2995,4728311.7757,3622,B2915,15,Montgomery,0,None,New Hampshire Ave,MD,650,  ,5.36,5.16,7.53,Md650-.20 Mi N Of Us29,Us 29 To Randolph Rd,Urban,3,Principal Arterial Other,15000MD00650  01NN**************,15000MD00650--1-----,1,North,6,F,2,8.39,61.4,50.29,49.71,38.3226,https://maps.roads.maryland.gov/itms_public/?stationid=B2915,42441,45400,41300,41381,41262,44640,45491,46582,44300,44301,45411,49030,44600,44691,44152,47770,48681,49842,47400,46961,58,39009,3523,179,1167,365,NO ERROR,1532,,,0.00130923,0.88054446,0.07952416,0.00404054,0.02634252,0.00823909,0.03458161,6,8.39,61.4,50.29,49.71,"42,441","45,400","41,300","41,381","41,262","44,640","45,491","46,582","44,300","44,301","45,411","49,030","44,600","44,691","44,152","47,770","48,681","49,842","47,400","46,961",58,"39,009",179,"3,523","1,167",365,"1,532"
-8584036.7858,4729311.2002,3625,B150023,15,Montgomery,0,None,Randolph Rd,CO,1659,  ,0.1,0,1.76,Randolph Rd-.10 Mi E Of Md355,Montrose Pkwy To Md 586,Urban,3,Principal Arterial Other,15000CO01659  01EE**************,15000CO01659--1-----,1,East,5,F,0,7.16,53.54,53.1,46.9,15.6624,https://maps.roads.maryland.gov/itms_public/?stationid=B150023,28270,26580,23070,23121,23052,23660,24111,24692,24380,24381,30250,28710,24920,24971,24672,25320,25801,26422,26090,25841,56,21502,2246,69,377,131,NO ERROR,508,,,0.00229687,0.88191625,0.09212091,0.00283007,0.01546286,0.00537304,0.0208359,5,7.16,53.54,53.1,46.9,"28,270","26,580","23,070","23,121","23,052","23,660","24,111","24,692","24,380","24,381","30,250","28,710","24,920","24,971","24,672","25,320","25,801","26,422","26,090","25,841",56,"21,502",69,"2,246",377,131,508
-8579834.9518,4730709.886,3629,S2012150797,15,Montgomery,0,None,Weller Rd,CO,1564,  ,1.28,1.25,1.92,Weller Rd - Between Md 185 & Feldon St,Md 185 To Littleton St,Urban,7,Local,15000CO01564  01SS**************,15000CO01564--1-----,1,South,2,F,0,14.75,68.16,48.36,51.64,1.3159,https://maps.roads.maryland.gov/itms_public/?stationid=S2012150797,,,5020,5031,5022,5153,5254,5385,5380,5381,,,5420,5431,5372,5513,5624,5715,5700,5921,,,,,,,NO ERROR,,,,,,,,,,,2,14.75,68.16,48.36,51.64,N/A,N/A,"5,020","5,031","5,022","5,153","5,254","5,385","5,380","5,381",N/A,N/A,"5,420","5,431","5,372","5,513","5,624","5,715","5,700","5,921",N/A,N/A,N/A,N/A,N/A,N/A,N/A
-8576191.1729,4721099.7926,3632,B2893,15,Montgomery,0,None,East West Hwy,MD,410,  ,3.18,1.38,4.24,Md410-.30 Mi W Of Md390,Md 186 To Us 29,Urban,3,Principal Arterial Other,15000MD00410  01EE**************,15000MD00410--1-----,1,East,4,C,1,7.92,57.74,48.79,51.21,26.8074,https://maps.roads.maryland.gov/itms_public/?stationid=B2893,27092,25480,25281,25332,25340,26001,26600,27241,27002,25680,28992,27520,27301,27362,27110,27821,28460,29151,28892,27220,,,,,,,NO ERROR,,,,,,,,,,,4,7.92,57.74,48.79,51.21,"27,092","25,480","25,281","25,332","25,340","26,001","26,600","27,241","27,002","25,680","28,992","27,520","27,301","27,362","27,110","27,821","28,460","29,151","28,892","27,220",N/A,N/A,N/A,N/A,N/A,N/A,N/A
-8589243.0249,4723446.2618,3637,B150096,15,Montgomery,0,None,Bradley Blvd,MD,191,  ,1.45,1.35,2.84,Md191-.10 Mi N Of Seven Locks Rd,Seven Locks Rd To Burning Tree Rd,Urban,4,Minor Arterial,15000MD00191  01NN**************,15000MD00191--1-----,1,South,2,F,0,9.67,68.92,49.18,50.82,5.9013,https://maps.roads.maryland.gov/itms_public/?stationid=B150096,10431,10420,9460,9481,9452,9703,9894,10135,10850,10851,11161,11250,10220,10241,10112,10383,10594,10845,11610,11501,29,9760,730,61,220,51,NO ERROR,271,,,0.00267256,0.89945627,0.06727491,0.0056216,0.02027463,0.00470003,0.02497466,2,9.67,68.92,49.18,50.82,"10,431","10,420","9,460","9,481","9,452","9,703","9,894","10,135","10,850","10,851","11,161","11,250","10,220","10,241","10,112","10,383","10,594","10,845","11,610","11,501",29,"9,760",61,730,220,51,271
-8565747.5583,4733685.0039,3646,S2010150028,15,Montgomery,0,None,Ramp 2 Fr Briggs Chaney Rd To Us 29 Nb,RP,29,  ,0.1,0,0.23,Exit 8 Ramp 2 Fr Briggs Chaney Rd To Us 29 Nb ,Exit 8  Ramp 02 Briggs Chaney Rd To Columbia Pike,Urban,2,Principal Arterial Other Freeways and Expressways,15000RP00029  02NNUS8         02,15000RP00029--100802,2,North,1,F,0,8.67,100,100,0,0.3611,https://maps.roads.maryland.gov/itms_public/?stationid=S2010150028,5200,5221,4810,4821,4812,4943,5044,5175,4300,4301,5560,5641,5200,5211,5152,5293,5404,5545,4600,4561,,,,,,,NO ERROR,,,,,,,,,,,1,8.67,100,100,0,"5,200","5,221","4,810","4,821","4,812","4,943","5,044","5,175","4,300","4,301","5,560","5,641","5,200","5,211","5,152","5,293","5,404","5,545","4,600","4,561",N/A,N/A,N/A,N/A,N/A,N/A,N/A
-8594561.4686,4746061.1624,3652,S2012150847,15,Montgomery,0,None,Stedwick Rd                             ,CO,3764,  ,0.1,0,1.24,Stedwick Rd - .10 Mi West Of Montgomery Village Ave,Montgomery Village Ave To Watkins Mill Rd,Urban,6,Minor Collector,15000CO03764  01WW**************,15000CO03764--1-----,1,East,2,F,0,8.68,52.2,49.74,50.26,4.5943,https://maps.roads.maryland.gov/itms_public/?stationid=S2012150847,,,9940,9961,9932,10193,10394,10645,10150,10151,,,10740,10761,10632,10913,11124,11285,10760,11171,,,,,,,NO ERROR,,,,,,,,,,,2,8.68,52.2,49.74,50.26,N/A,N/A,"9,940","9,961","9,932","10,193","10,394","10,645","10,150","10,151",N/A,N/A,"10,740","10,761","10,632","10,913","11,124","11,285","10,760","11,171",N/A,N/A,N/A,N/A,N/A,N/A,N/A
-8588895.9201,4730296.351,3657,B2849,15,Montgomery,0,None,Eisenhower Memorial Hwy,IS,270,  ,4.44,4.14,5.5,Is270-.30 Mi N Of Md927 (montrose Rd),Montrose Rd To Md 189,Urban,1,Interstate,15000IS00270  01NN**************,15000IS00270--1-----,1,South,12,F,1,6.79,53.42,52.47,47.53,126.9598,https://maps.roads.maryland.gov/itms_public/?stationid=B2849,262331,262592,249910,252161,251912,251180,256461,262622,253980,255761,278071,278352,264910,267291,264512,263740,269281,273132,264140,265991,143,208660,35302,1468,6504,3684,NO ERROR,10188,,,0.00055912,0.81583979,0.1380273,0.00573973,0.02542999,0.01440407,0.03983406,12,6.79,53.42,52.47,47.53,"262,331","262,592","249,910","252,161","251,912","251,180","256,461","262,622","253,980","255,761","278,071","278,352","264,910","267,291","264,512","263,740","269,281","273,132","264,140","265,991",143,"208,660","1,468","35,302","6,504","3,684","10,188"
-8572006.7552,4723583.516,3658,B2835,15,Montgomery,0,None,University Blvd E,MD,193,  ,5.07,4.91,5.17,Md193-.10 Mi W Of Franklin Ave,Is 495 To Franklin Ave,Urban,3,Principal Arterial Other,15000MD00193  01EE**************,15000MD00193--1-----,1,West,6,F,1,7.28,53.98,44.83,55.17,4.6853,https://maps.roads.maryland.gov/itms_public/?stationid=B2835,43771,43952,43500,43591,43462,46600,47491,48632,49370,49371,46841,47472,46980,47081,46502,49860,50821,52042,52830,52331,176,41275,5717,394,1313,496,NO ERROR,1809,,,0.00356485,0.8360171,0.11579672,0.00798039,0.02659456,0.01004638,0.03664094,6,7.28,53.98,44.83,55.17,"43,771","43,952","43,500","43,591","43,462","46,600","47,491","48,632","49,370","49,371","46,841","47,472","46,980","47,081","46,502","49,860","50,821","52,042","52,830","52,331",176,"41,275",394,"5,717","1,313",496,"1,809"
-8585609.3023,4726146.0006,3660,S2002150035,15,Montgomery,0,None,Ramp 2 Fr Is 270 Wb To Md 187 Nb,RP,270,  ,0.17,0.144,0.192,Exit 1a Ramp 2 Fr Is 270 Wb To Md 187 Nb,Exit 1a Ramp 02 Ramp 7 Fr Ramp 2 (fr Is270) To Md 187 Sb To Old Georgetown Rd,Urban,1,Interstate,15000RP00270  02WWIS1A        02,15000RP00270--101A02,2,West,1,F,0,9.08,100,0,100,0.0645,https://maps.roads.maryland.gov/itms_public/?stationid=S2002150035,3105,3240,3261,3292,3293,3374,3455,3670,3651,3682,3305,3430,3461,3492,3463,3544,3635,3820,3801,3832,,,,,,,NO ERROR,,,,,,,,,,,1,9.08,100,0,100,"3,105","3,240","3,261","3,292","3,293","3,374","3,455","3,670","3,651","3,682","3,305","3,430","3,461","3,492","3,463","3,544","3,635","3,820","3,801","3,832",N/A,N/A,N/A,N/A,N/A,N/A,N/A
-8600841.261,4738641.3481,3665,S2017150200,15,Montgomery,0,None,Riffle Ford Rd,CO,225,  ,0.08,0,3.06,Riffle Ford Rd - .08 Mile North Of Md 28,Md 28 To Md 118,Urban,4,Minor Arterial,15000CO00225  01NN**************,15000CO00225--1-----,1,North,2,F,0,12.21,78.95,54.75,45.25,5.8883,https://maps.roads.maryland.gov/itms_public/?stationid=S2017150200,,,,,,,,5320,5271,5272,,,,,,,,5690,5641,5592,44,3790,1142,9,247,40,NO ERROR,287,,,0.00834598,0.71889226,0.21661608,0.00170713,0.04685129,0.00758725,0.05443854,2,12.21,78.95,54.75,45.25,N/A,N/A,N/A,N/A,N/A,N/A,N/A,"5,320","5,271","5,272",N/A,N/A,N/A,N/A,N/A,N/A,N/A,"5,690","5,641","5,592",44,"3,790",9,"1,142",247,40,287
-8587188.0861,4722521.483,3669,S2012150714,15,Montgomery,0,None,Burdette Rd,CO,169,  ,0.16,0,0.2,Burdette Rd - .10 Mile North Of Md 191,Greentree Rd To Md 191,Urban,5,Major Collector,15000CO00169  01SS**************,15000CO00169--1-----,1,North,2,F,0,13.48,50.58,48.05,51.95,0.1724,https://maps.roads.maryland.gov/itms_public/?stationid=S2012150714,,,2270,2281,2272,2333,2384,2445,2360,2361,,,2450,2461,2432,2503,2554,2595,2500,2601,,,,,,,NO ERROR,,,,,,,,,,,2,13.48,50.58,48.05,51.95,N/A,N/A,"2,270","2,281","2,272","2,333","2,384","2,445","2,360","2,361",N/A,N/A,"2,450","2,461","2,432","2,503","2,554","2,595","2,500","2,601",N/A,N/A,N/A,N/A,N/A,N/A,N/A
-8576262.7316,4723706.2616,3670,S2000150168,15,Montgomery,0,None,Ramp 2 Fr Is 495 Wb To Md 97 Nb,RP,495,  ,0.14,0.12,0.16,Exit 31 Ramp 2 Fr Is 495 Wb To Md 97 Nb,Exit 31 Ramp 02 Ramp 7 Fr Ramp 2 (fr Is 495) To Md 97 Sb To Georgia Ave,Urban,1,Interstate,15000RP00495  02WWIS31        02,15000RP00495--103102,2,West,1,F,0,7.85,100,0,100,0.1057,https://maps.roads.maryland.gov/itms_public/?stationid=S2000150168,6832,7090,7131,7202,7203,7384,7545,7230,7191,7242,7242,7520,7561,7632,7563,7754,7925,7520,7481,7532,,,,,,,NO ERROR,,,,,,,,,,,1,7.85,100,0,100,"6,832","7,090","7,131","7,202","7,203","7,384","7,545","7,230","7,191","7,242","7,242","7,520","7,561","7,632","7,563","7,754","7,925","7,520","7,481","7,532",N/A,N/A,N/A,N/A,N/A,N/A,N/A
-8587052.2122,4728120.1567,3671,S2012150811,15,Montgomery,0,None,Old Stage Rd,CO,2879,  ,0.07,0,1.07,Old Stage Rd - .10 Mi North Of Tilden La,Tilden La To Dinwiddie Dr,Urban,6,Minor Collector,15000CO02879  01NN**************,15000CO02879--1-----,1,South,2,F,0,12.71,71.34,50.66,49.34,0.9143,https://maps.roads.maryland.gov/itms_public/?stationid=S2012150811,,,2420,2431,2422,2493,2544,2615,2340,2341,,,2610,2631,2592,2673,2724,2775,2480,2581,,,,,,,NO ERROR,,,,,,,,,,,2,12.71,71.34,50.66,49.34,N/A,N/A,"2,420","2,431","2,422","2,493","2,544","2,615","2,340","2,341",N/A,N/A,"2,610","2,631","2,592","2,673","2,724","2,775","2,480","2,581",N/A,N/A,N/A,N/A,N/A,N/A,N/A
-8580107.8187,4733197.531,3673,S2012150686,15,Montgomery,0,None,Aspen Hill Rd,CO,142,  ,1.82,1.62,1.91,Aspen Hill Rd - .10 Mile South Of Md 97,Md 185 To Md 97,Urban,4,Minor Arterial,15000CO00142  01NN**************,15000CO00142--1-----,1,North,3,F,0,8.02,58.59,51.83,48.17,1.6926,https://maps.roads.maryland.gov/itms_public/?stationid=S2012150686,,,15220,15251,15212,15613,15914,16305,15350,15991,,,16440,16471,16282,16713,17034,17455,16430,16271,,,,,,,NO ERROR,,,,,,,,,,,3,8.02,58.59,51.83,48.17,N/A,N/A,"15,220","15,251","15,212","15,613","15,914","16,305","15,350","15,991",N/A,N/A,"16,440","16,471","16,282","16,713","17,034","17,455","16,430","16,271",N/A,N/A,N/A,N/A,N/A,N/A,N/A
-8589044.863,4720222.4515,3676,S2000150123,15,Montgomery,0,None,Ramp 1 Fr Ramp 4 (fr Is495) To Md 190 Wb,RP,495,  ,0.07,0,0.36,Exit 39 Ramp 1 Fr Is 495 Nb To Md 190 Wb,Exit 39 Ramp 01 Ramp 4 Fr Is 495 Nb To Md 190 Eb To River Rd,Urban,1,Interstate,15000RP00495  02NNIS39        01,15000RP00495--103901,2,West,1,F,0,12.9,100,0,100,0.7833,https://maps.roads.maryland.gov/itms_public/?stationid=S2000150123,4994,5005,5650,5701,5702,5843,5974,6125,5920,5961,5294,5315,5990,6041,5992,6143,6274,6375,6160,6201,,,,,,,NO ERROR,,,,,,,,,,,1,12.9,100,0,100,"4,994","5,005","5,650","5,701","5,702","5,843","5,974","6,125","5,920","5,961","5,294","5,315","5,990","6,041","5,992","6,143","6,274","6,375","6,160","6,201",N/A,N/A,N/A,N/A,N/A,N/A,N/A
-8578125.1282,4746754.4163,3678,B2744,15,Montgomery,0,None,Georgia Ave,MD,97,  ,13.49,11.89,17.02,Md97-.20 Mi N Of Gold Mine Rd,Md 108 To Md 650,Rural,4,Minor Arterial,15000MD00097  01NN**************,15000MD00097--1-----,1,South,3,F,1,9.38,79.4,48.68,51.32,18.3144,https://maps.roads.maryland.gov/itms_public/?stationid=B2744,10801,10842,9570,9591,9600,9800,9991,10232,9780,9781,11561,11712,10340,10361,10270,10490,10691,10952,10470,10371,67,7589,1604,54,369,98,NO ERROR,467,,,0.00685002,0.77589204,0.16399141,0.00552091,0.0377262,0.01001943,0.04774563,3,9.38,79.4,48.68,51.32,"10,801","10,842","9,570","9,591","9,600","9,800","9,991","10,232","9,780","9,781","11,561","11,712","10,340","10,361","10,270","10,490","10,691","10,952","10,470","10,371",67,"7,589",54,"1,604",369,98,467
-8581314.1822,4733988.7882,3681,S2012150804,15,Montgomery,0,None,Marianna Dr                             ,CO,1895,  ,0.64,0,0.66,Marianna Dr - Between Bauer Dr & Parkland Dr,Aspen Hill Rd To Parkland Dr,Urban,6,Minor Collector,15000CO01895  01NN**************,15000CO01895--1-----,1,South,2,F,0,9.67,59.79,48.72,51.28,1.0915,https://maps.roads.maryland.gov/itms_public/?stationid=S2012150804,,,4640,4651,4642,4763,4854,4975,4530,4531,,,5010,5021,4972,5103,5194,5275,4800,4981,,,,,,,NO ERROR,,,,,,,,,,,2,9.67,59.79,48.72,51.28,N/A,N/A,"4,640","4,651","4,642","4,763","4,854","4,975","4,530","4,531",N/A,N/A,"5,010","5,021","4,972","5,103","5,194","5,275","4,800","4,981",N/A,N/A,N/A,N/A,N/A,N/A,N/A
-8566477.8914,4733020.0888,3685,S2012151284,15,Montgomery,0,None,Ramp 8 Fr Us 29 Sb To Md 200 Wb,RP,200,  ,0.17,0,0.55,Exit 16 Ramp 8 Fr Us 29 Sb To Md 200 Wb,Exit 16 Ramp 08 Us 29 Sb To Md 200 Wb,Urban,2,Principal Arterial Other Freeways and Expressways,15000RP00200  02SSMD16        08,15000RP00200--101608,2,West,1,F,0,10.37,100,0,100,1.0644,https://maps.roads.maryland.gov/itms_public/?stationid=S2012151284,,,2890,2901,4840,4971,5072,5350,5301,5302,,,3120,3131,5180,5321,5432,5730,5671,5622,,,,,,,NO ERROR,,,,,,,,,,,1,10.37,100,0,100,N/A,N/A,"2,890","2,901","4,840","4,971","5,072","5,350","5,301","5,302",N/A,N/A,"3,120","3,131","5,180","5,321","5,432","5,730","5,671","5,622",N/A,N/A,N/A,N/A,N/A,N/A,N/A
-8594462.1561,4725382.4966,3688,B150093,15,Montgomery,0,None,Falls Rd,MD,189,  ,0.59,0,0.69,Md189-.10 Mi S Of Democracy Blvd,Md 190 To Democracy Blvd,Urban,4,Minor Arterial,15000MD00189  01NN**************,15000MD00189--1-----,1,South,3,F,0,8.96,56.29,47,53,4.5137,https://maps.roads.maryland.gov/itms_public/?stationid=B150093,20022,19380,19231,19272,19213,19714,20095,18080,17921,17922,21422,20930,20771,20812,20563,21094,21515,19350,19181,19002,,,,,,,NO ERROR,,,,,,,,,,,3,8.96,56.29,47,53,"20,022","19,380","19,231","19,272","19,213","19,714","20,095","18,080","17,921","17,922","21,422","20,930","20,771","20,812","20,563","21,094","21,515","19,350","19,181","19,002",N/A,N/A,N/A,N/A,N/A,N/A,N/A
-8599757.2624,4748161.2735,3689,S2010150048,15,Montgomery,0,None,Ramp 9 Fr Ramp 4 (fr Is270) To Md 118 Eb,RP,270,  ,0.07,0,0.145,Exit 15 Ramp 9 Fr Ramp 4 (fr Is 270 Nb) To Md 118 Eb ,Exit 15 Ramp 09 Ramp 4 Fr Is 270 Nb To Md 118 Eb To Germantown Rd,Urban,1,Interstate,15000RP00270  02NNIS15        09,15000RP00270--101509,2,East,1,F,0,16.61,100,100,0,0.0456,https://maps.roads.maryland.gov/itms_public/?stationid=S2010150048,620,621,622,633,634,680,691,712,850,861,660,661,662,673,674,710,731,742,880,901,,,,,,,NO ERROR,,,,,,,,,,,1,16.61,100,100,0,620,621,622,633,634,680,691,712,850,861,660,661,662,673,674,710,731,742,880,901,N/A,N/A,N/A,N/A,N/A,N/A,N/A
-8601195.2708,4749994.8982,3690,S1997150020,15,Montgomery,0,None,Ramp 7 Fr Father Hurley Blvd To Is270 Sb,RP,270,  ,0.1,0,0.34,Exit 16 Ramp 7 Fr Father Hurley Blvd Wb To Is 270 Sb,Exit 16 Ramp 07 Father Hurley Blvd To Eisenhower Memorial Hwy,Urban,1,Interstate,15000RP00270  02WWIS16        07,15000RP00270--101607,2,South,1,F,0,8.67,100,0,100,1.3106,https://maps.roads.maryland.gov/itms_public/?stationid=S1997150020,7231,7242,7283,7354,7355,9780,9991,10232,10490,10561,7671,7682,7723,7804,7725,10270,10491,10642,10910,10981,,,,,,,NO ERROR,,,,,,,,,,,1,8.67,100,0,100,"7,231","7,242","7,283","7,354","7,355","9,780","9,991","10,232","10,490","10,561","7,671","7,682","7,723","7,804","7,725","10,270","10,491","10,642","10,910","10,981",N/A,N/A,N/A,N/A,N/A,N/A,N/A
-8585693.5011,4726137.3464,3694,S2005150061,15,Montgomery,0,None,Ramp 9 Fr Md 187 Nb To Md 187b Sb,RP,270,  ,0.02,0,0.047,Exit 1a Ramp 9 Fr Md 187 Nb To Is 270 Wb,Exit 1a Ramp 09 Old Georgetown Rd To Ramp 8 Fr Md 187 Sb To Ramp 9 (to Is270),Urban,1,Interstate,15000RP00270  02WWIS1A        09,15000RP00270--101A09,2,West,2,F,0,12.36,100,0,100,0.0805,https://maps.roads.maryland.gov/itms_public/?stationid=S2005150061,4005,4550,4571,4612,4613,4724,4825,4690,4661,4692,4205,4820,4851,4892,4843,4964,5075,4880,4851,4882,,,,,,,NO ERROR,,,,,,,,,,,2,12.36,100,0,100,"4,005","4,550","4,571","4,612","4,613","4,724","4,825","4,690","4,661","4,692","4,205","4,820","4,851","4,892","4,843","4,964","5,075","4,880","4,851","4,882",N/A,N/A,N/A,N/A,N/A,N/A,N/A
-8584792.71,4723858.4915,3713,S2000150140,15,Montgomery,0,None,Ramp 5 Fr Md 187 Sb To Ramp 4 (to Is495),RP,495,  ,0.01,0,0.02,Exit 36 Ramp 5 Fr Md 187 Sb To Is 495 Eb,Exit 36 Ramp 05 Old Georgetown Rd To Ramp 4 Fr Md 187 Nb To Is 495 Eb,Urban,1,Interstate,15000RP00495  02EEIS36        05,15000RP00495--103605,2,East,1,F,0,7.94,100,100,0,0.0177,https://maps.roads.maryland.gov/itms_public/?stationid=S2000150140,,2430,2441,2462,2463,2524,2585,2410,2401,2422,,2580,2591,2612,2593,2654,2715,2510,2501,2522,,,,,,,NO ERROR,,,,,,,,,,,1,7.94,100,100,0,N/A,"2,430","2,441","2,462","2,463","2,524","2,585","2,410","2,401","2,422",N/A,"2,580","2,591","2,612","2,593","2,654","2,715","2,510","2,501","2,522",N/A,N/A,N/A,N/A,N/A,N/A,N/A
-8594054.6883,4744813.7805,3714,B150028,15,Montgomery,0,None,Montgomery Village Ave,CO,3727,  ,0.1,0,2.44,Montgomery Village Ave-.10 Mi N Of Md124,Md 124 To Wightman Rd,Urban,4,Minor Arterial,15000CO03727  01NN**************,15000CO03727--1-----,1,North,5,F,0,7.95,66.34,50.99,49.01,27.9933,https://maps.roads.maryland.gov/itms_public/?stationid=B150028,38652,37770,37471,37552,38050,39041,39782,31710,31431,31432,41362,40790,40471,40562,40710,41771,42572,33930,33631,33322,20,28129,2288,78,660,257,NO ERROR,917,,,0.00063629,0.89491601,0.07279206,0.00248155,0.02099771,0.00817638,0.02917409,5,7.95,66.34,50.99,49.01,"38,652","37,770","37,471","37,552","38,050","39,041","39,782","31,710","31,431","31,432","41,362","40,790","40,471","40,562","40,710","41,771","42,572","33,930","33,631","33,322",20,"28,129",78,"2,288",660,257,917
-8582941.6139,4714638.5622,3716,B2889,15,Montgomery,0,None,Massachusetts Ave,MD,396,  ,2.11,1.542,2.23,Md396-.20 Mi W Of Wash Dc Line,Little Falls Pkwy To Westmoreland Cir,Urban,4,Minor Arterial,15000MD00396  01EE**************,15000MD00396--1-----,1,West,4,F,0,9.02,59.78,47.26,52.74,7.113,https://maps.roads.maryland.gov/itms_public/?stationid=B2889,24652,23970,23781,23832,26690,27381,27902,28573,28324,28325,26382,25890,25681,25742,28560,29301,29862,30573,30314,30035,63,22179,5113,97,785,88,NO ERROR,873,,,0.00222418,0.78301853,0.18051192,0.00342454,0.02771403,0.0031068,0.03082083,4,9.02,59.78,47.26,52.74,"24,652","23,970","23,781","23,832","26,690","27,381","27,902","28,573","28,324","28,325","26,382","25,890","25,681","25,742","28,560","29,301","29,862","30,573","30,314","30,035",63,"22,179",97,"5,113",785,88,873
-8594652.3242,4742980.424,3720,B2871,15,Montgomery,0,None,Frederick Rd,MD,355,  ,15.05,12.68,15.43,Md355-.50 Mi S Of Md124,Is 370 To Md 124,Urban,3,Principal Arterial Other,15000MD00355  01NN**************,15000MD00355--1-----,1,North,5,F,1,6.92,57.2,48.98,51.02,34.0683,https://maps.roads.maryland.gov/itms_public/?stationid=B2871,35181,35322,35080,35151,35052,33760,34401,35232,33940,33941,37641,38152,37890,37961,37512,36120,36811,37702,36320,35981,109,28501,3800,139,1110,282,NO ERROR,1392,,,0.00321146,0.83972187,0.11195899,0.00409534,0.03270381,0.00830854,0.04101234,5,6.92,57.2,48.98,51.02,"35,181","35,322","35,080","35,151","35,052","33,760","34,401","35,232","33,940","33,941","37,641","38,152","37,890","37,961","37,512","36,120","36,811","37,702","36,320","35,981",109,"28,501",139,"3,800","1,110",282,"1,392"
-8589498.3206,4740451.8873,3721,S2012151318,15,Montgomery,0,None,Ramp 4 Fr Md200a Nb To Shady Grove Rd Eb,RP,200,A ,0.27,0,0.285,Exit 1 Ramp 4 Fr Md 200a Nb To Shady Grove Rd Eb,Exit 1  Ramp 04 Md 200a Nb To Shady Grove Rd Eb,Urban,3,Principal Arterial Other,15000RP00200A 02NNMD1         04,15000RP00200A-100104,2,East,1,F,0,15.66,100,100,0,0.3642,https://maps.roads.maryland.gov/itms_public/?stationid=S2012151318,,,3250,3261,3252,3343,3414,3505,3500,3501,,,3510,3521,3482,3583,3654,3755,3750,3711,,,,,,,NO ERROR,,,,,,,,,,,1,15.66,100,100,0,N/A,N/A,"3,250","3,261","3,252","3,343","3,414","3,505","3,500","3,501",N/A,N/A,"3,510","3,521","3,482","3,583","3,654","3,755","3,750","3,711",N/A,N/A,N/A,N/A,N/A,N/A,N/A
-8590856.2025,4734103.753,3724,S2000150019,15,Montgomery,0,None,Ramp 1 Fr Is 270 Nb To Md 28 Wb,RP,270,  ,0.05,0,0.22,Exit 6 Ramp 1 Fr Is 270 Nb To Md 28 Wb,Exit 6  Ramp 01 Eisenhower Memorial Hwy To W Montgomery Ave,Urban,1,Interstate,15000RP00270  02WWIS6         01,15000RP00270--100601,2,West,1,F,0,8.97,100,0,100,1.2809,https://maps.roads.maryland.gov/itms_public/?stationid=S2000150019,15064,16530,15640,15781,15772,16153,16494,16895,15840,15951,15974,17520,16580,16731,16562,16963,17324,17575,16470,16591,,,,,,,NO ERROR,,,,,,,,,,,1,8.97,100,0,100,"15,064","16,530","15,640","15,781","15,772","16,153","16,494","16,895","15,840","15,951","15,974","17,520","16,580","16,731","16,562","16,963","17,324","17,575","16,470","16,591",N/A,N/A,N/A,N/A,N/A,N/A,N/A
-8584275.6767,4723958.5154,3725,B2900,15,Montgomery,0,None,Capital Beltway,IS,495,  ,5.9,5.61,6.71,Is495-.30 Mi E Of Md187,Md 187 To Md 355,Urban,1,Interstate,15000IS00495  01EE**************,15000IS00495--1-----,1,East,6,F,1,6.98,55.9,54.06,45.94,44.5388,https://maps.roads.maryland.gov/itms_public/?stationid=B2900,116211,116332,106950,107911,107802,107510,109771,112412,110160,110931,123181,123312,113370,114391,113192,112890,115261,116912,114570,115371,114,94661,9114,639,2273,4130,NO ERROR,6403,,,0.00102767,0.85333225,0.08215918,0.00576034,0.02049021,0.03723035,0.05772057,6,6.98,55.9,54.06,45.94,"116,211","116,332","106,950","107,911","107,802","107,510","109,771","112,412","110,160","110,931","123,181","123,312","113,370","114,391","113,192","112,890","115,261","116,912","114,570","115,371",114,"94,661",639,"9,114","2,273","4,130","6,403"
-8591583.6886,4728176.6482,3726,S2017150259,15,Montgomery,0,None,Postoak Rd,CO,3300,  ,0.05,0,1.22,Postoak Rd - .05 Mile North Of Tuckerman La,Tuckerman La To Seven Locks Rd,Urban,6,Minor Collector,15000CO03300  01NN**************,15000CO03300--1-----,1,North,2,F,0,17.63,62.77,52.44,47.56,1.0963,https://maps.roads.maryland.gov/itms_public/?stationid=S2017150259,,,,,,,,2480,2461,2462,,,,,,,,2630,2611,2712,,,,,,,NO ERROR,,,,,,,,,,,2,17.63,62.77,52.44,47.56,N/A,N/A,N/A,N/A,N/A,N/A,N/A,"2,480","2,461","2,462",N/A,N/A,N/A,N/A,N/A,N/A,N/A,"2,630","2,611","2,712",N/A,N/A,N/A,N/A,N/A,N/A,N/A
-8576135.6077,4723500.4621,3733,S2000150169,15,Montgomery,0,None,Ramp 3 Fr Is 495 Eb To Md 97 Nb,RP,495,  ,0.05,0,0.1,Exit 31 Ramp 3 Fr Is 495 Eb To Md 97 Nb,Exit 31 Ramp 03 Capital Beltway To Georgia Ave,Urban,1,Interstate,15000RP00495  02EEIS31        03,15000RP00495--103103,2,East,1,F,0,7.49,100,100,0,0.2045,https://maps.roads.maryland.gov/itms_public/?stationid=S2000150169,5182,5070,5101,5152,5153,5284,5405,5590,5561,5602,5492,5370,5411,5462,5413,5554,5685,5810,5781,5832,,,,,,,NO ERROR,,,,,,,,,,,1,7.49,100,100,0,"5,182","5,070","5,101","5,152","5,153","5,284","5,405","5,590","5,561","5,602","5,492","5,370","5,411","5,462","5,413","5,554","5,685","5,810","5,781","5,832",N/A,N/A,N/A,N/A,N/A,N/A,N/A
-8590681.4557,4722978.7388,3734,S2012150817,15,Montgomery,0,None,Kentsdale Dr,CO,3217,  ,0.03,0,1.06,Kentsdale Dr - Between Md 191 & Tobin Cir,Bradley Blvd To Newbridge Dr,Urban,6,Minor Collector,15000CO03217  01NN**************,15000CO03217--1-----,1,North,2,F,0,12.23,62.33,57.68,42.32,1.2153,https://maps.roads.maryland.gov/itms_public/?stationid=S2012150817,,,2950,2961,2952,3033,3094,3175,3140,3141,,,3190,3201,3162,3253,3314,3375,3330,3461,,,,,,,NO ERROR,,,,,,,,,,,2,12.23,62.33,57.68,42.32,N/A,N/A,"2,950","2,961","2,952","3,033","3,094","3,175","3,140","3,141",N/A,N/A,"3,190","3,201","3,162","3,253","3,314","3,375","3,330","3,461",N/A,N/A,N/A,N/A,N/A,N/A,N/A
-8570744.6967,4727665.5832,3738,S2001150029,15,Montgomery,0,None,Ramp 6 Fr Us 29 Eb To Md 650 Sb,RP,29,  ,0.1,0,0.16,Exit 3 Ramp 6 Fr Us 29 Eb To Md 650 Sb,Exit 3  Ramp 06 Columbia Pike To New Hampshire Ave,Urban,3,Principal Arterial Other,15000RP00029  02EEUS3         06,15000RP00029--100306,2,East,1,F,0,8.96,100,100,0,0.111,https://maps.roads.maryland.gov/itms_public/?stationid=S2001150029,794,1750,1870,1871,1872,1923,1964,2015,1900,1901,854,1890,2020,2021,2002,2063,2104,2165,2030,2021,,,,,,,NO ERROR,,,,,,,,,,,1,8.96,100,100,0,794,"1,750","1,870","1,871","1,872","1,923","1,964","2,015","1,900","1,901",854,"1,890","2,020","2,021","2,002","2,063","2,104","2,165","2,030","2,021",N/A,N/A,N/A,N/A,N/A,N/A,N/A
-8574724.909,4734543.6537,3752,T0010,15,Montgomery,0,None,Intercounty Connector,MD,200,  ,11.541,10.445,13.245,Md 200 - Between Md 182 & Md 650,Md 182 To Md 650,Urban,2,Principal Arterial Other Freeways and Expressways,15000MD00200  01EE**************,15000MD00200--1-----,1,West,6,C,1,12.9,55,50,50,61.7492,https://maps.roads.maryland.gov/itms_public/?stationid=T0010,,,26517,33434,39561,46656,53588,56650,58146,60420,,,29350,37511,44325,52266,60233,63626,65263,67898,,,,,,,NO ERROR,,,,,,,,,,,6,12.9,55,50,50,N/A,N/A,"26,517","33,434","39,561","46,656","53,588","56,650","58,146","60,420",N/A,N/A,"29,350","37,511","44,325","52,266","60,233","63,626","65,263","67,898",N/A,N/A,N/A,N/A,N/A,N/A,N/A
-8600820.7743,4731729.2587,3759,S2012150766,15,Montgomery,0,None,Travilah Rd,CO,780,  ,3.91,2.76,4.02,Travilah Rd - .10 Mile North Of Glen Rd,Dufief Rd To Glen Rd,Urban,4,Minor Arterial,15000CO00780  01SS**************,15000CO00780--1-----,1,North,2,F,0,10.97,66.71,50.09,49.91,2.8472,https://maps.roads.maryland.gov/itms_public/?stationid=S2012150766,,,6140,6151,6132,6293,6414,6575,6190,6191,,,6630,6641,6562,6733,6864,7045,6620,6561,,,,,,,NO ERROR,,,,,,,,,,,2,10.97,66.71,50.09,49.91,N/A,N/A,"6,140","6,151","6,132","6,293","6,414","6,575","6,190","6,191",N/A,N/A,"6,630","6,641","6,562","6,733","6,864","7,045","6,620","6,561",N/A,N/A,N/A,N/A,N/A,N/A,N/A
-8578471.2635,4743365.057,3765,S2012150867,15,Montgomery,0,None,Spartan Rd,CO,4297,  ,0.32,0.28,0.48,Spartan Rd - .10 Mi North Of Md 108,Md 108 To Appomattox Ave,Urban,5,Major Collector,15000CO04297  01SS**************,15000CO04297--1-----,1,North,3,F,0,8.17,53.77,49.37,50.63,0.4556,https://maps.roads.maryland.gov/itms_public/?stationid=S2012150867,,,5630,5641,5622,5773,5884,6035,6240,6241,,,6080,6091,6022,6183,6304,6405,6610,6871,,,,,,,NO ERROR,,,,,,,,,,,3,8.17,53.77,49.37,50.63,N/A,N/A,"5,630","5,641","5,622","5,773","5,884","6,035","6,240","6,241",N/A,N/A,"6,080","6,091","6,022","6,183","6,304","6,405","6,610","6,871",N/A,N/A,N/A,N/A,N/A,N/A,N/A
-8580514.1967,4725686.2117,3768,B2958,15,Montgomery,0,None,Knowles Ave,MD,547,  ,1.6,0.76,1.8,Md547-.20 Mi W Of Md185,Montrose Ave To Md 185,Urban,4,Minor Arterial,15000MD00547  01EE**************,15000MD00547--1-----,1,West,2,C,0,7.35,51.16,53.12,46.88,3.7201,https://maps.roads.maryland.gov/itms_public/?stationid=B2958,10790,10831,10742,10730,10701,10982,9980,10221,10132,9800,11550,11701,11602,11590,11451,11752,10680,10941,10842,10390,35,8688,768,56,229,24,NO ERROR,253,,,0.00357143,0.88653061,0.07836735,0.00571429,0.02336735,0.00244898,0.02581633,2,7.35,51.16,53.12,46.88,"10,790","10,831","10,742","10,730","10,701","10,982","9,980","10,221","10,132","9,800","11,550","11,701","11,602","11,590","11,451","11,752","10,680","10,941","10,842","10,390",35,"8,688",56,768,229,24,253
-8587985.6705,4725724.2551,3773,S2012150834,15,Montgomery,0,None,Westlake Dr                             ,CO,3439,  ,0.54,0.46,1.17,Westlake Dr - .10 Mi North Of Westlake Terr,Westlake Terr To Tuckerman La,Urban,5,Major Collector,15000CO03439  01NN**************,15000CO03439--1-----,1,North,3,F,0,8.88,52.22,45.49,54.51,3.8512,https://maps.roads.maryland.gov/itms_public/?stationid=S2012150834,,,15220,15251,15212,15613,15914,16305,14860,14861,,,16440,16471,16282,16713,17034,17285,15750,16351,,,,,,,NO ERROR,,,,,,,,,,,3,8.88,52.22,45.49,54.51,N/A,N/A,"15,220","15,251","15,212","15,613","15,914","16,305","14,860","14,861",N/A,N/A,"16,440","16,471","16,282","16,713","17,034","17,285","15,750","16,351",N/A,N/A,N/A,N/A,N/A,N/A,N/A
-8603237.5535,4736558.4899,3779,S2012150723,15,Montgomery,0,None,Turkey Foot Rd,CO,208,  ,2.59,0,3.42,Turkey Foot Rd - .10 Mile South Of Md 28,Travilah Rd To Cul De Sac,Urban,5,Major Collector,15000CO00208  01NN**************,15000CO00208--1-----,1,South,2,F,0,11.16,66.41,46.24,53.76,2.6227,https://maps.roads.maryland.gov/itms_public/?stationid=S2012150723,,,2640,2651,2642,2713,2774,2845,2100,2101,,,2850,2861,2832,2903,2974,3025,2230,2311,,,,,,,NO ERROR,,,,,,,,,,,2,11.16,66.41,46.24,53.76,N/A,N/A,"2,640","2,651","2,642","2,713","2,774","2,845","2,100","2,101",N/A,N/A,"2,850","2,861","2,832","2,903","2,974","3,025","2,230","2,311",N/A,N/A,N/A,N/A,N/A,N/A,N/A
-8599202.576,4750999.0458,3786,B150057,15,Montgomery,0,None,Ridge Rd,CO,7402,  ,0.1,0,1.07,Ridge Rd-.10 Mi S Of Md355,Md 355 To Father Hurley Blvd (ahead),Urban,3,Principal Arterial Other,15000CO07402  01SS**************,15000CO07402--1-----,1,North,5,F,0,8.12,61.45,50.93,49.07,14.8921,https://maps.roads.maryland.gov/itms_public/?stationid=B150057,29331,29452,28590,28651,28572,37460,38171,39092,38130,38131,31381,31812,30880,30941,30572,40080,40841,41832,40800,40421,57,31847,4687,129,1107,304,NO ERROR,1411,,,0.00149485,0.83519971,0.12291836,0.00338307,0.0290315,0.00797252,0.03700401,5,8.12,61.45,50.93,49.07,"29,331","29,452","28,590","28,651","28,572","37,460","38,171","39,092","38,130","38,131","31,381","31,812","30,880","30,941","30,572","40,080","40,841","41,832","40,800","40,421",57,"31,847",129,"4,687","1,107",304,"1,411"
-8582014.9694,4734357.4336,3797,S2012150829,15,Montgomery,0,None,Bauer Dr,CO,3377,  ,2.08,2.03,2.79,Bauer Dr - Between Arctic Ave & Brad Dr,Arctic Ave To Renn St,Urban,6,Minor Collector,15000CO03377  01WW**************,15000CO03377--1-----,1,West,2,F,0,9.16,59.96,48.63,51.37,1.2819,https://maps.roads.maryland.gov/itms_public/?stationid=S2012150829,,,4660,4671,4662,4783,4874,4995,4620,4621,,,5030,5051,4992,5123,5224,5305,4900,5081,,,,,,,NO ERROR,,,,,,,,,,,2,9.16,59.96,48.63,51.37,N/A,N/A,"4,660","4,671","4,662","4,783","4,874","4,995","4,620","4,621",N/A,N/A,"5,030","5,051","4,992","5,123","5,224","5,305","4,900","5,081",N/A,N/A,N/A,N/A,N/A,N/A,N/A
-8588569.7381,4732471.9598,3801,S2012150939,15,Montgomery,130,Rockville,Cabin John Pkwy,MU,490,  ,0.03,0,0.49,Cabin John Pkwy - Between Monroe St & Blandford St,Monroe St To Leverton Rd,Urban,5,Major Collector,15130MU00490  01EE**************,15130MU00490--1-----,1,West,2,F,0,10.13,60.83,37.99,62.01,0.188,https://maps.roads.maryland.gov/itms_public/?stationid=S2012150939,,,1050,1051,1052,1083,1104,1135,1050,1051,,,1130,1141,1132,1163,1184,1205,1110,1161,,,,,,,NO ERROR,,,,,,,,,,,2,10.13,60.83,37.99,62.01,N/A,N/A,"1,050","1,051","1,052","1,083","1,104","1,135","1,050","1,051",N/A,N/A,"1,130","1,141","1,132","1,163","1,184","1,205","1,110","1,161",N/A,N/A,N/A,N/A,N/A,N/A,N/A
-8583916.3174,4721697.6817,3817,S2012150712,15,Montgomery,0,None,Greentree Rd,CO,167,  ,0.05,0,1.41,Greentree Rd - Between Md 187 & Seneca La,Md 187 To Fernwood Rd,Urban,5,Major Collector,15000CO00167  01WW**************,15000CO00167--1-----,1,West,2,F,0,10.73,69.59,49.79,50.21,3.7575,https://maps.roads.maryland.gov/itms_public/?stationid=S2012150712,,,7080,7091,7072,7263,7404,7585,7300,7301,,,7650,7661,7572,7773,7924,8045,7740,8031,,,,,,,NO ERROR,,,,,,,,,,,2,10.73,69.59,49.79,50.21,N/A,N/A,"7,080","7,091","7,072","7,263","7,404","7,585","7,300","7,301",N/A,N/A,"7,650","7,661","7,572","7,773","7,924","8,045","7,740","8,031",N/A,N/A,N/A,N/A,N/A,N/A,N/A
-8582979.5958,4724235.2573,3820,S2000150150,15,Montgomery,0,None,Ramp 5 Fr Md 355 Sb To Is 495 Eb,RP,495,  ,0.05,0,0.22,Exit 34 Ramp 5 Fr Md 355 Sb To Is 495 Eb,Exit 34 Ramp 05 Rockville Pike To Capital Beltway,Urban,1,Interstate,15000RP00495  02SSIS34        05,15000RP00495--103405,2,South,1,F,0,8.37,100,0,100,0.9236,https://maps.roads.maryland.gov/itms_public/?stationid=S2000150150,11033,11920,11981,12092,12083,12374,12635,11490,11421,11502,11703,12640,12701,12822,12693,12994,13275,11950,11881,11962,,,,,,,NO ERROR,,,,,,,,,,,1,8.37,100,0,100,"11,033","11,920","11,981","12,092","12,083","12,374","12,635","11,490","11,421","11,502","11,703","12,640","12,701","12,822","12,693","12,994","13,275","11,950","11,881","11,962",N/A,N/A,N/A,N/A,N/A,N/A,N/A
-8597718.8554,4756664.2409,3833,B2701,15,Montgomery,0,None,Ridge Rd,MD,27,  ,2.92,0.54,6.14,Md27-.10 Mi N Of Davis Mill Rd,Brink Rd To Bethesda Church Rd,Urban,3,Principal Arterial Other,15000MD00027  01NN**************,15000MD00027--1-----,1,North,4,C,1,7.84,58.34,51.22,48.78,42.413,https://maps.roads.maryland.gov/itms_public/?stationid=B2701,23260,23351,23162,22420,22351,22932,20830,21331,21142,20750,24890,25221,25022,24210,23921,24542,22290,22821,22622,22000,31,16687,2929,61,844,198,NO ERROR,1042,,,0.00149398,0.80419277,0.14115663,0.00293976,0.0406747,0.00954217,0.05021687,4,7.84,58.34,51.22,48.78,"23,260","23,351","23,162","22,420","22,351","22,932","20,830","21,331","21,142","20,750","24,890","25,221","25,022","24,210","23,921","24,542","22,290","22,821","22,622","22,000",31,"16,687",61,"2,929",844,198,"1,042"
-8587258.149,4731913.6166,3841,S2012150945,15,Montgomery,130,Rockville,W Edmonston Dr,MU,1010,  ,0.58,0,0.65,W Edmonston Dr - Between Curtis Pl & Hardy Pl,Cabin John Pkwy To Wootton Pkwy,Urban,5,Major Collector,15130MU01010  01EE**************,15130MU01010--1-----,1,East,2,F,0,10.06,62.98,51.2,48.8,0.5578,https://maps.roads.maryland.gov/itms_public/?stationid=S2012150945,,,2170,2171,2162,2223,2274,2335,2350,2351,,,2340,2351,2312,2383,2434,2485,2490,2591,,,,,,,NO ERROR,,,,,,,,,,,2,10.06,62.98,51.2,48.8,N/A,N/A,"2,170","2,171","2,162","2,223","2,274","2,335","2,350","2,351",N/A,N/A,"2,340","2,351","2,312","2,383","2,434","2,485","2,490","2,591",N/A,N/A,N/A,N/A,N/A,N/A,N/A
-8601289.7195,4749894.9989,3862,S1997150021,15,Montgomery,0,None,Ramp 8 Fr Is270 Sb To Father Hurley Blvd,RP,270,  ,0.35,0.23,0.45,Exit 16 Ramp 8 Fr Is 270 Sb To Father Hurley Blvd Wb,Exit 16 Ramp 08 Ramp 5 Fr Ramp 8 To Father Hurley Blvd To Father Hurley Blvd,Urban,1,Interstate,15000RP00270  02SSIS16        08,15000RP00270--101608,2,West,1,F,0,19.4,100,0,100,0.3381,https://maps.roads.maryland.gov/itms_public/?stationid=S1997150021,3711,3722,3743,3784,3785,3510,3581,3672,4180,4211,3931,3952,3973,4014,3975,3690,3761,3822,4350,4381,,,,,,,NO ERROR,,,,,,,,,,,1,19.4,100,0,100,"3,711","3,722","3,743","3,784","3,785","3,510","3,581","3,672","4,180","4,211","3,931","3,952","3,973","4,014","3,975","3,690","3,761","3,822","4,350","4,381",N/A,N/A,N/A,N/A,N/A,N/A,N/A
-8588357.0715,4733266.5676,3892,S2012150947,15,Montgomery,130,Rockville,Fleet St,MU,1125,  ,0.05,0,0.55,Fleet St - Between Maryland Ave & Monroe St,Maryland Ave To Mt Vernon Pl,Urban,5,Major Collector,15130MU01125  01EE**************,15130MU01125--1-----,1,West,4,F,0,10.18,57.84,55.1,44.9,1.9615,https://maps.roads.maryland.gov/itms_public/?stationid=S2012150947,,,9380,9401,9372,9623,9814,10055,9770,9771,,,10130,10151,10032,10303,10504,10665,10360,10751,,,,,,,NO ERROR,,,,,,,,,,,4,10.18,57.84,55.1,44.9,N/A,N/A,"9,380","9,401","9,372","9,623","9,814","10,055","9,770","9,771",N/A,N/A,"10,130","10,151","10,032","10,303","10,504","10,665","10,360","10,751",N/A,N/A,N/A,N/A,N/A,N/A,N/A
-8589764.5588,4726227.9015,3906,S2012150711,15,Montgomery,0,None,Bells Mill Rd                           ,CO,165,  ,1.8,1.27,1.96,Bells Mill Rd - Between Deborah Dr & Seven Locks Rd,Gainsborough Rd To Seven Locks Rd,Urban,5,Major Collector,15000CO00165  01EE**************,15000CO00165--1-----,1,West,3,F,0,9.2,64.61,50.5,49.5,0.9044,https://maps.roads.maryland.gov/itms_public/?stationid=S2012150711,,,3520,3531,3522,3613,3684,3775,3590,3591,,,3800,3811,3772,3873,3944,4005,3810,3951,,,,,,,NO ERROR,,,,,,,,,,,3,9.2,64.61,50.5,49.5,N/A,N/A,"3,520","3,531","3,522","3,613","3,684","3,775","3,590","3,591",N/A,N/A,"3,800","3,811","3,772","3,873","3,944","4,005","3,810","3,951",N/A,N/A,N/A,N/A,N/A,N/A,N/A
-8585389.8866,4717985.5444,3919,B2819,15,Montgomery,0,None,River Rd,MD,190,  ,13.7,12.71,13.83,Md190-.20 Mi W Of Md614,Md 188 To Md 614,Urban,3,Principal Arterial Other,15000MD00190  01EE**************,15000MD00190--1-----,1,East,4,C,0,8.48,53.02,49.28,50.72,17.4762,https://maps.roads.maryland.gov/itms_public/?stationid=B2819,43040,43211,42872,43620,43491,44622,42940,43971,43582,42750,46050,46671,46302,47110,46541,47752,45950,47051,46632,45320,,,,,,,NO ERROR,,,,,,,,,,,4,8.48,53.02,49.28,50.72,"43,040","43,211","42,872","43,620","43,491","44,622","42,940","43,971","43,582","42,750","46,050","46,671","46,302","47,110","46,541","47,752","45,950","47,051","46,632","45,320",N/A,N/A,N/A,N/A,N/A,N/A,N/A
-8574848.0536,4721381.9282,3920,S2012150759,15,Montgomery,0,None,Cameron St,CO,600,  ,0.2,0,0.38,Cameron St - Between Md 97 & Fenton St,Second Ave To Cul De Sac,Urban,6,Minor Collector,15000CO00600  01NN**************,15000CO00600--1-----,1,North,3,F,0,7.99,58.9,49.36,50.64,1.1347,https://maps.roads.maryland.gov/itms_public/?stationid=S2012150759,,,8030,8051,8032,8243,8404,8615,8180,8181,,,8670,8701,8592,8823,8994,9135,8670,9001,,,,,,,NO ERROR,,,,,,,,,,,3,7.99,58.9,49.36,50.64,N/A,N/A,"8,030","8,051","8,032","8,243","8,404","8,615","8,180","8,181",N/A,N/A,"8,670","8,701","8,592","8,823","8,994","9,135","8,670","9,001",N/A,N/A,N/A,N/A,N/A,N/A,N/A
-8600249.9455,4748180.5325,3932,S2009150029,15,Montgomery,0,None,Ramp 7 Fr Md 118 Wb To Is 270 Sb,RP,270,  ,0.15,0,0.33,Exit 15 Ramp 7 Fr Md 118 Wb To Is 270 Sb,Exit 15 Ramp 07 Germantown Rd To Eisenhower Memorial Hwy,Urban,1,Interstate,15000RP00270  02WWIS15        07,15000RP00270--101507,2,South,1,F,0,8.58,100,0,100,0.5711,https://maps.roads.maryland.gov/itms_public/?stationid=S2009150029,4711,4722,4753,4804,4805,4600,4701,4812,4710,4741,4991,5012,5043,5094,5055,4830,4941,5002,4900,4931,,,,,,,NO ERROR,,,,,,,,,,,1,8.58,100,0,100,"4,711","4,722","4,753","4,804","4,805","4,600","4,701","4,812","4,710","4,741","4,991","5,012","5,043","5,094","5,055","4,830","4,941","5,002","4,900","4,931",N/A,N/A,N/A,N/A,N/A,N/A,N/A
-8577283.6304,4726947.3855,3936,B2909,15,Montgomery,0,None,Veirs Mill Rd,MD,586,  ,5.68,5.55,5.78,Md586-.10 Mi W Of Md97,Grandview Ave To Md 97,Urban,3,Principal Arterial Other,15000MD00586  01EE**************,15000MD00586--1-----,1,West,5,F,0,7.54,53.92,48.67,51.33,1.5708,https://maps.roads.maryland.gov/itms_public/?stationid=B2909,22160,22251,21260,21301,21242,25000,25481,26092,18710,18711,23710,24031,22960,23011,22732,26750,27271,27922,20020,19831,119,16205,1493,381,407,106,NO ERROR,513,,,0.0063599,0.86606809,0.07979264,0.02036235,0.02175191,0.00566512,0.02741703,5,7.54,53.92,48.67,51.33,"22,160","22,251","21,260","21,301","21,242","25,000","25,481","26,092","18,710","18,711","23,710","24,031","22,960","23,011","22,732","26,750","27,271","27,922","20,020","19,831",119,"16,205",381,"1,493",407,106,513
-8589130.1588,4736389.4231,3941,S2012150941,15,Montgomery,130,Rockville,College Pkwy,MU,740,  ,0.81,0,0.91,College Pkwy - .10 Mi South Of Md 355,Nelson St To Hungerford Dr,Urban,5,Major Collector,15130MU00740  01NN**************,15130MU00740--1-----,1,North,3,F,0,9.98,53.59,54.04,45.96,2.3055,https://maps.roads.maryland.gov/itms_public/?stationid=S2012150941,,,6630,6641,6622,6793,6924,7095,6940,6941,,,7160,7171,7092,7273,7414,7525,7360,7641,,,,,,,NO ERROR,,,,,,,,,,,3,9.98,53.59,54.04,45.96,N/A,N/A,"6,630","6,641","6,622","6,793","6,924","7,095","6,940","6,941",N/A,N/A,"7,160","7,171","7,092","7,273","7,414","7,525","7,360","7,641",N/A,N/A,N/A,N/A,N/A,N/A,N/A
-8592826.2263,4721417.7276,3942,S2012150768,15,Montgomery,0,None,Persimmon Tree Rd,CO,781,  ,2.1,1.99,3.54,Persimmon Tree Rd - .10 Mile North Of Bradley Blvd,Bradley Blvd To River Rd,Urban,5,Major Collector,15000CO00781  01NN**************,15000CO00781--1-----,1,South,2,F,0,10.89,78.77,43.33,56.67,1.381,https://maps.roads.maryland.gov/itms_public/?stationid=S2012150768,,,2420,2431,2422,2493,2544,2615,2440,2441,,,2610,2631,2592,2673,2724,2775,2590,2691,,,,,,,NO ERROR,,,,,,,,,,,2,10.89,78.77,43.33,56.67,N/A,N/A,"2,420","2,431","2,422","2,493","2,544","2,615","2,440","2,441",N/A,N/A,"2,610","2,631","2,592","2,673","2,724","2,775","2,590","2,691",N/A,N/A,N/A,N/A,N/A,N/A,N/A
-8584920.9515,4730096.8645,3948,B150045,15,Montgomery,130,Rockville,Twinbrook Pkwy,MU,2970,  ,2.105,1.95,2.2,Twinbrook Pkwy-between Md355 & Chapman Ave,Twinbrook Pkwy (back) To Md 355,Urban,4,Minor Arterial,15130MU02970  01SS**************,15130MU02970--1-----,1,North,3,F,0,8.43,56.01,51.89,48.11,1.452,https://maps.roads.maryland.gov/itms_public/?stationid=B150045,16152,15960,15831,15862,15730,16141,16452,16050,15911,15912,17282,17240,17101,17132,16830,17271,17602,17170,17031,16872,57,14282,1020,62,357,134,NO ERROR,491,,,0.0035822,0.89756159,0.06410256,0.00389643,0.0224359,0.00842132,0.03085721,3,8.43,56.01,51.89,48.11,"16,152","15,960","15,831","15,862","15,730","16,141","16,452","16,050","15,911","15,912","17,282","17,240","17,101","17,132","16,830","17,271","17,602","17,170","17,031","16,872",57,"14,282",62,"1,020",357,134,491
-8589220.1542,4733568.1742,3968,B2814,15,Montgomery,130,Rockville,Great Falls Rd,MU,1281,  ,5.6,5.05,5.7,Great Falls Rd-.10 Mi S Of Md28,Maryland Ave To W. Montgomery Ave,Urban,5,Major Collector,15130MU01281  01NN**************,15130MU01281--1-----,1,North,2,C,0,9.53,52.55,51.58,48.42,2.0949,https://maps.roads.maryland.gov/itms_public/?stationid=B2814,9365,9405,9335,8890,8861,9092,9273,9504,9425,8830,10005,10165,10085,9600,9481,9732,9923,10074,9995,9710,,,,,,,NO ERROR,,,,,,,,,,,2,9.53,52.55,51.58,48.42,"9,365","9,405","9,335","8,890","8,861","9,092","9,273","9,504","9,425","8,830","10,005","10,165","10,085","9,600","9,481","9,732","9,923","10,074","9,995","9,710",N/A,N/A,N/A,N/A,N/A,N/A,N/A
-8584888.4571,4712873.1863,3979,B150077,15,Montgomery,0,None,Clara Barton Pkwy,GV,6,  ,6.19,3.37,6.39,Clara Barton Pkwy-.20 Mi N Of Washington Dc/l,Is 495x (cabin John Pkwy) To Wash Dc/l,Urban,2,Principal Arterial Other Freeways and Expressways,15000GV00006  01SS**************,15000GV00006--1-----,1,South,3,F,0,7.98,100,53.58,46.42,24.363,https://maps.roads.maryland.gov/itms_public/?stationid=B150077,20252,21050,20881,20922,20850,21391,21802,22300,22101,22102,21672,22730,22551,22602,22310,22891,23332,23860,23651,23432,66,17617,4231,19,133,36,NO ERROR,169,,,0.00298616,0.79707719,0.19143064,0.00085965,0.00601755,0.00162881,0.00764637,3,7.98,100,53.58,46.42,"20,252","21,050","20,881","20,922","20,850","21,391","21,802","22,300","22,101","22,102","21,672","22,730","22,551","22,602","22,310","22,891","23,332","23,860","23,651","23,432",66,"17,617",19,"4,231",133,36,169
-8587497.1494,4732492.9194,3994,B150043,15,Montgomery,130,Rockville,Ritchie Pkwy,MU,2592,  ,0.1,0,0.47,Ritchie Pkwy-.10 Mi W Of Wooten Pkwy,Fleet St To W. Edmonston Dr,Urban,6,Minor Collector,15130MU02592  01WW**************,15130MU02592--1-----,1,West,2,F,0,9.02,68.51,38.37,61.63,0.5579,https://maps.roads.maryland.gov/itms_public/?stationid=B150043,3265,3030,3011,3022,3240,3321,3382,3280,3251,3252,3505,3270,3251,3262,3470,3551,3622,3480,3451,3582,15,2959,190,0,71,17,NO ERROR,88,,,0.00461255,0.9099016,0.05842558,0,0.02183272,0.00522755,0.02706027,2,9.02,68.51,38.37,61.63,"3,265","3,030","3,011","3,022","3,240","3,321","3,382","3,280","3,251","3,252","3,505","3,270","3,251","3,262","3,470","3,551","3,622","3,480","3,451","3,582",15,"2,959",0,190,71,17,88
-8594100.2794,4760640.99,4009,S2012150640,15,Montgomery,0,None,Hawkins Creamery Rd,CO,44,  ,0.17,0,4.57,Hawkins Creamery Rd - Between Md 124 & Highland Manor Ct,Woodfield Rd To Laytonsville Rd,Urban,5,Major Collector,15000CO00044  01EE**************,15000CO00044--1-----,1,West,2,F,0,8.41,58.03,49.75,50.25,4.9224,https://maps.roads.maryland.gov/itms_public/?stationid=S2012150640,,,2890,2901,2892,2973,3034,3115,2950,2951,,,3120,3131,3092,3183,3254,3305,3130,3251,,,,,,,NO ERROR,,,,,,,,,,,2,8.41,58.03,49.75,50.25,N/A,N/A,"2,890","2,901","2,892","2,973","3,034","3,115","2,950","2,951",N/A,N/A,"3,120","3,131","3,092","3,183","3,254","3,305","3,130","3,251",N/A,N/A,N/A,N/A,N/A,N/A,N/A
-8618614.501,4753277.1008,4011,S2012150731,15,Montgomery,0,None,Mt Ephraim Rd,CO,242,  ,0.1,0,2.54,Mt Ephraim Rd - .10 Mile East Of Md 28,Dickerson Rd To Frederick Co/l,Rural,6,Minor Collector,15000CO00242  01EE**************,15000CO00242--1-----,1,West,2,F,0,13.57,76.99,41.8,58.2,0.6963,https://maps.roads.maryland.gov/itms_public/?stationid=S2012150731,,,790,791,792,813,834,855,740,751,,,840,851,842,863,894,915,780,801,,,,,,,NO ERROR,,,,,,,,,,,2,13.57,76.99,41.8,58.2,N/A,N/A,790,791,792,813,834,855,740,751,N/A,N/A,840,851,842,863,894,915,780,801,N/A,N/A,N/A,N/A,N/A,N/A,N/A
-8597877.1122,4747726.5979,4019,S2012150681,15,Montgomery,0,None,Middlebrook Rd,CO,141,  ,2.51,2.38,3.01,Middlebrook Rd - Between Md 355 & Minstrel Tune Way,Md 355 To Mid County Hwy,Urban,5,Major Collector,15000CO00141  01EE**************,15000CO00141--1-----,1,East,3,F,0,9.02,56.25,45.81,54.19,2.3296,https://maps.roads.maryland.gov/itms_public/?stationid=S2012150681,,,9930,9951,9922,10183,10384,10635,10130,10131,,,10720,10751,10622,10903,11114,11275,10740,11141,,,,,,,NO ERROR,,,,,,,,,,,3,9.02,56.25,45.81,54.19,N/A,N/A,"9,930","9,951","9,922","10,183","10,384","10,635","10,130","10,131",N/A,N/A,"10,720","10,751","10,622","10,903","11,114","11,275","10,740","11,141",N/A,N/A,N/A,N/A,N/A,N/A,N/A
-8580318.141,4729906.3059,4026,B150067,15,Montgomery,0,None,Randolph Rd,CO,1659,  ,2.02,1.76,2.28,Randolph Rd-.10 Mi E Of Md 586,Md 586 To Md 185,Urban,3,Principal Arterial Other,15000CO01659  01EE**************,15000CO01659--1-----,1,East,6,F,0,8.53,66.62,50.79,49.21,5.7227,https://maps.roads.maryland.gov/itms_public/?stationid=B150067,30041,30162,28490,28551,28472,30040,30611,31352,30150,30151,32141,32582,30770,30841,30472,32140,32751,33552,32260,31961,47,26381,2841,201,574,107,NO ERROR,681,,,0.00155882,0.87496269,0.09422573,0.00666645,0.01903751,0.0035488,0.02258632,6,8.53,66.62,50.79,49.21,"30,041","30,162","28,490","28,551","28,472","30,040","30,611","31,352","30,150","30,151","32,141","32,582","30,770","30,841","30,472","32,140","32,751","33,552","32,260","31,961",47,"26,381",201,"2,841",574,107,681
-8580280.3058,4737316.0562,4037,B150081,15,Montgomery,0,None,Old Md 28,MD,655,  ,0.66,0,1.86,Md655-.10 Mi N Of Md115,Md 28 To Road End,Urban,7,Local,15000MD00655  01NN**************,15000MD00655--1-----,1,South,2,F,0,9.41,68.67,48.32,51.68,1.0604,https://maps.roads.maryland.gov/itms_public/?stationid=B150081,1982,2050,2031,2042,2043,2104,2145,1570,1561,1562,2122,2210,2191,2212,2193,2254,2315,1660,1661,1722,0,1082,414,2,39,25,NO ERROR,64,,,0,0.69270166,0.26504481,0.00128041,0.02496799,0.01600512,0.04097311,2,9.41,68.67,48.32,51.68,"1,982","2,050","2,031","2,042","2,043","2,104","2,145","1,570","1,561","1,562","2,122","2,210","2,191","2,212","2,193","2,254","2,315","1,660","1,661","1,722",0,"1,082",2,414,39,25,64
-8571581.1068,4734244.6245,4045,S2012151279,15,Montgomery,0,None,Ramp 6 Fr Rp 3 (fr Md200 Eb) To Md650 Sb,RP,200,  ,0.03,0,0.05,Exit 13 Ramp 6 Fr Ramp 3 (fr Md 200 Eb) To Md 650 Sb,Exit 13 Ramp 06 Ramp 3 (fr Md 200 Eb) To Md 650 Sb,Urban,2,Principal Arterial Other Freeways and Expressways,15000RP00200  02SSMD13        06,15000RP00200--101306,2,South,2,F,0,10.16,100,0,100,0.0464,https://maps.roads.maryland.gov/itms_public/?stationid=S2012151279,,,1350,1351,1352,1393,1424,2560,2541,2542,,,1460,1461,1452,1493,1524,2740,2721,2702,,,,,,,NO ERROR,,,,,,,,,,,2,10.16,100,0,100,N/A,N/A,"1,350","1,351","1,352","1,393","1,424","2,560","2,541","2,542",N/A,N/A,"1,460","1,461","1,452","1,493","1,524","2,740","2,721","2,702",N/A,N/A,N/A,N/A,N/A,N/A,N/A
-8580181.3716,4717306.9199,4048,B2792,15,Montgomery,0,None,Connecticut Ave,MD,185,  ,0.1,0,0.6,Md185-.10 Mi N Of Wash Dc Line,Md 185e To Md 191,Urban,3,Principal Arterial Other,15000MD00185  01NN**************,15000MD00185--1-----,1,South,6,C,0,7.5,58.22,51.67,48.33,8.3089,https://maps.roads.maryland.gov/itms_public/?stationid=B2792,37810,37961,37662,37030,36921,37882,37060,37951,37612,37940,40460,41001,40682,39990,39511,40532,39650,40611,40252,40220,,,,,,,NO ERROR,,,,,,,,,,,6,7.5,58.22,51.67,48.33,"37,810","37,961","37,662","37,030","36,921","37,882","37,060","37,951","37,612","37,940","40,460","41,001","40,682","39,990","39,511","40,532","39,650","40,611","40,252","40,220",N/A,N/A,N/A,N/A,N/A,N/A,N/A
-8602815.5785,4744812.725,4054,B2765,15,Montgomery,0,None,Clopper Rd,MD,117,  ,7.74,7.57,11.26,Md117-.10 Mi E Of Md118,Md 118 To Md 124,Urban,4,Minor Arterial,15000MD00117  01EE**************,15000MD00117--1-----,1,West,4,C,0,8.37,63.35,53.8,46.2,30.1156,https://maps.roads.maryland.gov/itms_public/?stationid=B2765,20600,20681,20522,22130,22061,22642,21990,22521,22322,22360,22040,22341,22162,23900,23611,24232,23530,24101,23892,23700,85,17733,3720,82,672,68,NO ERROR,740,,,0.00380143,0.79306798,0.16636852,0.00366726,0.03005367,0.00304114,0.03309481,4,8.37,63.35,53.8,46.2,"20,600","20,681","20,522","22,130","22,061","22,642","21,990","22,521","22,322","22,360","22,040","22,341","22,162","23,900","23,611","24,232","23,530","24,101","23,892","23,700",85,"17,733",82,"3,720",672,68,740
-8577087.3967,4730863.4115,4063,B2785,15,Montgomery,0,None,Layhill Rd,MD,182,  ,0.3,0.21,0.71,Md182-.30 Mi N Of Md 97,Glenallen Rd To Briggs Rd,Urban,3,Principal Arterial Other,15000MD00182  01NN**************,15000MD00182--1-----,1,North,5,F,0,8.08,67.31,51.98,48.02,4.309,https://maps.roads.maryland.gov/itms_public/?stationid=B2785,22452,22710,17940,17981,17932,21390,21801,22322,22660,23611,24022,24530,19380,19421,19192,22890,23331,23892,24250,24021,,,,,,,NO ERROR,,,,,,,,,,,5,8.08,67.31,51.98,48.02,"22,452","22,710","17,940","17,981","17,932","21,390","21,801","22,322","22,660","23,611","24,022","24,530","19,380","19,421","19,192","22,890","23,331","23,892","24,250","24,021",N/A,N/A,N/A,N/A,N/A,N/A,N/A
-8577014.572,4730639.2147,4096,S2012150777,15,Montgomery,0,None,Glenallan Ave,CO,1114,  ,0.36,0.27,1.42,Glenallan Ave - .10 Mile East Of Md 182,Md 182 To Glenallen Ave (ahead),Urban,7,Local,15000CO01114  01EE**************,15000CO01114--1-----,1,West,3,F,0,9.07,58.77,49.27,50.73,4.3826,https://maps.roads.maryland.gov/itms_public/?stationid=S2012150777,,,10070,10091,10062,10323,10524,10785,10320,10441,,,10880,10901,10772,11053,11264,11435,10940,11351,,,,,,,NO ERROR,,,,,,,,,,,3,9.07,58.77,49.27,50.73,N/A,N/A,"10,070","10,091","10,062","10,323","10,524","10,785","10,320","10,441",N/A,N/A,"10,880","10,901","10,772","11,053","11,264","11,435","10,940","11,351",N/A,N/A,N/A,N/A,N/A,N/A,N/A
-8588471.9837,4717517.0075,4102,S2009150018,15,Montgomery,0,None,Ramp 5 Fr Gv 31 To Gv 6,RP,6,  ,0.1,0,0.2,Exit 2 Ramp 5 Fr Ericsson Rd Sb To Clara Barton Pkwy Eb,Exit 2  Ramp 05 Ericsson Rd To Clara Barton Pkwy,Urban,2,Principal Arterial Other Freeways and Expressways,15000RP00006  02EEGV2         05,15000RP00006--100205,2,East,1,F,0,31.32,100,100,0,0.0806,https://maps.roads.maryland.gov/itms_public/?stationid=S2009150018,,1141,1131,1132,1133,1060,1081,1112,1103,1104,,0,1221,1222,1213,1130,1161,1192,1183,1174,,,,,,,NO ERROR,,,,,,,,,,,1,31.32,100,100,0,N/A,"1,141","1,131","1,132","1,133","1,060","1,081","1,112","1,103","1,104",N/A,0,"1,221","1,222","1,213","1,130","1,161","1,192","1,183","1,174",N/A,N/A,N/A,N/A,N/A,N/A,N/A
-8595580.071,4743051.2347,4103,S1999150038,15,Montgomery,0,None,Ramp 3 Fr Md 124 Eb To Is 270 Nb,RP,270,  ,0.05,0,0.18,Exit 11 Ramp 3 Fr Md 124 Eb To Is 270 Nb,Exit 11 Ramp 03 Quince Orchard Rd To Eisenhower Memorial Hwy,Urban,1,Interstate,15000RP00270  02NNIS11        03,15000RP00270--101103,2,North,1,F,0,8.44,100,100,0,0.4188,https://maps.roads.maryland.gov/itms_public/?stationid=S1999150038,5421,5432,5463,5514,5515,6080,6211,6362,6323,6374,5751,5762,5793,5854,5795,6380,6521,6622,6583,6634,,,,,,,NO ERROR,,,,,,,,,,,1,8.44,100,100,0,"5,421","5,432","5,463","5,514","5,515","6,080","6,211","6,362","6,323","6,374","5,751","5,762","5,793","5,854","5,795","6,380","6,521","6,622","6,583","6,634",N/A,N/A,N/A,N/A,N/A,N/A,N/A
-8577625.2834,4721065.0344,4108,S2012150826,15,Montgomery,0,None,Lyttonsville Rd,CO,3337,  ,0.05,0,0.55,Lyttonsville Rd - .10 Mi North Of Grubb Rd,Grubb Rd To Maine Ave,Urban,5,Major Collector,15000CO03337  01NN**************,15000CO03337--1-----,1,North,2,F,0,10.04,57.87,53.09,46.91,1.9202,https://maps.roads.maryland.gov/itms_public/?stationid=S2012150826,,,8990,9011,8982,9223,9404,9635,9555,9565,,,9710,9731,9612,9873,10064,10215,10135,10525,,,,,,,NO ERROR,,,,,,,,,,,2,10.04,57.87,53.09,46.91,N/A,N/A,"8,990","9,011","8,982","9,223","9,404","9,635","9,555","9,565",N/A,N/A,"9,710","9,731","9,612","9,873","10,064","10,215","10,135","10,525",N/A,N/A,N/A,N/A,N/A,N/A,N/A
-8589793.1826,4740255.0084,4111,S2012151268,15,Montgomery,0,None,Ramp 5 Fr Md200a Sb To Shady Grove Rd Eb,RP,200,A ,0.24,0,0.27,Exit 1 Ramp 5 Fr Md 200a Sb To Shady Grove Rd Eb,Exit 1  Ramp 05 Md 200a Sb To Shady Grove Rd Eb,Urban,3,Principal Arterial Other,15000RP00200A 02SSMD1         05,15000RP00200A-100105,2,East,1,F,0,10.52,100,100,0,0.8378,https://maps.roads.maryland.gov/itms_public/?stationid=S2012151268,,,8080,8101,8082,8293,8454,8665,8500,8501,,,8730,8751,8652,8873,9054,9275,9100,9011,,,,,,,NO ERROR,,,,,,,,,,,1,10.52,100,100,0,N/A,N/A,"8,080","8,101","8,082","8,293","8,454","8,665","8,500","8,501",N/A,N/A,"8,730","8,751","8,652","8,873","9,054","9,275","9,100","9,011",N/A,N/A,N/A,N/A,N/A,N/A,N/A
-8607758.4729,4761980.2567,4115,B2844,15,Montgomery,0,None,Eisenhower Memorial Hwy,IS,270,  ,22.49,22.29,22.51,Is270-50ft S Of Frederick Co/l,Md 109 To Frederick Co/l,Rural,1,Interstate,15000IS00270  01NN**************,15000IS00270--1-----,1,North,4,F,1,6.78,56.38,50.8,49.2,7.0657,https://maps.roads.maryland.gov/itms_public/?stationid=B2844,88101,88192,85980,86751,86662,81650,83371,85372,87380,87991,89861,93482,91140,91961,91002,85730,87541,88792,90880,91511,,,,,,,NO ERROR,,,,,,,,,,,4,6.78,56.38,50.8,49.2,"88,101","88,192","85,980","86,751","86,662","81,650","83,371","85,372","87,380","87,991","89,861","93,482","91,140","91,961","91,002","85,730","87,541","88,792","90,880","91,511",N/A,N/A,N/A,N/A,N/A,N/A,N/A
-8585426.6206,4730075.9268,4121,S2012150971,15,Montgomery,130,Rockville,Rollins Ave,MU,2640,  ,0.15,0,0.71,Rollins Ave - .10 Mi West Of Md 355,Rockville Pike To Road End,Urban,7,Local,15130MU02640  01WW**************,15130MU02640--1-----,1,West,2,F,0,8.42,53.62,49.5,50.5,2.6229,https://maps.roads.maryland.gov/itms_public/?stationid=S2012150971,,,10290,10311,10282,10553,10754,11015,10120,10121,,,11110,11141,11002,11293,11514,11685,10730,11131,,,,,,,NO ERROR,,,,,,,,,,,2,8.42,53.62,49.5,50.5,N/A,N/A,"10,290","10,311","10,282","10,553","10,754","11,015","10,120","10,121",N/A,N/A,"11,110","11,141","11,002","11,293","11,514","11,685","10,730","11,131",N/A,N/A,N/A,N/A,N/A,N/A,N/A
-8590794.1102,4734389.6715,4134,S2012150936,15,Montgomery,130,Rockville,Beall Ave,MU,270,  ,0.01,0,0.28,Beall Ave - Between Nelson St & Owens St,Nelson St To Henderson Cir,Urban,6,Minor Collector,15130MU00270  01EE**************,15130MU00270--1-----,1,West,2,F,0,11.87,60.29,51.28,48.72,0.1606,https://maps.roads.maryland.gov/itms_public/?stationid=S2012150936,,,1430,1431,1432,1473,1504,1545,1570,1571,,,1540,1551,1532,1583,1614,1645,1660,1731,,,,,,,NO ERROR,,,,,,,,,,,2,11.87,60.29,51.28,48.72,N/A,N/A,"1,430","1,431","1,432","1,473","1,504","1,545","1,570","1,571",N/A,N/A,"1,540","1,551","1,532","1,583","1,614","1,645","1,660","1,731",N/A,N/A,N/A,N/A,N/A,N/A,N/A
-8581935.5674,4718806.1267,4135,S2012150747,15,Montgomery,0,None,Woodmont Ave,CO,385,  ,1.26,0.97,1.3,Woodmont Ave - Between Md 355 & Strathmore St,Hampden La To Md 355,Urban,5,Major Collector,15000CO00385  01SS**************,15000CO00385--1-----,1,South,3,F,0,9.21,52.3,49.52,50.48,0.5976,https://maps.roads.maryland.gov/itms_public/?stationid=S2012150747,,,4890,4901,4892,5023,5124,5255,4960,4961,,,5280,5291,5232,5383,5484,5575,5260,5461,,,,,,,NO ERROR,,,,,,,,,,,3,9.21,52.3,49.52,50.48,N/A,N/A,"4,890","4,901","4,892","5,023","5,124","5,255","4,960","4,961",N/A,N/A,"5,280","5,291","5,232","5,383","5,484","5,575","5,260","5,461",N/A,N/A,N/A,N/A,N/A,N/A,N/A
-8587440.3388,4734116.0975,4141,S2012150966,15,Montgomery,130,Rockville,Park Rd                                 ,MU,2362,  ,0.03,0,0.21,Park Rd - Between S Horners La & Seth Pl,S Horners La To Charles St,Urban,7,Local,15130MU02362  01NN**************,15130MU02362--1-----,1,South,2,F,0,10.34,60.87,49.27,50.73,0.0307,https://maps.roads.maryland.gov/itms_public/?stationid=S2012150966,,,380,381,382,393,404,415,400,401,,,410,411,412,423,434,445,420,441,,,,,,,NO ERROR,,,,,,,,,,,2,10.34,60.87,49.27,50.73,N/A,N/A,380,381,382,393,404,415,400,401,N/A,N/A,410,411,412,423,434,445,420,441,N/A,N/A,N/A,N/A,N/A,N/A,N/A
-8592519.7289,4738523.4593,4144,B2987,15,Montgomery,0,None,Gaither Rd,CO,213,  ,0.31,0.03,0.54,Gaither Rd-.10 Mi E Of Industrial Dr,Gaither Rd (back) To Shady Grove Rd,Urban,7,Local,15000CO00213  01EE**************,15000CO00213--1-----,1,West,2,F,0,9.11,61.38,50.78,49.22,1.8083,https://maps.roads.maryland.gov/itms_public/?stationid=B2987,8991,9032,8963,8984,8965,9390,9571,9802,9713,9714,9621,9762,9683,9704,9595,10050,10241,10392,10303,10694,438,6025,2007,247,728,269,NO ERROR,997,,,0.04508956,0.62023883,0.20660902,0.02542722,0.07494338,0.02769199,0.10263537,2,9.11,61.38,50.78,49.22,"8,991","9,032","8,963","8,984","8,965","9,390","9,571","9,802","9,713","9,714","9,621","9,762","9,683","9,704","9,595","10,050","10,241","10,392","10,303","10,694",438,"6,025",247,"2,007",728,269,997
-8599738.7715,4748147.0789,4146,S2009150026,15,Montgomery,0,None,Ramp 4 Fr Is 270 Nb To Md 118 Eb,RP,270,  ,0.2,0.147,0.42,Exit 15 Ramp 4 Fr Is 270 Nb To Md 118 Eb,Exit 15 Ramp 04 Ramp 9 Fr Ramp 4 (fr Is270) To Md 118 Eb To Germantown Rd,Urban,1,Interstate,15000RP00270  02NNIS15        04,15000RP00270--101504,2,East,1,F,0,8.93,100,100,0,0.3907,https://maps.roads.maryland.gov/itms_public/?stationid=S2009150026,4611,4622,4653,4704,4705,4040,4131,4232,3890,3921,4891,4902,4933,4994,4945,4240,4341,4402,4050,4081,,,,,,,NO ERROR,,,,,,,,,,,1,8.93,100,100,0,"4,611","4,622","4,653","4,704","4,705","4,040","4,131","4,232","3,890","3,921","4,891","4,902","4,933","4,994","4,945","4,240","4,341","4,402","4,050","4,081",N/A,N/A,N/A,N/A,N/A,N/A,N/A
-8588882.1502,4720400.9064,4150,S1999150151,15,Montgomery,0,None,Ramp 3 Fr Md 190 Eb To Ramp 2 (to Is495),RP,495,  ,0.02,0,0.03,Exit 39 Ramp 3 Fr Md 190 Eb To Is 495 Nb,Exit 39 Ramp 03 River Rd To Ramp 2 Fr Md 190 Wb To Is 495 Nb,Urban,1,Interstate,15000RP00495  02NNIS39        03,15000RP00495--103903,2,North,1,F,0,8.83,100,100,0,0.0471,https://maps.roads.maryland.gov/itms_public/?stationid=S1999150151,3964,3975,4860,4901,4902,5023,5134,5265,4270,4301,4204,4215,5150,5201,5152,5273,5394,5485,4440,4471,,,,,,,NO ERROR,,,,,,,,,,,1,8.83,100,100,0,"3,964","3,975","4,860","4,901","4,902","5,023","5,134","5,265","4,270","4,301","4,204","4,215","5,150","5,201","5,152","5,273","5,394","5,485","4,440","4,471",N/A,N/A,N/A,N/A,N/A,N/A,N/A
-8585247.1394,4725984.7755,4154,B2852,15,Montgomery,0,None,Eisenhower Memorial Hwy,IS,270,  ,1.34,0,1.54,Is270-.20 Mi S Of Md187,Is 495 To Md 187,Urban,1,Interstate,15000IS00270  01NN**************,15000IS00270--1-----,1,North,5,F,1,7.02,52.05,50.49,49.51,65.1142,https://maps.roads.maryland.gov/itms_public/?stationid=B2852,123251,123372,111070,112071,111962,107030,109281,111902,115030,115841,130651,130772,117730,118801,117562,112380,114751,116382,119630,120481,257,92844,16798,741,3635,1566,NO ERROR,5201,,,0.00221856,0.80147789,0.14500911,0.0063967,0.03137922,0.01351853,0.04489775,5,7.02,52.05,50.49,49.51,"123,251","123,372","111,070","112,071","111,962","107,030","109,281","111,902","115,030","115,841","130,651","130,772","117,730","118,801","117,562","112,380","114,751","116,382","119,630","120,481",257,"92,844",741,"16,798","3,635","1,566","5,201"
-8578007.902,4747743.8745,4167,B150107,15,Montgomery,15,Brookeville,Market St,MU,40,  ,0.1,0,0.14,Market St-.10 Mi N Of Md97,Md 97 To Brighton Dam Rd,Urban,6,Minor Collector,15015MU00040  01NN**************,15015MU00040--1-----,1,South,2,F,0,9.5,55.56,48.42,51.58,0.0349,https://maps.roads.maryland.gov/itms_public/?stationid=B150107,1925,930,921,922,790,811,832,690,681,682,2105,1000,1001,1002,850,871,892,730,721,752,16,490,123,5,27,21,NO ERROR,48,,,0.02346041,0.71847507,0.18035191,0.00733138,0.03958944,0.03079179,0.07038123,2,9.5,55.56,48.42,51.58,"1,925",930,921,922,790,811,832,690,681,682,"2,105","1,000","1,001","1,002",850,871,892,730,721,752,16,490,5,123,27,21,48
-8589317.8873,4736942.3901,4170,B150071,15,Montgomery,130,Rockville,W Gude Dr,MU,1297,  ,1.45,0,1.55,E Gude Dr-.10 Mi W Of Md355,Md 28 To Md 355,Urban,4,Minor Arterial,15130MU01297  01EE**************,15130MU01297--1-----,1,East,4,F,0,8.13,55.31,54.07,45.93,12.5206,https://maps.roads.maryland.gov/itms_public/?stationid=B150071,23531,23632,22790,22841,22772,23363,23814,24395,22130,22131,25181,25522,24610,24671,24372,25003,25484,26105,23680,23461,,,,,,,NO ERROR,,,,,,,,,,,4,8.13,55.31,54.07,45.93,"23,531","23,632","22,790","22,841","22,772","23,363","23,814","24,395","22,130","22,131","25,181","25,522","24,610","24,671","24,372","25,003","25,484","26,105","23,680","23,461",N/A,N/A,N/A,N/A,N/A,N/A,N/A
-8586047.3419,4717474.2872,4187,B2911,15,Montgomery,0,None,Goldsboro Rd,MD,614,  ,0.56,0.46,1.97,Md614-.10 Mi N Of Md396,Md 396 To Md 191,Urban,4,Minor Arterial,15000MD00614  01NN**************,15000MD00614--1-----,1,South,3,F,0,8.6,56.97,50.57,49.43,9.1772,https://maps.roads.maryland.gov/itms_public/?stationid=B2911,16971,17042,16340,16371,16322,16420,16731,17132,16650,16651,18161,18412,17650,17681,17472,17570,17901,18332,17820,17651,23,13512,2355,118,577,66,NO ERROR,643,,,0.0013813,0.81148279,0.14143295,0.00708666,0.03465257,0.00396373,0.0386163,3,8.6,56.97,50.57,49.43,"16,971","17,042","16,340","16,371","16,322","16,420","16,731","17,132","16,650","16,651","18,161","18,412","17,650","17,681","17,472","17,570","17,901","18,332","17,820","17,651",23,"13,512",118,"2,355",577,66,643
-8599796.4541,4748419.1916,4212,S2009150025,15,Montgomery,0,None,Ramp 3 Fr Md 118 Eb To Ramp 2 (to Is270),RP,270,  ,0.01,0,0.02,Exit 15 Ramp 3 Fr Md 118 Eb To Ramp 2 (to Is 270 Nb),Exit 15 Ramp 03 Germantown Rd To Ramp 2 Fr Md 118 Wb To Is 270 Nb,Urban,1,Interstate,15000RP00270  02EEIS15        03,15000RP00270--101503,2,North,2,F,0,8.6,100,100,0,0.0277,https://maps.roads.maryland.gov/itms_public/?stationid=S2009150025,,4001,4021,4062,4063,3880,3961,4062,3760,3791,,0,4261,4312,4273,4070,4161,4222,3910,3941,,,,,,,NO ERROR,,,,,,,,,,,2,8.6,100,100,0,N/A,"4,001","4,021","4,062","4,063","3,880","3,961","4,062","3,760","3,791",N/A,0,"4,261","4,312","4,273","4,070","4,161","4,222","3,910","3,941",N/A,N/A,N/A,N/A,N/A,N/A,N/A
-8591661.886,4738310.3895,4226,B150066,15,Montgomery,130,Rockville,Gaither Rd,MU,1190,  ,0.74,0.54,1.64,Gaither Rd-.20 Mi E Of Shady Grove Rd,Shady Grove Rd To W. Gude Dr,Urban,5,Major Collector,15130MU01190  01EE**************,15130MU01190--1-----,1,West,3,F,0,8.87,59.11,43.66,56.34,3.7155,https://maps.roads.maryland.gov/itms_public/?stationid=B150066,9321,9362,9293,9314,9295,8940,9111,9332,9253,9254,9971,10112,10043,10064,9955,9570,9751,9892,9813,10184,,,,,,,NO ERROR,,,,,,,,,,,3,8.87,59.11,43.66,56.34,"9,321","9,362","9,293","9,314","9,295","8,940","9,111","9,332","9,253","9,254","9,971","10,112","10,043","10,064","9,955","9,570","9,751","9,892","9,813","10,184",N/A,N/A,N/A,N/A,N/A,N/A,N/A
-8586996.269,4729337.0986,4227,S2012150812,15,Montgomery,0,None,Tildenwood Dr,CO,2884,  ,0.32,0,0.35,Tildenwood Dr - Between Montrose Rd & Tildenwood La,Old Stage Rd To Montrose Rd,Urban,5,Major Collector,15000CO02884  01NN**************,15000CO02884--1-----,1,North,2,F,0,9.2,54.39,49.07,50.93,0.4945,https://maps.roads.maryland.gov/itms_public/?stationid=S2012150812,,,3860,3871,3862,3963,4044,4145,3870,3871,,,4170,4181,4132,4243,4334,4395,4100,4261,,,,,,,NO ERROR,,,,,,,,,,,2,9.2,54.39,49.07,50.93,N/A,N/A,"3,860","3,871","3,862","3,963","4,044","4,145","3,870","3,871",N/A,N/A,"4,170","4,181","4,132","4,243","4,334","4,395","4,100","4,261",N/A,N/A,N/A,N/A,N/A,N/A,N/A
-8585696.6032,4721074.7076,4228,B2822,15,Montgomery,0,None,Bradley Blvd,MD,191,  ,3.71,2.84,4.71,Md191-1.0 Mi N Of Md188,Burning Tree Rd To Md 188,Urban,4,Minor Arterial,15000MD00191  01NN**************,15000MD00191--1-----,1,South,2,F,0,10.82,71.22,48.51,51.49,10.4949,https://maps.roads.maryland.gov/itms_public/?stationid=B2822,14671,14732,14613,13940,13901,14262,14533,14884,14755,15376,15701,15912,15783,15060,14871,15262,15553,15934,15795,15646,,,,,,,NO ERROR,,,,,,,,,,,2,10.82,71.22,48.51,51.49,"14,671","14,732","14,613","13,940","13,901","14,262","14,533","14,884","14,755","15,376","15,701","15,912","15,783","15,060","14,871","15,262","15,553","15,934","15,795","15,646",N/A,N/A,N/A,N/A,N/A,N/A,N/A
-8589591.1771,4744597.582,4230,S2012150861,15,Montgomery,0,None,Snouffers School Rd,CO,4140,  ,2.52,1.4,2.6,Snouffers School Rd - .10 Mi North Of Md 124,Centerway Rd To Md 115,Urban,4,Minor Arterial,15000CO04140  01SS**************,15000CO04140--1-----,1,North,3,F,0,8.11,60.25,49.53,50.47,9.943,https://maps.roads.maryland.gov/itms_public/?stationid=S2012150861,,,21390,21431,21372,21933,22354,22895,22700,22701,,,23100,23151,22872,23473,23924,24505,24290,24061,,,,,,,NO ERROR,,,,,,,,,,,3,8.11,60.25,49.53,50.47,N/A,N/A,"21,390","21,431","21,372","21,933","22,354","22,895","22,700","22,701",N/A,N/A,"23,100","23,151","22,872","23,473","23,924","24,505","24,290","24,061",N/A,N/A,N/A,N/A,N/A,N/A,N/A
-8591601.7793,4741545.702,4239,S2012150771,15,Montgomery,0,None,Railroad St                             ,CO,885,  ,0.05,0,0.52,Railroad St - Between E Diamond Ave & Hickory Rd,E Diamond Ave To Oakmont Ave,Urban,7,Local,15000CO00885  01EE**************,15000CO00885--1-----,1,East,2,F,0,9.42,66.42,50.35,49.65,2.4429,https://maps.roads.maryland.gov/itms_public/?stationid=S2012150771,,,12180,12201,12162,12483,12724,13035,12870,12871,,,13150,13181,13012,13363,13624,13825,13640,14161,,,,,,,NO ERROR,,,,,,,,,,,2,9.42,66.42,50.35,49.65,N/A,N/A,"12,180","12,201","12,162","12,483","12,724","13,035","12,870","12,871",N/A,N/A,"13,150","13,181","13,012","13,363","13,624","13,825","13,640","14,161",N/A,N/A,N/A,N/A,N/A,N/A,N/A
-8609923.5549,4741342.4372,4252,B2771,15,Montgomery,0,None,White Grounds Rd,CO,259,  ,0.5,0,4.52,White Grounds Rd-.50 Mi N Of Md28,Md 28 To Clopper Rd,Rural,6,Minor Collector,15000CO00259  01NN**************,15000CO00259--1-----,1,North,2,F,0,9.31,58.62,51.85,48.15,1.0311,https://maps.roads.maryland.gov/itms_public/?stationid=B2771,855,845,855,855,570,581,592,613,614,625,905,915,915,925,600,621,632,653,654,665,,,,,,,NO ERROR,,,,,,,,,,,2,9.31,58.62,51.85,48.15,855,845,855,855,570,581,592,613,614,625,905,915,915,925,600,621,632,653,654,665,N/A,N/A,N/A,N/A,N/A,N/A,N/A
-8590825.2121,4752513.2127,4254,B2782,15,Montgomery,0,None,Woodfield Rd,MD,124,  ,11.42,10.92,15.06,Md124-.50 Mi N Of Brink Rd,Brink Rd To Welsh Rd,Urban,4,Minor Arterial,15000MD00124  01NN**************,15000MD00124--1-----,1,North,2,F,0,9.97,79.39,50.28,49.72,18.0894,https://maps.roads.maryland.gov/itms_public/?stationid=B2782,11631,11682,11860,11881,11852,12163,12394,12695,11970,11971,12451,12622,12810,12831,12682,13013,13264,13585,12810,12691,36,8377,2653,60,791,54,NO ERROR,845,,,0.00300727,0.69977445,0.22161891,0.00501211,0.06607635,0.0045109,0.07058725,2,9.97,79.39,50.28,49.72,"11,631","11,682","11,860","11,881","11,852","12,163","12,394","12,695","11,970","11,971","12,451","12,622","12,810","12,831","12,682","13,013","13,264","13,585","12,810","12,691",36,"8,377",60,"2,653",791,54,845
-8601620.3696,4746779.5547,4261,B150047,15,Montgomery,0,None,Walter Johnson Rd                       ,CO,5376,  ,0.1,0,0.19,Walter Johnson Rd-.10 Mi N Of Mateny Hill Rd,Mateny Hill Rd To Wisteria Dr,Urban,7,Local,15000CO05376  01NN**************,15000CO05376--1-----,1,South,2,C,0,11.55,67.94,50.13,49.87,0.0707,https://maps.roads.maryland.gov/itms_public/?stationid=B150047,890,891,882,860,861,882,990,1011,1002,1020,950,961,952,930,921,942,1060,1071,1062,1120,2,859,87,1,70,1,NO ERROR,71,,,0.00196078,0.84215686,0.08529412,0.00098039,0.06862745,0.00098039,0.06960784,2,11.55,67.94,50.13,49.87,890,891,882,860,861,882,990,"1,011","1,002","1,020",950,961,952,930,921,942,"1,060","1,071","1,062","1,120",2,859,1,87,70,1,71
-8589547.7968,4731126.9127,4263,S2012150973,15,Montgomery,130,Rockville,Seven Locks Rd,MU,2730,  ,6.55,6.23,6.91,Seven Locks Rd - .10 Mi South Of Wootton Pkwy,Seven Locks Rd (back) To Ent To Co Police,Urban,4,Minor Arterial,15130MU02730  01NN**************,15130MU02730--1-----,1,North,3,F,0,8.97,63.15,47.8,52.2,4.6317,https://maps.roads.maryland.gov/itms_public/?stationid=S2012150973,,,18370,18411,18362,18843,19204,19675,18660,18661,,,19840,19881,19652,20163,20554,21055,19970,19781,,,,,,,NO ERROR,,,,,,,,,,,3,8.97,63.15,47.8,52.2,N/A,N/A,"18,370","18,411","18,362","18,843","19,204","19,675","18,660","18,661",N/A,N/A,"19,840","19,881","19,652","20,163","20,554","21,055","19,970","19,781",N/A,N/A,N/A,N/A,N/A,N/A,N/A
-8585284.8448,4724937.2718,4272,S2012150795,15,Montgomery,0,None,Cheshire Dr,CO,1559,  ,0.03,0,0.66,Cheshire Dr - Between Md 187 & Grosvenor La,Old Georgetown Rd To Dickens Ave,Urban,7,Local,15000CO01559  01NN**************,15000CO01559--1-----,1,North,3,F,0,9.04,56.26,48.24,51.76,1.8239,https://maps.roads.maryland.gov/itms_public/?stationid=S2012150795,,,7740,7761,7742,7943,8094,8295,7570,7571,,,8360,8381,8282,8503,8664,8795,8020,8331,,,,,,,NO ERROR,,,,,,,,,,,3,9.04,56.26,48.24,51.76,N/A,N/A,"7,740","7,761","7,742","7,943","8,094","8,295","7,570","7,571",N/A,N/A,"8,360","8,381","8,282","8,503","8,664","8,795","8,020","8,331",N/A,N/A,N/A,N/A,N/A,N/A,N/A
-8598626.1591,4745899.7161,4273,P0060,15,Montgomery,0,None,Eisenhower Memorial Hwy,IS,270,  ,13.47,11.47,13.97,Is 270 - .47 Mile South Of Middlebrook Rd (atr#60),Md 124 To Middlebrook Rd,Urban,1,Interstate,15000IS00270  01NN**************,15000IS00270--1-----,1,South,8,F,1,7.41,50.74,50.22,49.78,160.0087,https://maps.roads.maryland.gov/itms_public/?stationid=P0060,,159740,162170,164585,164897,168562,172653,177821,176764,175352,,167343,169801,171703,171158,175364,179475,183355,181944,179995,,,,,,,NO ERROR,,,,,,,,,,,8,7.41,50.74,50.22,49.78,N/A,"159,740","162,170","164,585","164,897","168,562","172,653","177,821","176,764","175,352",N/A,"167,343","169,801","171,703","171,158","175,364","179,475","183,355","181,944","179,995",N/A,N/A,N/A,N/A,N/A,N/A,N/A
-8582170.6202,4719544.8076,4286,B150124,15,Montgomery,0,None,Old Georgetown Rd,MD,187,  ,0.05,0,0.17,Md187-between Md355 & Woodmont Ave (one Way),Md 355 To Woodmont Ave,Urban,3,Principal Arterial Other,15000MD00187  01NN**************,15000MD00187--1-----,1,North,3,F,0,11.14,100,100,0,0.7156,https://maps.roads.maryland.gov/itms_public/?stationid=B150124,6182,10550,10471,10492,10680,10961,11172,11630,11531,11532,6622,11390,11311,11332,11430,11731,11952,12440,12341,12222,,,,,,,NO ERROR,,,,,,,,,,,3,11.14,100,100,0,"6,182","10,550","10,471","10,492","10,680","10,961","11,172","11,630","11,531","11,532","6,622","11,390","11,311","11,332","11,430","11,731","11,952","12,440","12,341","12,222",N/A,N/A,N/A,N/A,N/A,N/A,N/A
-8566095.2726,4732582.2079,4308,S2012151286,15,Montgomery,0,None,Ramp 1 Fr Rp 4 (fr Us 29 Nb) To Md200 Wb,RP,200,  ,0.06,0,0.46,Exit 16 Ramp 1 Fr Ramp 4 (fr Us 29 Nb) To Md 200 Wb,Exit 16 Ramp 01 Ramp 4 (fr Us 29 Nb) To Md 200 Wb,Urban,2,Principal Arterial Other Freeways and Expressways,15000RP00200  02NNMD16        01,15000RP00200--101601,2,West,1,F,0,11.29,100,0,100,0.3227,https://maps.roads.maryland.gov/itms_public/?stationid=S2012151286,,,1090,1091,1730,1781,1822,1940,1921,1922,,,1180,1181,1850,1911,1952,2080,2061,2042,,,,,,,NO ERROR,,,,,,,,,,,1,11.29,100,0,100,N/A,N/A,"1,090","1,091","1,730","1,781","1,822","1,940","1,921","1,922",N/A,N/A,"1,180","1,181","1,850","1,911","1,952","2,080","2,061","2,042",N/A,N/A,N/A,N/A,N/A,N/A,N/A
-8571491.6743,4734277.359,4327,S2012151283,15,Montgomery,0,None,Ramp 4 Fr Md650 Nb To Rp 5 (to Md200 Eb),RP,200,  ,0.02,0,0.037,Exit 13 Ramp 4 Fr Md 650 Nb To Ramp 5 (to Md 200 Eb),Exit 13 Ramp 04 Md 650 Nb To Ramp 5 (to Md 200 Eb),Urban,2,Principal Arterial Other Freeways and Expressways,15000RP00200  02NNMD13        04,15000RP00200--101304,2,East,1,F,0,9.59,100,100,0,0.025,https://maps.roads.maryland.gov/itms_public/?stationid=S2012151283,,,470,471,472,483,494,1870,1851,1852,,,510,511,512,523,534,2000,1981,1962,,,,,,,NO ERROR,,,,,,,,,,,1,9.59,100,100,0,N/A,N/A,470,471,472,483,494,"1,870","1,851","1,852",N/A,N/A,510,511,512,523,534,"2,000","1,981","1,962",N/A,N/A,N/A,N/A,N/A,N/A,N/A
-8583322.6175,4716794.0842,4340,B2820,15,Montgomery,0,None,River Rd,MD,190,  ,14.88,13.83,15.19,Md190-.05 Mile East Of Brookside Dr/ridgefield Rd,Md 614 To Little Falls Pkwy,Urban,3,Principal Arterial Other,15000MD00190  01EE**************,15000MD00190--1-----,1,East,4,F,0,7.7,63.14,50.23,49.77,14.9675,https://maps.roads.maryland.gov/itms_public/?stationid=B2820,33200,33331,33062,31560,30900,31701,32302,30420,30151,30152,35520,36001,35712,34090,33060,33921,34562,32550,32261,31962,80,26698,2244,197,688,245,NO ERROR,933,,,0.00265322,0.88544707,0.07442292,0.00653356,0.02281772,0.0081255,0.03094322,4,7.7,63.14,50.23,49.77,"33,200","33,331","33,062","31,560","30,900","31,701","32,302","30,420","30,151","30,152","35,520","36,001","35,712","34,090","33,060","33,921","34,562","32,550","32,261","31,962",80,"26,698",197,"2,244",688,245,933
-8586095.965,4734744.9915,4341,B150042,15,Montgomery,130,Rockville,E Gude Dr,MU,1295,  ,3.59,3.03,3.69,E. Gude Dr-.10 Mi W Of Md28,E. Gude Dr (back) To Md 28,Urban,4,Minor Arterial,15130MU01295  01EE**************,15130MU01295--1-----,1,East,5,F,0,8.39,57.6,50.65,49.35,7.9502,https://maps.roads.maryland.gov/itms_public/?stationid=B150042,42892,40100,39781,39862,36960,37921,38642,33300,33001,33002,45892,43310,42961,43052,39550,40581,41352,35630,35311,34982,29,25638,4401,243,2292,399,NO ERROR,2691,,,0.00087873,0.77686201,0.13335555,0.00736319,0.06945034,0.01209018,0.08154051,5,8.39,57.6,50.65,49.35,"42,892","40,100","39,781","39,862","36,960","37,921","38,642","33,300","33,001","33,002","45,892","43,310","42,961","43,052","39,550","40,581","41,352","35,630","35,311","34,982",29,"25,638",243,"4,401","2,292",399,"2,691"
-8586743.2339,4735983.5466,4351,S2012150680,15,Montgomery,0,None,Southlawn La,CO,140,  ,1.14,0,1.28,Southlawn La - .10 Mile East Of E Gude Dr,Avery Rd To E Gude Dr,Urban,5,Major Collector,15000CO00140  01WW**************,15000CO00140--1-----,1,West,3,F,0,8.95,72.96,50.6,49.4,5.2284,https://maps.roads.maryland.gov/itms_public/?stationid=S2012150680,,,10080,10101,10072,10333,10534,10795,11190,11191,,,10890,10911,10782,11063,11274,11445,11860,12311,,,,,,,NO ERROR,,,,,,,,,,,3,8.95,72.96,50.6,49.4,N/A,N/A,"10,080","10,101","10,072","10,333","10,534","10,795","11,190","11,191",N/A,N/A,"10,890","10,911","10,782","11,063","11,274","11,445","11,860","12,311",N/A,N/A,N/A,N/A,N/A,N/A,N/A
-8588527.9861,4733253.722,4363,S2012150960,15,Montgomery,130,Rockville,Maryland Ave,MU,2012,  ,0.65,0,0.97,Maryland Ave - Between Fleet St & S Washington St,Potomac Valley Rd To E Middle La,Urban,4,Minor Arterial,15130MU02012  01EE**************,15130MU02012--1-----,1,East,3,F,0,9.4,50.06,54.67,45.33,5.3819,https://maps.roads.maryland.gov/itms_public/?stationid=S2012150960,,,15650,15681,15632,16043,16354,16755,15200,15201,,,16900,16941,16732,17173,17504,17935,16260,16111,,,,,,,NO ERROR,,,,,,,,,,,3,9.4,50.06,54.67,45.33,N/A,N/A,"15,650","15,681","15,632","16,043","16,354","16,755","15,200","15,201",N/A,N/A,"16,900","16,941","16,732","17,173","17,504","17,935","16,260","16,111",N/A,N/A,N/A,N/A,N/A,N/A,N/A
-8592860.3613,4736336.6099,4368,B150060,15,Montgomery,0,None,Shady Grove Rd,CO,212,  ,2.32,0,2.42,Shady Grove Rd-.10 Mi S Of Md28,Piney Meetinghouse Rd To Md 28,Urban,5,Major Collector,15000CO00212  01NN**************,15000CO00212--1-----,1,South,4,F,0,7.85,58.07,50.59,49.41,24.4418,https://maps.roads.maryland.gov/itms_public/?stationid=B150060,27021,27132,26560,26611,26532,27830,28361,29042,27670,27671,28911,29302,28690,28741,28392,29780,30351,31082,29610,29331,77,24564,2163,62,743,62,NO ERROR,805,,,0.0027827,0.88771638,0.07816848,0.00224061,0.02685122,0.00224061,0.02909183,4,7.85,58.07,50.59,49.41,"27,021","27,132","26,560","26,611","26,532","27,830","28,361","29,042","27,670","27,671","28,911","29,302","28,690","28,741","28,392","29,780","30,351","31,082","29,610","29,331",77,"24,564",62,"2,163",743,62,805
-8590156.391,4734299.4274,4410,S2012150950,15,Montgomery,130,Rockville,Henderson Cir                           ,MU,1390,  ,0.08,0,0.14,Henderson Cir - Between Beall Ave & Mannakee St,Beall Ave To Beall Ave,Urban,6,Minor Collector,15130MU01390  01SS**************,15130MU01390--1-----,1,North,2,F,0,9.33,51.78,51.6,48.4,0.2356,https://maps.roads.maryland.gov/itms_public/?stationid=S2012150950,,,4730,4741,4732,4863,4964,5085,4610,4611,,,5110,5121,5062,5203,5314,5395,4890,5071,,,,,,,NO ERROR,,,,,,,,,,,2,9.33,51.78,51.6,48.4,N/A,N/A,"4,730","4,741","4,732","4,863","4,964","5,085","4,610","4,611",N/A,N/A,"5,110","5,121","5,062","5,203","5,314","5,395","4,890","5,071",N/A,N/A,N/A,N/A,N/A,N/A,N/A
-8588457.3772,4729973.1313,4415,B150108,15,Montgomery,130,Rockville,Tower Oaks Blvd,MU,2934,  ,0.2,0,0.93,Tower Oak S Blvd-.20 Mi N Of Montrose Rd,Montrose Rd To Wootton Pkwy,Urban,5,Major Collector,15130MU02934  01NN**************,15130MU02934--1-----,1,South,4,F,0,8.7,81.2,25.26,74.74,3.8161,https://maps.roads.maryland.gov/itms_public/?stationid=B150108,11295,10560,10481,10502,10260,10531,10732,11340,11241,11242,12105,11410,11321,11342,10980,11271,11482,12020,11921,12372,33,9735,930,35,282,227,NO ERROR,509,,,0.00293542,0.86594912,0.08272549,0.00311333,0.0250845,0.02019214,0.04527664,4,8.7,81.2,25.26,74.74,"11,295","10,560","10,481","10,502","10,260","10,531","10,732","11,340","11,241","11,242","12,105","11,410","11,321","11,342","10,980","11,271","11,482","12,020","11,921","12,372",33,"9,735",35,930,282,227,509
-8590283.9924,4742678.5979,4420,B150083,15,Montgomery,0,None,Midcounty Hwy,CO,5221,  ,0.47,0,1.42,Midcounty Hwy-.10 Mi S Of Washington Grove La,Md 124 To Shady Grove Rd,Urban,3,Principal Arterial Other,15000CO05221  01SS**************,15000CO05221--1-----,1,North,5,F,0,9.63,65.58,50.98,49.02,13.0409,https://maps.roads.maryland.gov/itms_public/?stationid=B150083,25011,25112,23710,23761,23692,23910,24361,24952,25160,25161,26761,27122,25610,25661,25352,25580,26071,26702,26920,26671,42,22029,2103,90,828,69,NO ERROR,897,,,0.00166925,0.87552164,0.08358173,0.00357696,0.03290807,0.00274234,0.03565041,5,9.63,65.58,50.98,49.02,"25,011","25,112","23,710","23,761","23,692","23,910","24,361","24,952","25,160","25,161","26,761","27,122","25,610","25,661","25,352","25,580","26,071","26,702","26,920","26,671",42,"22,029",90,"2,103",828,69,897
-8576338.8082,4723484.5665,4427,S2000150171,15,Montgomery,0,None,Ramp 5 Fr Md 97 Sb To Is 495 Eb,RP,495,  ,0.05,0,0.13,Exit 31 Ramp 5 Fr Md 97 Sb To Is 495 Eb,Exit 31 Ramp 05 Georgia Ave To Capital Beltway,Urban,1,Interstate,15000RP00495  02SSIS31        05,15000RP00495--103105,2,South,1,F,0,7.62,100,0,100,0.467,https://maps.roads.maryland.gov/itms_public/?stationid=S2000150171,9082,8930,8981,9062,9053,9274,9475,9830,9771,9842,9632,9470,9521,9612,9513,9744,9955,10220,10161,10242,,,,,,,NO ERROR,,,,,,,,,,,1,7.62,100,0,100,"9,082","8,930","8,981","9,062","9,053","9,274","9,475","9,830","9,771","9,842","9,632","9,470","9,521","9,612","9,513","9,744","9,955","10,220","10,161","10,242",N/A,N/A,N/A,N/A,N/A,N/A,N/A
-8589850.2807,4740321.8603,4432,S2012151325,15,Montgomery,0,None,Ramp 10 Fr Ramp 9 To Shady Grove Rd Nb,RP,370,  ,0.03,0,0.055,Exit 3 Ramp 10 Fr Ramp (fr Is 370 Eb) To Shady Grove Rd Nb,Exit 3  Ramp 10 Ramp (fr Is 370 Eb) To Shady Grove Rd Nb,Urban,1,Interstate,15000RP00370  02SSIS3         10,15000RP00370--100310,2,North,2,F,0,13.65,100,100,0,0.0701,https://maps.roads.maryland.gov/itms_public/?stationid=S2012151325,,,3160,3191,3192,3273,3344,3425,3470,3491,,,3350,3381,3352,3443,3514,3565,3610,3631,,,,,,,NO ERROR,,,,,,,,,,,2,13.65,100,100,0,N/A,N/A,"3,160","3,191","3,192","3,273","3,344","3,425","3,470","3,491",N/A,N/A,"3,350","3,381","3,352","3,443","3,514","3,565","3,610","3,631",N/A,N/A,N/A,N/A,N/A,N/A,N/A
-8587660.1924,4724653.122,4443,S2001150170,15,Montgomery,0,None,Ramp 6 Fr Democracy Blvd To Is 270y Sb,RP,270,Y ,0.07,0,0.09,Exit 1 Ramp 6 Fr Democracy Blvd Eb To Is 270y Sb,Exit 1  Ramp 06 Democracy Blvd To Ramp 7 Fr Democracy Blvd Wb To Ramp 6,Urban,1,Interstate,15000RP00270Y 02EEIS1         06,15000RP00270Y-100106,2,South,1,F,0,8.72,100,0,100,0.1118,https://maps.roads.maryland.gov/itms_public/?stationid=S2001150170,2914,2925,2700,2721,2722,2793,2854,3390,3371,3402,3094,3105,2860,2881,2862,2933,3004,3530,3511,3542,,,,,,,NO ERROR,,,,,,,,,,,1,8.72,100,0,100,"2,914","2,925","2,700","2,721","2,722","2,793","2,854","3,390","3,371","3,402","3,094","3,105","2,860","2,881","2,862","2,933","3,004","3,530","3,511","3,542",N/A,N/A,N/A,N/A,N/A,N/A,N/A
-8587229.6747,4734007.9028,4447,S2012150972,15,Montgomery,130,Rockville,Seth Pl                                 ,MU,2720,  ,0.09,0,0.17,Seth Pl - Between Charles St & Park Rd,Charles St To Park Rd,Urban,6,Minor Collector,15130MU02720  01NN**************,15130MU02720--1-----,1,North,2,C,0,9.17,57.58,52.99,47.01,0.0199,https://maps.roads.maryland.gov/itms_public/?stationid=S2012150972,,,310,330,331,342,353,364,365,320,,,340,360,351,372,383,394,395,350,2,247,54,0,14,3,NO ERROR,17,,,0.00625,0.771875,0.16875,0,0.04375,0.009375,0.053125,2,9.17,57.58,52.99,47.01,N/A,N/A,310,330,331,342,353,364,365,320,N/A,N/A,340,360,351,372,383,394,395,350,2,247,0,54,14,3,17
-8591222.0467,4734222.8645,4449,S2000150020,15,Montgomery,0,None,Ramp 5 Fr Is 270 Sb To Md 28 Eb,RP,270,  ,0.148,0.14,0.16,Exit 6 Ramp 5 Fr Is 270 Sb To Md 28 Eb,Exit 6  Ramp 05 Ramp 5 Fr Ramp 8 To Md 28 Eb,Urban,1,Interstate,15000RP00270  02EEIS6         05,15000RP00270--100605,2,East,2,F,0,9.05,100,100,0,0.0477,https://maps.roads.maryland.gov/itms_public/?stationid=S2000150020,6134,5870,6000,6051,6052,6203,6334,6495,6480,6531,6504,6220,6360,6411,6362,6513,6654,6765,6740,6791,,,,,,,NO ERROR,,,,,,,,,,,2,9.05,100,100,0,"6,134","5,870","6,000","6,051","6,052","6,203","6,334","6,495","6,480","6,531","6,504","6,220","6,360","6,411","6,362","6,513","6,654","6,765","6,740","6,791",N/A,N/A,N/A,N/A,N/A,N/A,N/A
-8576379.8924,4723476.3939,4450,S2000150172,15,Montgomery,0,None,Ramp 6 Fr Is 495 Eb To Md 97 Sb,RP,495,  ,0.1,0,0.17,Exit 31 Ramp 6 Fr Is 495 Eb To Md 97 Sb,Exit 31 Ramp 06 Capital Beltway To Georgia Ave,Urban,1,Interstate,15000RP00495  02EEIS31        06,15000RP00495--103106,2,South,2,C,0,7.92,100,0,100,0.7657,https://maps.roads.maryland.gov/itms_public/?stationid=S2000150172,11812,11750,11811,11922,11913,12204,12465,11590,11521,12340,12522,12460,12521,12642,12513,12814,13095,12050,11981,12830,,,,,,,NO ERROR,,,,,,,,,,,2,7.92,100,0,100,"11,812","11,750","11,811","11,922","11,913","12,204","12,465","11,590","11,521","12,340","12,522","12,460","12,521","12,642","12,513","12,814","13,095","12,050","11,981","12,830",N/A,N/A,N/A,N/A,N/A,N/A,N/A
-8571025.2773,4737032.0794,4470,S2012150653,15,Montgomery,0,None,Briggs Chaney Rd,CO,95,  ,0.2,0,0.98,Briggs Chaney Rd  -.10 Mile East Of Md 650,Md 650 To Good Hope Rd,Urban,4,Minor Arterial,15000CO00095  01EE**************,15000CO00095--1-----,1,East,2,F,0,9.47,51.41,49.29,50.71,2.7654,https://maps.roads.maryland.gov/itms_public/?stationid=S2012150653,,,7480,7501,7482,7683,7834,8025,7730,7731,,,8080,8101,8012,8223,8384,8595,8270,8201,,,,,,,NO ERROR,,,,,,,,,,,2,9.47,51.41,49.29,50.71,N/A,N/A,"7,480","7,501","7,482","7,683","7,834","8,025","7,730","7,731",N/A,N/A,"8,080","8,101","8,012","8,223","8,384","8,595","8,270","8,201",N/A,N/A,N/A,N/A,N/A,N/A,N/A
-8598062.6368,4742826.3491,4490,S2012150729,15,Montgomery,0,None,Longdraft Rd,CO,223,  ,1.5,0,1.55,Longdraft Rd - .10 Mile South Of Md 117,Quince Orchard Rd To Clopper Rd,Urban,5,Major Collector,15000CO00223  01NN**************,15000CO00223--1-----,1,North,3,F,0,10.1,57.03,48.96,51.04,1.8562,https://maps.roads.maryland.gov/itms_public/?stationid=S2012150729,,,3030,3041,3032,3113,3174,3255,3280,3281,,,3270,3281,3242,3333,3404,3455,3480,3611,,,,,,,NO ERROR,,,,,,,,,,,3,10.1,57.03,48.96,51.04,N/A,N/A,"3,030","3,041","3,032","3,113","3,174","3,255","3,280","3,281",N/A,N/A,"3,270","3,281","3,242","3,333","3,404","3,455","3,480","3,611",N/A,N/A,N/A,N/A,N/A,N/A,N/A
-8586170.6406,4733003.2518,4495,S2012150943,15,Montgomery,130,Rockville,Edmonston Dr,MU,1000,  ,0.67,0,0.7,Edmonston Dr - Between Md 586 & Grandin Ave,Denham Rd To Veirs Mill Rd,Urban,6,Minor Collector,15130MU01000  01EE**************,15130MU01000--1-----,1,West,2,F,0,10.13,55.41,48.86,51.14,0.5317,https://maps.roads.maryland.gov/itms_public/?stationid=S2012150943,,,1960,1961,1962,2013,2054,2105,2080,2081,,,2120,2121,2102,2153,2204,2235,2210,2291,,,,,,,NO ERROR,,,,,,,,,,,2,10.13,55.41,48.86,51.14,N/A,N/A,"1,960","1,961","1,962","2,013","2,054","2,105","2,080","2,081",N/A,N/A,"2,120","2,121","2,102","2,153","2,204","2,235","2,210","2,291",N/A,N/A,N/A,N/A,N/A,N/A,N/A
-8588836.2268,4736207.2993,4505,B2869,15,Montgomery,0,None,Hungerford Dr,MD,355,  ,10.67,9.17,12.62,Md355-.50 Mi S Of Gude Dr,Md 28 To Shady Grove Rd,Urban,3,Principal Arterial Other,15000MD00355  01NN**************,15000MD00355--1-----,1,South,6,F,1,8.09,78.62,46.76,53.24,58.2932,https://maps.roads.maryland.gov/itms_public/?stationid=B2869,43241,43412,47740,47841,42090,43181,44002,46710,46291,46292,46271,46892,51560,51671,45040,46201,47082,49980,49531,49072,348,38941,5304,451,1094,154,NO ERROR,1248,,,0.0075175,0.84120366,0.11457703,0.0097425,0.02363259,0.00332671,0.0269593,6,8.09,78.62,46.76,53.24,"43,241","43,412","47,740","47,841","42,090","43,181","44,002","46,710","46,291","46,292","46,271","46,892","51,560","51,671","45,040","46,201","47,082","49,980","49,531","49,072",348,"38,941",451,"5,304","1,094",154,"1,248"
-8580850.5105,4745456.7794,4506,S2012150854,15,Montgomery,0,None,Olney Mill Rd,CO,4089,  ,1.88,0,2.802,Olney Mill Rd - Between Md 108 & Clover Hill La,Gold Mine Rd To Wickham Rd,Urban,5,Major Collector,15000CO04089  01NN**************,15000CO04089--1-----,1,South,3,F,0,8.96,59.87,48.32,51.68,4.7465,https://maps.roads.maryland.gov/itms_public/?stationid=S2012150854,,,4580,4591,4582,4703,4794,4915,4640,4641,,,4950,4961,4902,5033,5134,5215,4920,5111,,,,,,,NO ERROR,,,,,,,,,,,3,8.96,59.87,48.32,51.68,N/A,N/A,"4,580","4,591","4,582","4,703","4,794","4,915","4,640","4,641",N/A,N/A,"4,950","4,961","4,902","5,033","5,134","5,215","4,920","5,111",N/A,N/A,N/A,N/A,N/A,N/A,N/A
-8569244.8174,4724387.3997,4514,S2000150198,15,Montgomery,0,None,Ramp 6 Fr Is 495 Eb To Md 650 Sb,RP,495,  ,0.1,0,0.24,Exit 28 Ramp 6 Fr Is 495 Eb To Md 650 Sb,Exit 28 Ramp 06 Capital Beltway To New Hampshire Ave,Urban,1,Interstate,15000RP00495  02EEIS28        06,15000RP00495--102806,2,South,1,F,0,6.59,100,0,100,0.5599,https://maps.roads.maryland.gov/itms_public/?stationid=S2000150198,6534,6300,6331,6392,6393,6554,6150,6380,6341,6392,6934,6680,6711,6782,6713,6884,6460,6640,6601,6652,,,,,,,NO ERROR,,,,,,,,,,,1,6.59,100,0,100,"6,534","6,300","6,331","6,392","6,393","6,554","6,150","6,380","6,341","6,392","6,934","6,680","6,711","6,782","6,713","6,884","6,460","6,640","6,601","6,652",N/A,N/A,N/A,N/A,N/A,N/A,N/A
-8592325.8962,4737646.0054,4515,S2000150032,15,Montgomery,0,None,Ramp 3 Fr Shady Grove Rd Wb To Is 270 Nb,RP,270,  ,0.07,0,0.26,Exit 8 Ramp 3 Fr Shady Grove Rd Eb To Is 270 Nb,Exit 8  Ramp 03 Shady Grove Rd To Eisenhower Memorial Hwy,Urban,1,Interstate,15000RP00270  02NNIS8         03,15000RP00270--100803,2,North,1,F,0,9.49,100,100,0,0.6255,https://maps.roads.maryland.gov/itms_public/?stationid=S2000150032,6305,6300,6331,6392,6393,5490,5611,5752,6540,6591,6705,6680,6711,6782,6713,5770,5891,5982,6800,6861,,,,,,,NO ERROR,,,,,,,,,,,1,9.49,100,100,0,"6,305","6,300","6,331","6,392","6,393","5,490","5,611","5,752","6,540","6,591","6,705","6,680","6,711","6,782","6,713","5,770","5,891","5,982","6,800","6,861",N/A,N/A,N/A,N/A,N/A,N/A,N/A
-8599635.4774,4736896.6818,4523,S2012150725,15,Montgomery,0,None,Quince Orchard Rd,CO,209,  ,0.81,0.73,2.52,Quince Orchard Rd - Between Quince Mill Dr & Winesap Dr,Quince Mill Dr To Dufief Mill Rd,Urban,5,Major Collector,15000CO00209  01SS**************,15000CO00209--1-----,1,North,2,F,0,11.56,57.43,52.88,47.12,3.1302,https://maps.roads.maryland.gov/itms_public/?stationid=S2012150725,,,5080,5091,5082,5213,5314,5445,4790,4791,,,5490,5501,5442,5583,5694,5835,5130,5081,,,,,,,NO ERROR,,,,,,,,,,,2,11.56,57.43,52.88,47.12,N/A,N/A,"5,080","5,091","5,082","5,213","5,314","5,445","4,790","4,791",N/A,N/A,"5,490","5,501","5,442","5,583","5,694","5,835","5,130","5,081",N/A,N/A,N/A,N/A,N/A,N/A,N/A
-8587513.8269,4734086.8284,4532,S2012150952,15,Montgomery,130,Rockville,S Horners La,MU,1451,  ,0.16,0,0.19,S Horners La - Between Park Rd & N Horners La,Cul De Sac To Park Rd,Urban,7,Local,15130MU01451  01NN**************,15130MU01451--1-----,1,North,2,F,0,7.58,51.43,50.95,49.05,0.0576,https://maps.roads.maryland.gov/itms_public/?stationid=S2012150952,,,720,721,722,743,764,785,830,831,,,780,781,772,803,824,835,880,911,,,,,,,NO ERROR,,,,,,,,,,,2,7.58,51.43,50.95,49.05,N/A,N/A,720,721,722,743,764,785,830,831,N/A,N/A,780,781,772,803,824,835,880,911,N/A,N/A,N/A,N/A,N/A,N/A,N/A
-8575084.5619,4728115.3319,4541,S2012150667,15,Montgomery,0,None,Arcola Ave,CO,124,  ,1.49,1.41,1.79,Arcola Ave - Between Kemp Mill Rd & Heather Crest Terr,Kemp Mill Rd To Lamberton Dr,Urban,4,Minor Arterial,15000CO00124  01EE**************,15000CO00124--1-----,1,West,2,F,0,8.62,57.44,48.95,51.05,2.1971,https://maps.roads.maryland.gov/itms_public/?stationid=S2012150667,,,15050,15081,15042,15433,15734,16115,15840,15841,,,16250,16291,16102,16513,16844,17245,16950,16791,,,,,,,NO ERROR,,,,,,,,,,,2,8.62,57.44,48.95,51.05,N/A,N/A,"15,050","15,081","15,042","15,433","15,734","16,115","15,840","15,841",N/A,N/A,"16,250","16,291","16,102","16,513","16,844","17,245","16,950","16,791",N/A,N/A,N/A,N/A,N/A,N/A,N/A
-8564233.7619,4736277.7363,4564,S2010150032,15,Montgomery,0,None,Ramp 4 Fr Us 29 Nb To Blackburn Rd,RP,29,  ,0.1,0,0.18,Exit 10b Ramp 4 Fr Us 29 Nb To Blackburn Rd ,Exit 10 Ramp 04 Columbia Pike To Blackburn Rd,Urban,2,Principal Arterial Other Freeways and Expressways,15000RP00029  02NNUS10B       04,15000RP00029--110B04,2,North,1,F,0,10.55,100,100,0,0.0474,https://maps.roads.maryland.gov/itms_public/?stationid=S2010150032,660,661,662,663,720,741,762,730,721,722,710,711,722,723,770,791,822,780,771,772,,,,,,,NO ERROR,,,,,,,,,,,1,10.55,100,100,0,660,661,662,663,720,741,762,730,721,722,710,711,722,723,770,791,822,780,771,772,N/A,N/A,N/A,N/A,N/A,N/A,N/A
-8572267.0604,4722071.2531,4565,S2012150760,15,Montgomery,0,None,E Wayne Ave,MD,594,A ,1.37,1.02,1.4,E Wayne Ave - Between Flower Ave & Bradford Rd,Sligo Creek Pkwy To Flower Ave,Urban,5,Major Collector,15000MD00594A 01EE**************,15000MD00594A-1-----,1,East,2,F,0,9.3,51.22,48.16,51.84,1.1056,https://maps.roads.maryland.gov/itms_public/?stationid=S2012150760,,,7800,7821,7802,8013,8174,8375,7970,7971,,,8420,8451,8352,8573,8754,8885,8450,8771,,,,,,,NO ERROR,,,,,,,,,,,2,9.3,51.22,48.16,51.84,N/A,N/A,"7,800","7,821","7,802","8,013","8,174","8,375","7,970","7,971",N/A,N/A,"8,420","8,451","8,352","8,573","8,754","8,885","8,450","8,771",N/A,N/A,N/A,N/A,N/A,N/A,N/A
-8588786.984,4734713.1506,4640,S2012150959,15,Montgomery,130,Rockville,Martins La,MU,2000,  ,0.41,0,0.45,Martins La - Between Bickford Ave & N Washington St,Mannakee St To N Washington St,Urban,5,Major Collector,15130MU02000  01EE**************,15130MU02000--1-----,1,West,2,F,0,9.31,59.17,50.46,49.54,0.8641,https://maps.roads.maryland.gov/itms_public/?stationid=S2012150959,,,5000,5011,5002,5133,5234,5365,5260,5261,,,5400,5411,5352,5493,5604,5695,5580,5791,,,,,,,NO ERROR,,,,,,,,,,,2,9.31,59.17,50.46,49.54,N/A,N/A,"5,000","5,011","5,002","5,133","5,234","5,365","5,260","5,261",N/A,N/A,"5,400","5,411","5,352","5,493","5,604","5,695","5,580","5,791",N/A,N/A,N/A,N/A,N/A,N/A,N/A
-8581082.7891,4726288.7011,4644,B150079,15,Montgomery,0,None,Beach Dr,GV,28,  ,0.72,0,4.98,Beach Dr-.10 Mi N Of Md547,Garrett Park Rd To Stoneybrook Dr,Urban,5,Major Collector,15000GV00028  01SS**************,15000GV00028--1-----,1,North,2,F,0,11.2,71.75,50.08,49.92,20.2346,https://maps.roads.maryland.gov/itms_public/?stationid=B150079,9512,10160,10081,10102,10510,10781,10992,11230,11131,11132,10182,10970,10891,10912,11250,11541,11762,11900,11801,12252,113,9792,793,2,270,162,NO ERROR,432,,,0.01015092,0.8796263,0.07123608,0.00017966,0.0242544,0.01455264,0.03880704,2,11.2,71.75,50.08,49.92,"9,512","10,160","10,081","10,102","10,510","10,781","10,992","11,230","11,131","11,132","10,182","10,970","10,891","10,912","11,250","11,541","11,762","11,900","11,801","12,252",113,"9,792",2,793,270,162,432
-8589296.7114,4719589.8815,4659,S2006150041,15,Montgomery,0,None,Ramp 10 Fr Is 495x To Is 495 Sb,RP,495,  ,0.1,0,0.2,Exit 39 Ramp 10 Fr Is 495x Sb To Is 495 Wb,Exit 39 Ramp 10 Cabin John Pkwy To Capital Beltway,Urban,1,Interstate,15000RP00495  02SSIS39        10,15000RP00495--103910,2,West,1,F,0,10.78,100,0,100,1.0009,https://maps.roads.maryland.gov/itms_public/?stationid=S2006150041,10774,10795,11670,11781,11772,12063,12324,12625,13610,13711,11424,11445,12370,12491,12362,12673,12944,13135,14150,14261,,,,,,,NO ERROR,,,,,,,,,,,1,10.78,100,0,100,"10,774","10,795","11,670","11,781","11,772","12,063","12,324","12,625","13,610","13,711","11,424","11,445","12,370","12,491","12,362","12,673","12,944","13,135","14,150","14,261",N/A,N/A,N/A,N/A,N/A,N/A,N/A
-8575284.4542,4720692.8265,4664,B2978,15,Montgomery,0,None,Colesville Rd,MD,384,  ,0.2,0,0.25,Md384-.20 Mi E Of Md390,Md 390 To Md 410,Urban,3,Principal Arterial Other,15000MD00384  01EE**************,15000MD00384--1-----,1,East,6,F,1,7.57,67.32,53.52,46.48,1.337,https://maps.roads.maryland.gov/itms_public/?stationid=B2978,16162,15120,15001,15032,14690,15071,15362,14780,14651,14652,17292,16330,16201,16242,15720,16131,16442,15820,15681,15532,,,,,,,NO ERROR,,,,,,,,,,,6,7.57,67.32,53.52,46.48,"16,162","15,120","15,001","15,032","14,690","15,071","15,362","14,780","14,651","14,652","17,292","16,330","16,201","16,242","15,720","16,131","16,442","15,820","15,681","15,532",N/A,N/A,N/A,N/A,N/A,N/A,N/A
-8591910.0936,4718348.1998,4675,S2012150883,15,Montgomery,0,None,Eggert Dr                               ,CO,5177,  ,0.64,0,0.69,Eggert Dr - Between Macarthur Blvd & Capri Pl,Persimmon Tree Rd To Macarthur Blvd,Urban,6,Minor Collector,15000CO05177  01SS**************,15000CO05177--1-----,1,North,2,F,0,10.73,66.9,51.7,48.3,0.305,https://maps.roads.maryland.gov/itms_public/?stationid=S2012150883,,,1050,1051,1052,1083,1104,1135,1210,1211,,,1130,1141,1132,1163,1184,1205,1280,1331,,,,,,,NO ERROR,,,,,,,,,,,2,10.73,66.9,51.7,48.3,N/A,N/A,"1,050","1,051","1,052","1,083","1,104","1,135","1,210","1,211",N/A,N/A,"1,130","1,141","1,132","1,163","1,184","1,205","1,280","1,331",N/A,N/A,N/A,N/A,N/A,N/A,N/A
-8574353.8414,4729064.1335,4686,S2012150664,15,Montgomery,0,None,Kemp Mill Rd,CO,123,  ,1.16,1.12,1.8,Kemp Mill Rd - Between Stonington Rd & Grays La,Stonington Rd To Arcola Ave,Urban,4,Minor Arterial,15000CO00123  01SS**************,15000CO00123--1-----,1,South,2,F,0,11.39,74.45,49.94,50.06,2.7031,https://maps.roads.maryland.gov/itms_public/?stationid=S2012150664,,,10480,10501,10472,10743,10954,11225,10890,10891,,,11320,11341,11212,11503,11724,12015,11650,11541,,,,,,,NO ERROR,,,,,,,,,,,2,11.39,74.45,49.94,50.06,N/A,N/A,"10,480","10,501","10,472","10,743","10,954","11,225","10,890","10,891",N/A,N/A,"11,320","11,341","11,212","11,503","11,724","12,015","11,650","11,541",N/A,N/A,N/A,N/A,N/A,N/A,N/A
-8585320.8101,4735114.145,4689,S2012150935,15,Montgomery,130,Rockville,Avery Rd,MU,205,  ,0.07,0,0.43,Avery Rd - .10 Mi North Of Md 28,Norbeck Rd To Avery Rd (ahead),Urban,5,Major Collector,15130MU00205  01NN**************,15130MU00205--1-----,1,North,2,F,0,11.1,75.63,52.04,47.96,0.6185,https://maps.roads.maryland.gov/itms_public/?stationid=S2012150935,,,3560,3571,3562,3663,3734,3825,3940,3941,,,3850,3861,3812,3923,4004,4065,4180,4341,,,,,,,NO ERROR,,,,,,,,,,,2,11.1,75.63,52.04,47.96,N/A,N/A,"3,560","3,571","3,562","3,663","3,734","3,825","3,940","3,941",N/A,N/A,"3,850","3,861","3,812","3,923","4,004","4,065","4,180","4,341",N/A,N/A,N/A,N/A,N/A,N/A,N/A
-8595050.4183,4743689.6236,4693,B150001,15,Montgomery,0,None,Montgomery Village Ave,MD,124,  ,3.69,3.59,4.34,Md124-.10 Mi N Of Md355,Md 355 To Montgomery Village Ave,Urban,3,Principal Arterial Other,15000MD00124  01NN**************,15000MD00124--1-----,1,North,6,F,0,6.79,60.77,51.77,48.23,12.1356,https://maps.roads.maryland.gov/itms_public/?stationid=B150001,48541,48742,45450,45541,45402,45490,46351,47462,44330,44331,51941,52642,49090,49181,48582,48670,49601,50782,47430,46991,70,38586,4120,236,889,430,NO ERROR,1319,,,0.00157903,0.87040671,0.09293722,0.00532359,0.02005369,0.00969976,0.02975345,6,6.79,60.77,51.77,48.23,"48,541","48,742","45,450","45,541","45,402","45,490","46,351","47,462","44,330","44,331","51,941","52,642","49,090","49,181","48,582","48,670","49,601","50,782","47,430","46,991",70,"38,586",236,"4,120",889,430,"1,319"
-8587387.3525,4724589.0794,4705,S2001150172,15,Montgomery,0,None,Ramp 3 Fr Democracy Blvd To Is 270y Nb,RP,270,Y ,0.1,0,0.24,Exit 1 Ramp 3 Fr Democracy Blvd Eb To Is 270y Nb,Exit 1  Ramp 03 Democracy Blvd Eastbound To Is 270y Northbound,Urban,1,Interstate,15000RP00270Y 02EEIS1         03,15000RP00270Y-100103,2,North,1,F,0,8.88,100,100,0,0.2893,https://maps.roads.maryland.gov/itms_public/?stationid=S2001150172,2494,2505,2340,2361,2362,2423,2474,3300,3281,3302,2644,2665,2480,2501,2482,2543,2604,3430,3411,3432,,,,,,,NO ERROR,,,,,,,,,,,1,8.88,100,100,0,"2,494","2,505","2,340","2,361","2,362","2,423","2,474","3,300","3,281","3,302","2,644","2,665","2,480","2,501","2,482","2,543","2,604","3,430","3,411","3,432",N/A,N/A,N/A,N/A,N/A,N/A,N/A
-8565244.1281,4732756.3934,4709,S2001150060,15,Montgomery,0,None,Briggs Chaney Rd,CO,95,  ,3.83,3.64,4.262,Briggs Chaney Rd -.50 Mile East Of Us 29,Robey Rd To Sawgrass Dr,Urban,4,Minor Arterial,15000CO00095  01EE**************,15000CO00095--1-----,1,West,3,F,0,8.73,53.78,50.18,49.82,3.9278,https://maps.roads.maryland.gov/itms_public/?stationid=S2001150060,,,16860,16891,16842,17283,17614,18045,17300,17301,,,18210,18241,18022,18493,18854,19315,18510,18341,57,14743,1646,183,580,92,NO ERROR,672,,,0.00329461,0.85214727,0.09513901,0.01057742,0.03352407,0.00531761,0.03884169,3,8.73,53.78,50.18,49.82,N/A,N/A,"16,860","16,891","16,842","17,283","17,614","18,045","17,300","17,301",N/A,N/A,"18,210","18,241","18,022","18,493","18,854","19,315","18,510","18,341",57,"14,743",183,"1,646",580,92,672
-8591284.0658,4721722.9653,4710,B2976,15,Montgomery,0,None,River Rd,MD,190,  ,10.27,10.02,11.52,Md190-.20 Mi E Of Md191,Md 191 To Is 495,Urban,4,Minor Arterial,15000MD00190  01EE**************,15000MD00190--1-----,1,East,3,C,0,8.4,62.38,51.12,48.88,11.607,https://maps.roads.maryland.gov/itms_public/?stationid=B2976,21000,21081,20912,20930,20871,21412,21700,22221,22022,21200,22470,22771,22592,22600,22331,22912,23220,23781,23562,22470,36,18163,2260,142,477,122,NO ERROR,599,,,0.00169811,0.85674528,0.10660377,0.00669811,0.0225,0.00575472,0.02825472,3,8.4,62.38,51.12,48.88,"21,000","21,081","20,912","20,930","20,871","21,412","21,700","22,221","22,022","21,200","22,470","22,771","22,592","22,600","22,331","22,912","23,220","23,781","23,562","22,470",36,"18,163",142,"2,260",477,122,599
-8595723.0414,4737669.12,4715,B150012,15,Montgomery,0,None,Muddy Branch Rd,CO,81,  ,0.93,0,3.14,Muddy Branch Rd-.10 Mi N Of Md119 (great Seneca Hwy),Dufief Mill Rd To Md 117,Urban,4,Minor Arterial,15000CO00081  01NN**************,15000CO00081--1-----,1,South,3,C,0,9.11,52.33,43.76,56.24,18.6585,https://maps.roads.maryland.gov/itms_public/?stationid=B150012,14110,14171,14062,15220,15171,15572,15940,16321,16172,16280,15100,15311,15192,16440,16231,16662,17060,17461,17302,17260,48,14394,1438,62,286,52,NO ERROR,338,,,0.0029484,0.88415233,0.08832924,0.00380835,0.01756757,0.0031941,0.02076167,3,9.11,52.33,43.76,56.24,"14,110","14,171","14,062","15,220","15,171","15,572","15,940","16,321","16,172","16,280","15,100","15,311","15,192","16,440","16,231","16,662","17,060","17,461","17,302","17,260",48,"14,394",62,"1,438",286,52,338
-8581146.417,4725971.5742,4717,S2012150776,15,Montgomery,0,None,Parkwood Dr                             ,CO,1064,  ,0.04,0,1.71,Parkwood Dr - Between Md 547 & Warner St,Knowles Ave To Cedar La,Urban,6,Minor Collector,15000CO01064  01SS**************,15000CO01064--1-----,1,North,2,F,0,10.72,62.16,50.14,49.86,1.767,https://maps.roads.maryland.gov/itms_public/?stationid=S2012150776,,,2720,2731,2722,2793,2854,2925,2830,2831,,,2940,2951,2912,2993,3054,3105,3000,3111,,,,,,,NO ERROR,,,,,,,,,,,2,10.72,62.16,50.14,49.86,N/A,N/A,"2,720","2,731","2,722","2,793","2,854","2,925","2,830","2,831",N/A,N/A,"2,940","2,951","2,912","2,993","3,054","3,105","3,000","3,111",N/A,N/A,N/A,N/A,N/A,N/A,N/A
-8585762.6868,4734697.4909,4738,B150086,15,Montgomery,0,None,Norbeck Rd,MD,28,  ,24.19,24.09,27.31,Md28-.10 Mi E Of E. Gude Dr,E. Gude Dr To Md 97,Urban,3,Principal Arterial Other,15000MD00028  01EE**************,15000MD00028--1-----,1,East,4,F,2,7.7,58.61,49.53,50.47,52.1375,https://maps.roads.maryland.gov/itms_public/?stationid=B150086,46371,46562,44040,44131,44002,46350,47231,48372,44360,44361,49621,50292,47560,47661,47082,49600,50541,51762,47470,47021,93,37728,4344,224,1479,493,NO ERROR,1972,,,0.00209644,0.85047677,0.09792385,0.00504948,0.0333401,0.01111337,0.04445346,4,7.7,58.61,49.53,50.47,"46,371","46,562","44,040","44,131","44,002","46,350","47,231","48,372","44,360","44,361","49,621","50,292","47,560","47,661","47,082","49,600","50,541","51,762","47,470","47,021",93,"37,728",224,"4,344","1,479",493,"1,972"
-8566037.5419,4734137.9871,4747,B150036,15,Montgomery,0,None,Old Columbia Pike,CO,4552,  ,2.5,0.74,4.18,Old Columbia Pike-.20 Mi N Of Briggs Chaney Rd,Md 929c (back) To Md 198,Urban,5,Major Collector,15000CO04552  01NN**************,15000CO04552--1-----,1,South,3,C,0,11.1,56.78,48.72,51.28,10.8233,https://maps.roads.maryland.gov/itms_public/?stationid=B150036,9210,9251,9182,8810,8781,9012,8510,8711,8632,8620,9860,9991,9922,9520,9401,9642,9110,9231,9152,9480,9,7406,941,29,213,22,NO ERROR,235,,,0.00104408,0.85916473,0.10916473,0.00336427,0.02470998,0.0025522,0.02726218,3,11.1,56.78,48.72,51.28,"9,210","9,251","9,182","8,810","8,781","9,012","8,510","8,711","8,632","8,620","9,860","9,991","9,922","9,520","9,401","9,642","9,110","9,231","9,152","9,480",9,"7,406",29,941,213,22,235
-8600010.2454,4747881.9901,4755,S2009150028,15,Montgomery,0,None,Ramp 6 Fr Md 118 Eb To Is 270 Sb,RP,270,  ,0.15,0,0.31,Exit 15 Ramp 6 Fr Md 118 Eb To Is 270 Sb,Exit 15 Ramp 06 Germantown Rd To Eisenhower Memorial Hwy,Urban,1,Interstate,15000RP00270  02EEIS15        06,15000RP00270--101506,2,South,1,F,0,7.46,100,0,100,0.9483,https://maps.roads.maryland.gov/itms_public/?stationid=S2009150028,7971,7982,8023,8104,8105,7730,7891,8082,8320,8381,8451,8462,8503,8594,8515,8120,8291,8412,8650,8721,,,,,,,NO ERROR,,,,,,,,,,,1,7.46,100,0,100,"7,971","7,982","8,023","8,104","8,105","7,730","7,891","8,082","8,320","8,381","8,451","8,462","8,503","8,594","8,515","8,120","8,291","8,412","8,650","8,721",N/A,N/A,N/A,N/A,N/A,N/A,N/A
-8584727.8135,4728469.7465,4756,S2012150820,15,Montgomery,0,None,Executive Blvd,CO,3239,  ,0.6,0,0.67,Executive Blvd - .10 Mi South Of Md 187,Rockville Pike To Md 187,Urban,7,Local,15000CO03239  01NN**************,15000CO03239--1-----,1,North,4,F,0,10.49,50.93,48.13,51.87,1.7977,https://maps.roads.maryland.gov/itms_public/?stationid=S2012150820,,,8490,8511,8492,8713,8884,9105,7350,7351,,,9170,9191,9092,9323,9514,9655,7790,8091,,,,,,,NO ERROR,,,,,,,,,,,4,10.49,50.93,48.13,51.87,N/A,N/A,"8,490","8,511","8,492","8,713","8,884","9,105","7,350","7,351",N/A,N/A,"9,170","9,191","9,092","9,323","9,514","9,655","7,790","8,091",N/A,N/A,N/A,N/A,N/A,N/A,N/A
-8591871.7579,4741704.0866,4775,S2012150921,15,Montgomery,63,Gaithersburg,E Diamond Ave,MU,77,  ,1.2,0,1.3,E Diamond Ave - .10 Mi West Of Railroad St,Chestnut St To Railroad St,Urban,4,Minor Arterial,15063MU00077  01EE**************,15063MU00077--1-----,1,East,2,F,0,9.1,60.8,50.7,49.3,6.15,https://maps.roads.maryland.gov/itms_public/?stationid=S2012150921,,,11840,11861,11832,12143,12374,12675,12960,12961,,,12790,12811,12662,12993,13244,13565,13870,13741,,,,,,,NO ERROR,,,,,,,,,,,2,9.1,60.8,50.7,49.3,N/A,N/A,"11,840","11,861","11,832","12,143","12,374","12,675","12,960","12,961",N/A,N/A,"12,790","12,811","12,662","12,993","13,244","13,565","13,870","13,741",N/A,N/A,N/A,N/A,N/A,N/A,N/A
-8587063.3138,4733848.049,4779,S2012150940,15,Montgomery,130,Rockville,Charles St                              ,MU,660,  ,0.14,0,0.16,Charles St - Between Baltimore Rd & Seth Pl,Park Rd To Baltimore Rd,Urban,7,Local,15130MU00660  01SS**************,15130MU00660--1-----,1,South,2,F,0,10.94,54.64,37.73,62.27,0.0462,https://maps.roads.maryland.gov/itms_public/?stationid=S2012150940,,,450,451,452,463,474,495,790,791,,,490,491,482,503,514,535,840,871,,,,,,,NO ERROR,,,,,,,,,,,2,10.94,54.64,37.73,62.27,N/A,N/A,450,451,452,463,474,495,790,791,N/A,N/A,490,491,482,503,514,535,840,871,N/A,N/A,N/A,N/A,N/A,N/A,N/A
-8573297.826,4724183.3803,4781,B2722,15,Montgomery,0,None,Colesville Rd,US,29,  ,2.52,2.38,2.7,Us29-.20 Mi S Of Md193,Is 495 To Md 193 Eb/l,Urban,3,Principal Arterial Other,15000US00029  01NN**************,15000US00029--1-----,1,South,7,C,1,7.46,62.63,47.51,52.49,7.87,https://maps.roads.maryland.gov/itms_public/?stationid=B2722,62280,62531,62032,59960,59781,61342,64500,66051,65462,67380,66640,67531,67002,64760,63971,65642,69020,70681,70042,71420,75,60624,4907,418,1131,225,NO ERROR,1356,,,0.00111309,0.89973286,0.07282576,0.00620362,0.0167854,0.00333927,0.02012467,7,7.46,62.63,47.51,52.49,"62,280","62,531","62,032","59,960","59,781","61,342","64,500","66,051","65,462","67,380","66,640","67,531","67,002","64,760","63,971","65,642","69,020","70,681","70,042","71,420",75,"60,624",418,"4,907","1,131",225,"1,356"
-8600763.9546,4753561.3994,4784,S2014150208,15,Montgomery,0,None,Little Seneca Pkwy,CO,7730,  ,1.626,1.526,2.081,Little Seneca Pkwy - .10 Mile West Of Md 355,Md 355 To Road End,Urban,4,Minor Arterial,15000CO07730  01WW**************,15000CO07730--1-----,1,West,2,F,0,16.62,53.04,50.09,49.91,0.5879,https://maps.roads.maryland.gov/itms_public/?stationid=S2014150208,,,,,2970,3051,3112,2930,2901,2902,,,,,3180,3271,3332,3140,3101,3082,9,2549,180,3,161,0,NO ERROR,161,,,0.00310131,0.87835975,0.06202619,0.00103377,0.05547898,0,0.05547898,2,16.62,53.04,50.09,49.91,N/A,N/A,N/A,N/A,"2,970","3,051","3,112","2,930","2,901","2,902",N/A,N/A,N/A,N/A,"3,180","3,271","3,332","3,140","3,101","3,082",9,"2,549",3,180,161,0,161
-8566444.4758,4732860.1378,4788,S2012151290,15,Montgomery,0,None,Ramp 3 Fr Rp 6 (fr Md200 Eb) To Us 29 Nb,RP,200,  ,0.1,0,0.453,Exit 16 Ramp 3 Fr Ramp 6 (fr Md 200 Eb) To Us 29 Nb,Exit 16 Ramp 03 Ramp 6 (fr Md 200 Eb) To Us 29 Nb,Urban,2,Principal Arterial Other Freeways and Expressways,15000RP00200  02EEMD16        03,15000RP00200--101603,2,North,1,F,0,8.99,100,100,0,0.8138,https://maps.roads.maryland.gov/itms_public/?stationid=S2012151290,,,2450,2461,4380,4491,4582,4960,4921,4922,,,2650,2661,4690,4811,4902,5310,5271,5222,,,,,,,NO ERROR,,,,,,,,,,,1,8.99,100,100,0,N/A,N/A,"2,450","2,461","4,380","4,491","4,582","4,960","4,921","4,922",N/A,N/A,"2,650","2,661","4,690","4,811","4,902","5,310","5,271","5,222",N/A,N/A,N/A,N/A,N/A,N/A,N/A
-8585993.4417,4726110.7238,4793,S2005150094,15,Montgomery,0,None,Ramp 4 Fr Ramp 10 (fr Md 187b) To Is270,RP,270,  ,0.05,0,0.099,Exit 1b Ramp 4 Fr Ramp 10 (fr Md 187b) To Is 270 Eb,Exit 1b Ramp 04 Ramp 10 Fr Md 187b To Md 187 Nb To Eisenhower Memorial Hwy,Urban,1,Interstate,15000RP00270  02SSIS1B        04,15000RP00270--101B04,2,South,1,F,0,12.76,100,0,100,0.1168,https://maps.roads.maryland.gov/itms_public/?stationid=S2005150094,2705,2980,3001,3032,3033,3114,3185,3230,3211,3232,2905,3160,3181,3212,3193,3274,3345,3360,3341,3362,,,,,,,NO ERROR,,,,,,,,,,,1,12.76,100,0,100,"2,705","2,980","3,001","3,032","3,033","3,114","3,185","3,230","3,211","3,232","2,905","3,160","3,181","3,212","3,193","3,274","3,345","3,360","3,341","3,362",N/A,N/A,N/A,N/A,N/A,N/A,N/A
-8590224.0125,4740056.4983,4794,S2012150880,15,Montgomery,0,None,Crabbs Branch Way,CO,4991,  ,0.41,0.37,1.12,Crabbs Branch Way - .10 Mi South Of Shady Grove Rd,Shady Grove Rd To Redland Rd,Urban,4,Minor Arterial,15000CO04991  01SS**************,15000CO04991--1-----,1,North,3,F,0,8.93,67.02,49.15,50.85,4.717,https://maps.roads.maryland.gov/itms_public/?stationid=S2012150880,,,16760,16791,16742,17183,17514,17935,17230,17231,,,18100,18131,17912,18393,18744,19195,18440,18271,,,,,,,NO ERROR,,,,,,,,,,,3,8.93,67.02,49.15,50.85,N/A,N/A,"16,760","16,791","16,742","17,183","17,514","17,935","17,230","17,231",N/A,N/A,"18,100","18,131","17,912","18,393","18,744","19,195","18,440","18,271",N/A,N/A,N/A,N/A,N/A,N/A,N/A
-8583249.9556,4724907.3778,4796,S2012150742,15,Montgomery,0,None,Grosvenor La,CO,326,  ,0.1,0,1.09,Grosvenor La - .10 Mile West Of Md 355,Rockville Pike To Cheshire Dr,Urban,5,Major Collector,15000CO00326  01WW**************,15000CO00326--1-----,1,West,3,F,0,9.6,55.36,47.4,52.6,2.8052,https://maps.roads.maryland.gov/itms_public/?stationid=S2012150742,,,8240,8261,8242,8463,8624,8835,7050,7051,,,8900,8921,8822,9063,9234,9455,7540,7471,,,,,,,NO ERROR,,,,,,,,,,,3,9.6,55.36,47.4,52.6,N/A,N/A,"8,240","8,261","8,242","8,463","8,624","8,835","7,050","7,051",N/A,N/A,"8,900","8,921","8,822","9,063","9,234","9,455","7,540","7,471",N/A,N/A,N/A,N/A,N/A,N/A,N/A
-8582507.362,4731959.2847,4798,S2012150684,15,Montgomery,0,None,Aspen Hill Rd,CO,142,  ,0.43,0.37,1.25,Aspen Hill Rd - Between Arctic Ave & Glasgow Dr,Arctic Ave To Parkland Dr,Urban,4,Minor Arterial,15000CO00142  01NN**************,15000CO00142--1-----,1,North,2,F,0,8.23,64.72,52.25,47.75,3.9222,https://maps.roads.maryland.gov/itms_public/?stationid=S2012150684,,,12260,12291,12252,12573,12814,13125,12210,12211,,,13240,13271,13112,13453,13714,14045,13070,12941,,,,,,,NO ERROR,,,,,,,,,,,2,8.23,64.72,52.25,47.75,N/A,N/A,"12,260","12,291","12,252","12,573","12,814","13,125","12,210","12,211",N/A,N/A,"13,240","13,271","13,112","13,453","13,714","14,045","13,070","12,941",N/A,N/A,N/A,N/A,N/A,N/A,N/A
-8577495.2916,4730847.2944,4805,S2012150778,15,Montgomery,0,None,Glenallan Ave,CO,1114,  ,0.12,0,0.27,Glenallan Ave - .10 Mile East Of Md 97,Md 97 To Md 182,Urban,6,Minor Collector,15000CO01114  01EE**************,15000CO01114--1-----,1,West,4,F,0,9.99,52.42,50.52,49.48,1.0901,https://maps.roads.maryland.gov/itms_public/?stationid=S2012150778,,,10280,10301,10272,10543,10744,11005,10930,11061,,,11100,11131,10992,11283,11504,11675,11590,12021,,,,,,,NO ERROR,,,,,,,,,,,4,9.99,52.42,50.52,49.48,N/A,N/A,"10,280","10,301","10,272","10,543","10,744","11,005","10,930","11,061",N/A,N/A,"11,100","11,131","10,992","11,283","11,504","11,675","11,590","12,021",N/A,N/A,N/A,N/A,N/A,N/A,N/A
-8579360.2993,4718747.8283,4824,S2012150933,15,Montgomery,97,Martins Additions,Shepherd St,MU,90,  ,0.27,0.16,0.34,Shepherd St - .10 Mi North Of Md 186,Shepherd St (back) To Brookville Rd,Urban,5,Major Collector,15097MU00090  01SS**************,15097MU00090--1-----,1,South,2,F,0,9.48,60.38,51.28,48.72,0.0671,https://maps.roads.maryland.gov/itms_public/?stationid=S2012150933,,,960,961,962,993,1014,1045,1020,1021,,,1040,1041,1032,1063,1094,1115,1080,1121,,,,,,,NO ERROR,,,,,,,,,,,2,9.48,60.38,51.28,48.72,N/A,N/A,960,961,962,993,"1,014","1,045","1,020","1,021",N/A,N/A,"1,040","1,041","1,032","1,063","1,094","1,115","1,080","1,121",N/A,N/A,N/A,N/A,N/A,N/A,N/A
-8585609.2279,4726118.5026,4839,S2005150058,15,Montgomery,0,None,Ramp 7 Fr Ramp 2 (fr Is270) To Md 187 Sb,RP,270,  ,0.02,0,0.043,Exit 1a Ramp 7 Fr Ramp 2 (fr Is 270 Wb) To Md 187 Sb,Exit 1a Ramp 07 Ramp 2 Fr Is 270 Wb To Md 187 Nb To Old Georgetown Rd,Urban,1,Interstate,15000RP00270  02WWIS1A        07,15000RP00270--101A07,2,West,2,F,0,8.75,100,0,100,0.0234,https://maps.roads.maryland.gov/itms_public/?stationid=S2005150058,,1450,1461,1472,1473,1514,1555,1490,1481,1492,,1540,1551,1562,1553,1594,1635,1550,1541,1552,,,,,,,NO ERROR,,,,,,,,,,,2,8.75,100,0,100,N/A,"1,450","1,461","1,472","1,473","1,514","1,555","1,490","1,481","1,492",N/A,"1,540","1,551","1,562","1,553","1,594","1,635","1,550","1,541","1,552",N/A,N/A,N/A,N/A,N/A,N/A,N/A
-8603863.8014,4755804.9055,4863,B2845,15,Montgomery,0,None,Eisenhower Memorial Hwy,IS,270,  ,18.93,18.43,22.29,Is270-.50 Mi N Of Md121,Md 121 To Md 109,Rural,1,Interstate,15000IS00270  01NN**************,15000IS00270--1-----,1,North,5,F,1,6.61,55.46,49.22,50.78,125.6894,https://maps.roads.maryland.gov/itms_public/?stationid=B2845,95891,95992,89210,90011,89922,79930,81611,83572,88590,89211,97811,101752,94560,95411,94422,83930,85691,86922,92130,92781,230,72090,10916,452,3394,2129,NO ERROR,5523,,,0.00257816,0.8080842,0.12236159,0.00506664,0.03804464,0.02386477,0.06190941,5,6.61,55.46,49.22,50.78,"95,891","95,992","89,210","90,011","89,922","79,930","81,611","83,572","88,590","89,211","97,811","101,752","94,560","95,411","94,422","83,930","85,691","86,922","92,130","92,781",230,"72,090",452,"10,916","3,394","2,129","5,523"
-8566762.8507,4732358.7384,4873,S2012151293,15,Montgomery,0,None,Ramp 11 Fr Rp10 (29 Sb) To Fairlnd Rd Eb,RP,200,  ,0.02,0,0.03,Exit 17 Ramp 11 Fr Ramp 10 (fr Us 29 Sb) To Fairland Rd Eb,Exit 17 Ramp 11 Ramp 10 (fr Us 29 Sb) To Fairland Rd Eb,Urban,2,Principal Arterial Other Freeways and Expressways,15000RP00200  02SSMD17        11,15000RP00200--101711,2,East,1,F,0,12.78,100,100,0,0.0185,https://maps.roads.maryland.gov/itms_public/?stationid=S2012151293,,,1260,1261,1580,1621,1652,1693,1684,1685,,,1360,1361,1690,1731,1772,1813,1804,1795,,,,,,,NO ERROR,,,,,,,,,,,1,12.78,100,100,0,N/A,N/A,"1,260","1,261","1,580","1,621","1,652","1,693","1,684","1,685",N/A,N/A,"1,360","1,361","1,690","1,731","1,772","1,813","1,804","1,795",N/A,N/A,N/A,N/A,N/A,N/A,N/A
-8586769.6317,4719438.1729,4904,B2808,15,Montgomery,0,None,Wilson La,MD,188,  ,0.99,0.9,2.34,Md188-.10 Mi E Of Md190,Md 190 To Md 191,Urban,4,Minor Arterial,15000MD00188  01EE**************,15000MD00188--1-----,1,West,3,F,0,9.89,54.74,48.33,51.67,5.3832,https://maps.roads.maryland.gov/itms_public/?stationid=B2808,11013,10210,10131,10152,10123,10394,10595,10330,10241,10242,11783,11030,10941,10962,10833,11124,11355,11050,10961,10862,51,8300,1401,34,356,100,NO ERROR,456,,,0.0049795,0.8103886,0.13678969,0.00331966,0.03475884,0.00976372,0.04452255,3,9.89,54.74,48.33,51.67,"11,013","10,210","10,131","10,152","10,123","10,394","10,595","10,330","10,241","10,242","11,783","11,030","10,941","10,962","10,833","11,124","11,355","11,050","10,961","10,862",51,"8,300",34,"1,401",356,100,456
-8588166.3824,4749826.6177,4943,S2012150442,15,Montgomery,0,None,Warfield Rd,CO,32,  ,0.86,0,3.91,Warfield Rd -.10 Mi N Of Md 124,Laytonsville Rd To Wightman Rd,Urban,5,Major Collector,15000CO00032  01SS**************,15000CO00032--1-----,1,North,2,F,0,8.78,56.98,50.52,49.48,8.9354,https://maps.roads.maryland.gov/itms_public/?stationid=S2012150442,,,5830,5841,5822,5973,6094,6245,6260,6261,,,6300,6311,6232,6393,6524,6625,6640,6891,,,,,,,NO ERROR,,,,,,,,,,,2,8.78,56.98,50.52,49.48,N/A,N/A,"5,830","5,841","5,822","5,973","6,094","6,245","6,260","6,261",N/A,N/A,"6,300","6,311","6,232","6,393","6,524","6,625","6,640","6,891",N/A,N/A,N/A,N/A,N/A,N/A,N/A
-8582314.4421,4718684.7521,4946,S2012150894,15,Montgomery,0,None,Leland St,CO,6133,  ,0.07,0,0.23,Leland St - .10 Mi North Of Md 191,Md 191 To Woodmont Ave,Urban,6,Minor Collector,15000CO06133  01NN**************,15000CO06133--1-----,1,North,2,C,0,9.68,88.08,77.56,22.44,0.1956,https://maps.roads.maryland.gov/itms_public/?stationid=S2012150894,,,,1550,1551,1592,1623,1664,1655,2330,,,,1670,1661,1702,1743,1764,1755,2560,,,,,,,NO ERROR,,,,,,,,,,,2,9.68,88.08,77.56,22.44,N/A,N/A,N/A,"1,550","1,551","1,592","1,623","1,664","1,655","2,330",N/A,N/A,N/A,"1,670","1,661","1,702","1,743","1,764","1,755","2,560",N/A,N/A,N/A,N/A,N/A,N/A,N/A
-8576709.4489,4735487.3502,4961,S2012150892,15,Montgomery,0,None,Longmead Crossing Dr,CO,5912,  ,0.09,0,1.11,Longmead Crossing Dr - .10 Mi West Of Md 182,Layhill Rd To End Roundabout,Urban,7,Local,15000CO05912  01WW**************,15000CO05912--1-----,1,West,2,F,0,9.1,63.24,50.15,49.85,2.5083,https://maps.roads.maryland.gov/itms_public/?stationid=S2012150892,,,5850,5861,5842,5993,6114,6265,6190,6191,,,6320,6331,6252,6413,6544,6645,6560,6811,,,,,,,NO ERROR,,,,,,,,,,,2,9.1,63.24,50.15,49.85,N/A,N/A,"5,850","5,861","5,842","5,993","6,114","6,265","6,190","6,191",N/A,N/A,"6,320","6,331","6,252","6,413","6,544","6,645","6,560","6,811",N/A,N/A,N/A,N/A,N/A,N/A,N/A
-8574330.3064,4722526.9759,4962,B2884,15,Montgomery,0,None,Dale Dr,CO,7074,  ,0.82,0,0.92,Dale Dr-.10 Mi W Of Us29,Columbia Blvd To Us 29,Urban,4,Minor Arterial,15000CO07074  01EE**************,15000CO07074--1-----,1,West,2,F,0,8.69,61.12,50.02,49.98,2.6374,https://maps.roads.maryland.gov/itms_public/?stationid=B2884,6921,6952,6903,6924,6905,7590,7731,7922,7853,7854,7411,7512,7463,7484,7395,8120,8271,8482,8403,8334,,,,,,,NO ERROR,,,,,,,,,,,2,8.69,61.12,50.02,49.98,"6,921","6,952","6,903","6,924","6,905","7,590","7,731","7,922","7,853","7,854","7,411","7,512","7,463","7,484","7,395","8,120","8,271","8,482","8,403","8,334",N/A,N/A,N/A,N/A,N/A,N/A,N/A
-8570649.4017,4724279.9367,4976,P0041,15,Montgomery,0,None,Capital Beltway,IS,495,  ,13.28,12.52,14.1,Is 495 - .82 Mile West Of Md 650 (atr#41),Md 193 To Md 650,Urban,1,Interstate,15000IS00495  01EE**************,15000IS00495--1-----,1,East,9,F,1,6.74,50.99,50.93,49.07,124.3446,https://maps.roads.maryland.gov/itms_public/?stationid=P0041,213207,213265,0,209339,207299,210814,202725,215036,213179,215614,220251,221385,0,214726,212017,215924,208596,219288,217118,219371,,,,,,,NO ERROR,,,,,,,,,,,9,6.74,50.99,50.93,49.07,"213,207","213,265",0,"209,339","207,299","210,814","202,725","215,036","213,179","215,614","220,251","221,385",0,"214,726","212,017","215,924","208,596","219,288","217,118","219,371",N/A,N/A,N/A,N/A,N/A,N/A,N/A
-8584114.4817,4717292.4954,4982,S2012150783,15,Montgomery,0,None,Springfield Dr                          ,CO,1214,  ,0.03,0,0.36,Springfield Dr - Between Md 190 & Ridgefield Rd,River Rd To Cromwell Dr,Urban,6,Minor Collector,15000CO01214  01SS**************,15000CO01214--1-----,1,North,2,F,0,9.03,65.93,64.48,35.52,0.3628,https://maps.roads.maryland.gov/itms_public/?stationid=S2012150783,,,2830,2841,2832,2913,2974,3055,2760,2761,,,3060,3071,3032,3123,3184,3245,2930,3041,,,,,,,NO ERROR,,,,,,,,,,,2,9.03,65.93,64.48,35.52,N/A,N/A,"2,830","2,841","2,832","2,913","2,974","3,055","2,760","2,761",N/A,N/A,"3,060","3,071","3,032","3,123","3,184","3,245","2,930","3,041",N/A,N/A,N/A,N/A,N/A,N/A,N/A
-8590181.7096,4728134.0756,4988,S2017150258,15,Montgomery,0,None,Deborah Dr,CO,2996,  ,0.1,0,1.29,Deborah Dr - .10 Mile South Of Gainsborough Rd,Gainsborough Rd To Bells Mill Rd,Urban,6,Minor Collector,15000CO02996  01SS**************,15000CO02996--1-----,1,North,2,F,0,10.57,70.73,57.55,42.45,0.1752,https://maps.roads.maryland.gov/itms_public/?stationid=S2017150258,,,,,,,,370,371,372,,,,,,,,390,391,412,,,,,,,NO ERROR,,,,,,,,,,,2,10.57,70.73,57.55,42.45,N/A,N/A,N/A,N/A,N/A,N/A,N/A,370,371,372,N/A,N/A,N/A,N/A,N/A,N/A,N/A,390,391,412,N/A,N/A,N/A,N/A,N/A,N/A,N/A
-8594389.5548,4723860.7512,4993,B150094,15,Montgomery,0,None,River Rd,MD,190,  ,8.44,8.14,10.02,Md190-.30 Mi E Of Md189/falls Rd,Md 189/falls Rd To Md 191,Urban,4,Minor Arterial,15000MD00190  01EE**************,15000MD00190--1-----,1,West,3,F,0,8.07,57.61,51.19,48.81,12.565,https://maps.roads.maryland.gov/itms_public/?stationid=B150094,20370,20451,17530,17571,17522,17120,17451,17872,17570,18311,21800,22091,18930,18981,18752,18320,18671,19122,18800,18621,,,,,,,NO ERROR,,,,,,,,,,,3,8.07,57.61,51.19,48.81,"20,370","20,451","17,530","17,571","17,522","17,120","17,451","17,872","17,570","18,311","21,800","22,091","18,930","18,981","18,752","18,320","18,671","19,122","18,800","18,621",N/A,N/A,N/A,N/A,N/A,N/A,N/A
-8572237.5077,4722173.7502,5023,B2923,15,Montgomery,0,None,Flower Ave,CO,913,  ,0.38,0,0.88,Flower Ave-.50 Mi S Of Franklin Ave,Md 320 To Franklin Ave,Urban,5,Major Collector,15000CO00913  01NN**************,15000CO00913--1-----,1,North,3,F,0,9.08,56.47,51.81,48.19,3.2811,https://maps.roads.maryland.gov/itms_public/?stationid=B2923,9942,9983,9904,9925,9620,9871,10062,10303,10214,10215,10642,10783,10704,10725,10290,10561,10772,10923,10834,11245,,,,,,,NO ERROR,,,,,,,,,,,3,9.08,56.47,51.81,48.19,"9,942","9,983","9,904","9,925","9,620","9,871","10,062","10,303","10,214","10,215","10,642","10,783","10,704","10,725","10,290","10,561","10,772","10,923","10,834","11,245",N/A,N/A,N/A,N/A,N/A,N/A,N/A
-8570373.5995,4728141.0884,5025,B2725,15,Montgomery,0,None,Columbia Pike,US,29,  ,4.96,4.76,5.11,Us29-.20 Mi N Of Md650,Md 650 To Stewart La,Urban,2,Principal Arterial Other Freeways and Expressways,15000US00029  01NN**************,15000US00029--1-----,1,South,6,F,1,7.33,58.22,50.29,49.71,8.3078,https://maps.roads.maryland.gov/itms_public/?stationid=B2725,64780,65041,64522,60000,59821,61382,62800,62980,62411,65032,69320,70241,69682,64800,64011,65682,67200,67390,66781,66162,,,,,,,NO ERROR,,,,,,,,,,,6,7.33,58.22,50.29,49.71,"64,780","65,041","64,522","60,000","59,821","61,382","62,800","62,980","62,411","65,032","69,320","70,241","69,682","64,800","64,011","65,682","67,200","67,390","66,781","66,162",N/A,N/A,N/A,N/A,N/A,N/A,N/A
-8595344.5842,4728519.7174,5054,B150018,15,Montgomery,0,None,Glen Rd,CO,195,  ,1.21,0,1.49,Glen Rd-.10 Mi W Of Beekman Pl,Md 189 To S. Glen Rd,Urban,5,Major Collector,15000CO00195  01WW**************,15000CO00195--1-----,1,East,2,F,0,10.24,79.6,50.39,49.61,1.9312,https://maps.roads.maryland.gov/itms_public/?stationid=B150018,3621,3642,3620,3631,3622,3920,3991,4092,3550,3551,3871,3932,3910,3921,3882,4190,4271,4342,3760,3911,35,2987,397,6,115,11,NO ERROR,126,,,0.00985638,0.8411715,0.11179949,0.00168966,0.03238524,0.00309772,0.03548296,2,10.24,79.6,50.39,49.61,"3,621","3,642","3,620","3,631","3,622","3,920","3,991","4,092","3,550","3,551","3,871","3,932","3,910","3,921","3,882","4,190","4,271","4,342","3,760","3,911",35,"2,987",6,397,115,11,126
-8599233.6341,4746668.3287,5084,S2002150146,15,Montgomery,0,None,Ramp 7 Fr Middlebrook Rd To Ramp 6,RP,270,  ,0.02,0,0.03,Exit 13 Ramp 7 Fr Middlebrook Rd Wb To Ramp 6 (to Is 270 Sb),Exit 13 Ramp 07 Middlebrook Rd To Ramp 6 Fr Middlebrook Rd Eb To Is 270 Sb,Urban,1,Interstate,15000RP00270  02SSIS13        07,15000RP00270--101307,2,South,1,F,0,10.58,100,0,100,0.0888,https://maps.roads.maryland.gov/itms_public/?stationid=S2002150146,9761,9772,9823,9914,9905,7750,7911,8102,8053,8114,10351,10362,10413,10514,10405,8140,8311,8432,8383,8444,,,,,,,NO ERROR,,,,,,,,,,,1,10.58,100,0,100,"9,761","9,772","9,823","9,914","9,905","7,750","7,911","8,102","8,053","8,114","10,351","10,362","10,413","10,514","10,405","8,140","8,311","8,432","8,383","8,444",N/A,N/A,N/A,N/A,N/A,N/A,N/A
-8599791.8853,4748462.0892,5090,S2009150024,15,Montgomery,0,None,Ramp 2 Fr Md 118 Wb To Is 270 Nb,RP,270,  ,0.01,0,0.03,Exit 15 Ramp 2 Fr Md 118 Wb To Is 270 Nb,Exit 15 Ramp 02 Germantown Rd To Ramp 3 Fr Md 118 Eb To Ramp 2 (to Is270),Urban,1,Interstate,15000RP00270  02WWIS15        02,15000RP00270--101502,2,North,1,F,0,9.48,100,100,0,0.0269,https://maps.roads.maryland.gov/itms_public/?stationid=S2009150024,1821,1822,1833,1854,1855,2070,2111,2162,2440,2461,1931,1932,1943,1974,1955,2170,2221,2252,2540,2561,,,,,,,NO ERROR,,,,,,,,,,,1,9.48,100,100,0,"1,821","1,822","1,833","1,854","1,855","2,070","2,111","2,162","2,440","2,461","1,931","1,932","1,943","1,974","1,955","2,170","2,221","2,252","2,540","2,561",N/A,N/A,N/A,N/A,N/A,N/A,N/A
-8567442.7905,4730618.8876,5111,S2006150069,15,Montgomery,0,None,Ramp 1 Fr Ramp 4 (us29)to Cherry Hill Rd,RP,29,  ,0.01,0,0.026,Exit 7 Ramp 1 Fr Ramp 4 (fr Us 29 Nb) To Cherry Hill Rd Wb,Exit 7  Ramp 01 Ramp 4 Fr Us 29 Nb To Cherry Hill Rd Eb To Cherry Hill Rd,Urban,2,Principal Arterial Other Freeways and Expressways,15000RP00029  02NNUS7         01,15000RP00029--100701,2,West,1,F,0,8.47,100,0,100,0.0062,https://maps.roads.maryland.gov/itms_public/?stationid=S2006150069,714,960,620,621,622,643,664,685,650,651,764,1040,670,671,672,693,714,735,700,691,,,,,,,NO ERROR,,,,,,,,,,,1,8.47,100,0,100,714,960,620,621,622,643,664,685,650,651,764,"1,040",670,671,672,693,714,735,700,691,N/A,N/A,N/A,N/A,N/A,N/A,N/A
-8592731.5809,4740527.1854,5115,S2013150572,15,Montgomery,63,Gaithersburg,W Deer Park Rd,MU,61,  ,1.24,0,1.31,W Deer Park Rd - Between Md 355 & Barkley Pl,Muddy Branch Rd To S Frederick Rd,Urban,5,Major Collector,15063MU00061  01EE**************,15063MU00061--1-----,1,West,4,C,0,8.57,59.3,50.01,49.99,3.7917,https://maps.roads.maryland.gov/itms_public/?stationid=S2013150572,,,,7620,7601,7802,7953,8144,8075,7930,,,,8230,8131,8352,8513,8634,8565,8720,,,,,,,NO ERROR,,,,,,,,,,,4,8.57,59.3,50.01,49.99,N/A,N/A,N/A,"7,620","7,601","7,802","7,953","8,144","8,075","7,930",N/A,N/A,N/A,"8,230","8,131","8,352","8,513","8,634","8,565","8,720",N/A,N/A,N/A,N/A,N/A,N/A,N/A
-8580352.8589,4722626.5692,5145,S2000150158,15,Montgomery,0,None,Ramp 2 Fr Is 495 Wb To Md 185 Nb,RP,495,  ,0.42,0.39,0.44,Exit 33 Ramp 2 Fr Is 495 Wb To Md 185 Nb,Exit 33 Ramp 02 Ramp 7 Fr Ramp 2 (fr Is495) To Md 185 Sb To Connecticut Ave,Urban,1,Interstate,15000RP00495  02WWIS33        02,15000RP00495--103302,2,West,1,F,0,9.2,100,0,100,0.071,https://maps.roads.maryland.gov/itms_public/?stationid=S2000150158,3553,3430,3451,3482,3483,3574,3790,3881,3862,3893,3773,3640,3661,3692,3663,3754,3980,4041,4022,4053,,,,,,,NO ERROR,,,,,,,,,,,1,9.2,100,0,100,"3,553","3,430","3,451","3,482","3,483","3,574","3,790","3,881","3,862","3,893","3,773","3,640","3,661","3,692","3,663","3,754","3,980","4,041","4,022","4,053",N/A,N/A,N/A,N/A,N/A,N/A,N/A
-8618406.3888,4742690.6549,5154,B150101,15,Montgomery,0,None,Fisher Ave                              ,CO,4147,  ,0.08,0,0.28,Fisher Ave-.20 Mi W Of Md107/md109,Road End To Fisher Ave (ahead),Rural,6,Minor Collector,15000CO04147  01EE**************,15000CO04147--1-----,1,West,2,F,0,8.35,53.69,51.19,48.81,0.2427,https://maps.roads.maryland.gov/itms_public/?stationid=B150101,2385,2345,2355,2200,2201,2252,2303,2354,2345,2375,2505,2535,2505,2350,2331,2392,2463,2504,2495,2525,13,1727,465,3,134,33,NO ERROR,167,,,0.00547368,0.72715789,0.19578947,0.00126316,0.05642105,0.01389474,0.07031579,2,8.35,53.69,51.19,48.81,"2,385","2,345","2,355","2,200","2,201","2,252","2,303","2,354","2,345","2,375","2,505","2,535","2,505","2,350","2,331","2,392","2,463","2,504","2,495","2,525",13,"1,727",3,465,134,33,167
-8592080.127,4721745.1432,5163,B2977,15,Montgomery,0,None,Bradley Blvd                            ,CO,7070,  ,0.32,0,0.52,Bradley Blvd-.20 Mi S Of Md190,Persimmon Tree Rd To Md 190,Urban,4,Minor Arterial,15000CO07070  01NN**************,15000CO07070--1-----,1,North,2,F,0,9.56,55.19,52.8,47.2,1.2303,https://maps.roads.maryland.gov/itms_public/?stationid=B2977,6793,6440,6391,6402,6383,6554,6685,6540,6481,6482,7273,6960,6901,6912,6833,7014,7165,7000,6941,6872,36,5471,656,12,266,41,NO ERROR,307,,,0.00555384,0.84402962,0.10120333,0.00185128,0.04103672,0.00632521,0.04736193,2,9.56,55.19,52.8,47.2,"6,793","6,440","6,391","6,402","6,383","6,554","6,685","6,540","6,481","6,482","7,273","6,960","6,901","6,912","6,833","7,014","7,165","7,000","6,941","6,872",36,"5,471",12,656,266,41,307
-8607450.6986,4761668.1477,5191,S2007150037,15,Montgomery,0,None,Ramp 2 Fr Md 109 Wb To Is 270 Nb,RP,270,  ,0.01,0,0.02,Exit 22 Ramp 2 Fr Md 109 Wb To Is 270 Nb  ,Exit 22 Ramp 02 Old Hundred Rd To Ramp 3 Fr Md 109 Eb To Ramp 2 (to Is270),Rural,1,Interstate,15000RP00270  02WWIS22        02,15000RP00270--102202,2,North,1,F,0,12.04,100,100,0,0.0062,https://maps.roads.maryland.gov/itms_public/?stationid=S2007150037,543,544,555,560,561,572,583,604,840,851,553,584,595,590,591,602,613,634,870,891,,,,,,,NO ERROR,,,,,,,,,,,1,12.04,100,100,0,543,544,555,560,561,572,583,604,840,851,553,584,595,590,591,602,613,634,870,891,N/A,N/A,N/A,N/A,N/A,N/A,N/A
-8590798.6044,4719274.3586,5198,S2012150905,15,Montgomery,0,None,Persimmon Tree La,CO,7069,  ,0.08,0,0.59,Persimmon Tree La - Between Persimmon Tree Rd & Comanche Ct,Persimmon Tree Rd To Persimmon Tree Rd,Urban,6,Minor Collector,15000CO07069  01NN**************,15000CO07069--1-----,1,South,2,F,0,10.98,58.64,51.95,48.05,0.2909,https://maps.roads.maryland.gov/itms_public/?stationid=S2012150905,,,1300,1301,1302,1343,1374,1415,1350,1351,,,1400,1411,1392,1443,1474,1505,1430,1491,,,,,,,NO ERROR,,,,,,,,,,,2,10.98,58.64,51.95,48.05,N/A,N/A,"1,300","1,301","1,302","1,343","1,374","1,415","1,350","1,351",N/A,N/A,"1,400","1,411","1,392","1,443","1,474","1,505","1,430","1,491",N/A,N/A,N/A,N/A,N/A,N/A,N/A
-8587589.006,4732773.3059,5203,S2012150963,15,Montgomery,130,Rockville,Mt Vernon Pl,MU,2180,  ,0.13,0,0.62,Mt Vernon Pl - Between Fleet St & E Jefferson St,Rockville Pike To Monroe St,Urban,7,Local,15130MU02180  01SS**************,15130MU02180--1-----,1,South,2,F,0,11.05,57.4,56,44,0.7108,https://maps.roads.maryland.gov/itms_public/?stationid=S2012150963,,,2930,2941,2932,3013,3074,3155,3140,3141,,,3160,3181,3142,3223,3294,3345,3330,3461,,,,,,,NO ERROR,,,,,,,,,,,2,11.05,57.4,56,44,N/A,N/A,"2,930","2,941","2,932","3,013","3,074","3,155","3,140","3,141",N/A,N/A,"3,160","3,181","3,142","3,223","3,294","3,345","3,330","3,461",N/A,N/A,N/A,N/A,N/A,N/A,N/A
-8588258.2818,4725104.5764,5206,S2012150833,15,Montgomery,0,None,Westlake Dr                             ,CO,3439,  ,0.21,0,0.46,Westlake Dr - .10 Mi North Of Democracy Blvd,Bells Mill Rd To Westlake Terr,Urban,5,Major Collector,15000CO03439  01NN**************,15000CO03439--1-----,1,South,3,F,0,8.01,50.94,46.8,53.2,2.5841,https://maps.roads.maryland.gov/itms_public/?stationid=S2012150833,,,16280,16311,16262,16693,17014,17425,15390,15391,,,17580,17621,17402,17863,18214,18475,16310,16931,,,,,,,NO ERROR,,,,,,,,,,,3,8.01,50.94,46.8,53.2,N/A,N/A,"16,280","16,311","16,262","16,693","17,014","17,425","15,390","15,391",N/A,N/A,"17,580","17,621","17,402","17,863","18,214","18,475","16,310","16,931",N/A,N/A,N/A,N/A,N/A,N/A,N/A
-8567488.9748,4730686.0613,5242,S2006150073,15,Montgomery,0,None,Ramp 5 Fr Ramp 8 (us29sb) To Randolph Rd,RP,29,  ,0.01,0,0.025,Exit 7 Ramp 5 Fr Ramp 8 (fr Us 29 Sb) To E Randolph Rd Eb,Exit 7  Ramp 05 Ramp 8 Fr Us 29 Sb To E Randolph Rd Wb To E Randolph Rd,Urban,2,Principal Arterial Other Freeways and Expressways,15000RP00029  02SSUS7         05,15000RP00029--100705,2,East,2,F,0,11.71,100,100,0,0.0444,https://maps.roads.maryland.gov/itms_public/?stationid=S2006150073,,5730,4490,4501,4492,4613,4704,4825,4870,4871,,6190,4850,4861,4812,4943,5034,5165,5210,5161,,,,,,,NO ERROR,,,,,,,,,,,2,11.71,100,100,0,N/A,"5,730","4,490","4,501","4,492","4,613","4,704","4,825","4,870","4,871",N/A,"6,190","4,850","4,861","4,812","4,943","5,034","5,165","5,210","5,161",N/A,N/A,N/A,N/A,N/A,N/A,N/A
-8584843.7984,4720765.4477,5257,S2012150773,15,Montgomery,0,None,Bradmoor Dr,CO,1013,  ,0.04,0,0.96,Bradmoor Dr - Between Md 191 & Roosevelt St,Bradley Blvd To Road End,Urban,6,Minor Collector,15000CO01013  01NN**************,15000CO01013--1-----,1,North,3,F,0,12.48,60.11,50.51,49.49,0.9534,https://maps.roads.maryland.gov/itms_public/?stationid=S2012150773,,,2350,2361,2352,2413,2464,2525,2720,2721,,,2540,2551,2522,2583,2644,2685,2880,2991,,,,,,,NO ERROR,,,,,,,,,,,3,12.48,60.11,50.51,49.49,N/A,N/A,"2,350","2,361","2,352","2,413","2,464","2,525","2,720","2,721",N/A,N/A,"2,540","2,551","2,522","2,583","2,644","2,685","2,880","2,991",N/A,N/A,N/A,N/A,N/A,N/A,N/A
-8573265.7855,4719451.6128,5299,B2855,15,Montgomery,0,None,Piney Branch Rd,MD,320,  ,0.48,0.39,0.77,Md320-.10 Mi N Of Md410,Md 410 To Richie Ave,Urban,4,Minor Arterial,15000MD00320  01NN**************,15000MD00320--1-----,1,North,2,F,1,8.64,63.41,49.87,50.13,1.9963,https://maps.roads.maryland.gov/itms_public/?stationid=B2855,14500,14561,14452,14483,14444,14825,14180,14521,14392,14393,15520,15731,15612,15643,15464,15865,15170,15541,15402,15263,,,,,,,NO ERROR,,,,,,,,,,,2,8.64,63.41,49.87,50.13,"14,500","14,561","14,452","14,483","14,444","14,825","14,180","14,521","14,392","14,393","15,520","15,731","15,612","15,643","15,464","15,865","15,170","15,541","15,402","15,263",N/A,N/A,N/A,N/A,N/A,N/A,N/A
-8601205.7225,4747181.4521,5310,B150014,15,Montgomery,0,None,Middlebrook Rd,CO,141,  ,0.6,0,1.76,Middlebrook Rd-.10 Mi E Of Md118,Father Hurley Blvd To Is 270,Urban,3,Principal Arterial Other,15000CO00141  01EE**************,15000CO00141--1-----,1,East,5,F,0,7.94,55.89,48.3,51.7,15.5409,https://maps.roads.maryland.gov/itms_public/?stationid=B150014,19712,20680,20521,20562,22350,22931,23372,24410,24191,24192,21092,22330,22161,22212,23920,24541,25012,26120,25881,25642,34,22117,1553,41,355,92,NO ERROR,447,,,0.00140542,0.91422784,0.06419478,0.00169478,0.01467427,0.00380291,0.01847718,5,7.94,55.89,48.3,51.7,"19,712","20,680","20,521","20,562","22,350","22,931","23,372","24,410","24,191","24,192","21,092","22,330","22,161","22,212","23,920","24,541","25,012","26,120","25,881","25,642",34,"22,117",41,"1,553",355,92,447
-8593355.0747,4723242.7687,5324,S2012150852,15,Montgomery,0,None,Newbridge Dr,CO,3998,  ,0.11,0,1.2,Newbridge Dr - .10 Mi North Of Md 190,Md 190 To Kentsdale Dr,Urban,6,Minor Collector,15000CO03998  01NN**************,15000CO03998--1-----,1,North,2,F,0,9.73,67.27,51.79,48.21,0.6793,https://maps.roads.maryland.gov/itms_public/?stationid=S2012150852,,,1490,1491,1492,1533,1564,1605,1550,1551,,,1610,1611,1602,1643,1674,1705,1640,1711,,,,,,,NO ERROR,,,,,,,,,,,2,9.73,67.27,51.79,48.21,N/A,N/A,"1,490","1,491","1,492","1,533","1,564","1,605","1,550","1,551",N/A,N/A,"1,610","1,611","1,602","1,643","1,674","1,705","1,640","1,711",N/A,N/A,N/A,N/A,N/A,N/A,N/A
-8593264.0268,4739142.2391,5332,S2005150078,15,Montgomery,0,None,Ramp 4 Fr Ramp 1 (fr Is270) To Is 370 Eb,RP,270,  ,0.1,0,0.23,Exit 9 Ramp 4 Fr Ramp 1 (fr Is 270 Nb) To Is 370 Eb,Exit 9  Ramp 04 Ramp 1 Fr Is 270 Nb To Is 370 Wb To No Name,Urban,1,Interstate,15000RP00270  02EEIS9         04,15000RP00270--100904,2,East,1,F,0,9.86,100,100,0,1.3592,https://maps.roads.maryland.gov/itms_public/?stationid=S2005150078,11905,10450,10501,10602,10593,12670,12941,13252,16080,16191,12605,11080,11131,11242,11123,13300,13591,13782,16720,16841,,,,,,,NO ERROR,,,,,,,,,,,1,9.86,100,100,0,"11,905","10,450","10,501","10,602","10,593","12,670","12,941","13,252","16,080","16,191","12,605","11,080","11,131","11,242","11,123","13,300","13,591","13,782","16,720","16,841",N/A,N/A,N/A,N/A,N/A,N/A,N/A
-8591745.0593,4717840.375,5334,S2000150118,15,Montgomery,0,None,Ramp 6 Fr Clara Barton Pkwy To Is 495 Sb,RP,495,  ,0.15,0.07,0.27,Exit 41 Ramp 6 Fr Clara Barton Pkwy Eb To Is 495 Sb,Exit 41 Ramp 06 Ramp 3 Fr Ramp 6 (fr C B Pkwy) To Is 495 To Ramp 7 Fr C B Pkwy To Ramp 6 (to Is 495),Urban,1,Interstate,15000RP00495  02EEIS41        06,15000RP00495--104106,2,South,1,F,0,16.89,100,0,100,0.2833,https://maps.roads.maryland.gov/itms_public/?stationid=S2000150118,3024,3035,3670,3701,3702,3793,3874,3975,3850,3881,3214,3225,3890,3921,3892,3983,4074,4135,4000,4041,,,,,,,NO ERROR,,,,,,,,,,,1,16.89,100,0,100,"3,024","3,035","3,670","3,701","3,702","3,793","3,874","3,975","3,850","3,881","3,214","3,225","3,890","3,921","3,892","3,983","4,074","4,135","4,000","4,041",N/A,N/A,N/A,N/A,N/A,N/A,N/A
-8584636.4066,4713761.6713,5351,S2012150752,15,Montgomery,0,None,Sangamore Rd,CO,507,  ,1.54,0.9,1.57,Sangamore Rd - Between Macarthur Blvd & Brookes La,Overlea Rd To Macarthur Blvd,Urban,7,Local,15000CO00507  01SS**************,15000CO00507--1-----,1,South,2,F,0,8.64,50.85,50.49,49.51,1.6705,https://maps.roads.maryland.gov/itms_public/?stationid=S2012150752,,,5800,5811,5792,5943,6064,6215,6830,6831,,,6260,6281,6202,6363,6494,6595,7240,7511,,,,,,,NO ERROR,,,,,,,,,,,2,8.64,50.85,50.49,49.51,N/A,N/A,"5,800","5,811","5,792","5,943","6,064","6,215","6,830","6,831",N/A,N/A,"6,260","6,281","6,202","6,363","6,494","6,595","7,240","7,511",N/A,N/A,N/A,N/A,N/A,N/A,N/A
-8585736.1581,4725992.8711,5352,S2005150065,15,Montgomery,0,None,Ramp 10 Fr Md 187b To Md 187 Nb,RP,270,  ,0.27,0.253,0.286,Exit 1a Ramp 10 Fr Md 187b To Md 187 Nb,Exit 1a Ramp 10 Ramp 6 Fr Ramp 10 (fr Is270) To Md 187 To,Urban,1,Interstate,15000RP00270  02EEIS1A        10,15000RP00270--101A10,2,West,2,F,0,11.65,100,100,0,0.057,https://maps.roads.maryland.gov/itms_public/?stationid=S2005150065,4305,4650,4671,4712,4713,4834,4945,4730,4701,4732,4605,4930,4951,5002,4953,5084,5195,4920,4891,4922,,,,,,,NO ERROR,,,,,,,,,,,2,11.65,100,100,0,"4,305","4,650","4,671","4,712","4,713","4,834","4,945","4,730","4,701","4,732","4,605","4,930","4,951","5,002","4,953","5,084","5,195","4,920","4,891","4,922",N/A,N/A,N/A,N/A,N/A,N/A,N/A
-8577530.8159,4721633.1463,5359,S2012150827,15,Montgomery,0,None,Lyttonsville Pl,CO,3338,  ,0.08,0,0.175,Lyttonsville Pl - .10 Mo North Of Lyttonsville Rd,Lyttonsville Rd To Brookville Rd,Urban,5,Major Collector,15000CO03338  01NN**************,15000CO03338--1-----,1,North,3,F,0,9.08,54.3,52.63,47.37,0.6065,https://maps.roads.maryland.gov/itms_public/?stationid=S2012150827,,,8930,8951,8922,9153,9334,9565,9485,9495,,,9640,9671,9552,9793,9994,10145,10055,10455,,,,,,,NO ERROR,,,,,,,,,,,3,9.08,54.3,52.63,47.37,N/A,N/A,"8,930","8,951","8,922","9,153","9,334","9,565","9,485","9,495",N/A,N/A,"9,640","9,671","9,552","9,793","9,994","10,145","10,055","10,455",N/A,N/A,N/A,N/A,N/A,N/A,N/A
-8574120.1908,4738887.884,5361,S2012150657,15,Montgomery,0,None,Norwood Rd,CO,72,  ,1.51,1.397,1.98,Norwood Rd - .20 Mile West Of Norbeck Rd,Norbeck Rd To Md 182,Urban,4,Minor Arterial,15000CO00072  01WW**************,15000CO00072--1-----,1,East,3,F,0,9.23,57.69,51.16,48.84,2.3707,https://maps.roads.maryland.gov/itms_public/?stationid=S2012150657,,,10610,10631,10602,10883,11094,11365,11140,11141,,,11460,11481,11342,11653,11874,12165,11920,11811,,,,,,,NO ERROR,,,,,,,,,,,3,9.23,57.69,51.16,48.84,N/A,N/A,"10,610","10,631","10,602","10,883","11,094","11,365","11,140","11,141",N/A,N/A,"11,460","11,481","11,342","11,653","11,874","12,165","11,920","11,811",N/A,N/A,N/A,N/A,N/A,N/A,N/A
-8591153.9885,4734966.2484,5374,B2847,15,Montgomery,0,None,Eisenhower Memorial Hwy,IS,270,  ,6.96,6.46,8.39,Is270-.50 Mi N Of Md28,Md 28 To Shady Grove Rd,Urban,1,Interstate,15000IS00270  01NN**************,15000IS00270--1-----,1,North,12,F,1,7.26,63.88,52.94,47.06,165.4056,https://maps.roads.maryland.gov/itms_public/?stationid=B2847,240421,240662,224590,226611,226382,213570,218061,223292,233170,234801,254851,255102,238070,240211,237702,224250,228961,232222,242500,244191,152,197897,26524,1305,5260,3663,NO ERROR,8923,,,0.00064736,0.84282861,0.11296374,0.0055579,0.02240195,0.01560044,0.03800239,12,7.26,63.88,52.94,47.06,"240,421","240,662","224,590","226,611","226,382","213,570","218,061","223,292","233,170","234,801","254,851","255,102","238,070","240,211","237,702","224,250","228,961","232,222","242,500","244,191",152,"197,897","1,305","26,524","5,260","3,663","8,923"
-8576128.4858,4723085.8315,5381,S2017150112,15,Montgomery,0,None,Georgia Ave,MD,97,  ,1.18,1.1,1.44,Md 97 - Between Seminary Pl & White Oak Dr,Seminary Road To I-495,Urban,3,Principal Arterial Other,15000MD00097  01NN**************,15000MD00097--1-----,1,South,7,C,1,7.28,54.35,48.9,51.1,8.5108,https://maps.roads.maryland.gov/itms_public/?stationid=S2017150112,,,,,,,,,68980,68580,,,,,,,,,73810,72700,,,,,,,NO ERROR,,,,,,,,,,,7,7.28,54.35,48.9,51.1,N/A,N/A,N/A,N/A,N/A,N/A,N/A,N/A,"68,980","68,580",N/A,N/A,N/A,N/A,N/A,N/A,N/A,N/A,"73,810","72,700",N/A,N/A,N/A,N/A,N/A,N/A,N/A
-8572078.5954,4723957.8692,5384,S2000150185,15,Montgomery,0,None,Ramp 1 Fr Md 193 Nb To Is 495 Wb,RP,495,  ,0.05,0,0.12,Exit 29 Ramp 1 Fr Md 193 Nb To Is 495 Wb,Exit 29 Ramp 01 University Blvd E To Capital Beltway,Urban,1,Interstate,15000RP00495  02NNIS29        01,15000RP00495--102901,2,North,1,F,0,9.26,100,100,0,0.3479,https://maps.roads.maryland.gov/itms_public/?stationid=S2000150185,10605,8110,8151,8480,8471,7580,7741,7932,7883,7944,11205,8600,8641,8990,8901,7960,8131,8252,8203,8264,,,,,,,NO ERROR,,,,,,,,,,,1,9.26,100,100,0,"10,605","8,110","8,151","8,480","8,471","7,580","7,741","7,932","7,883","7,944","11,205","8,600","8,641","8,990","8,901","7,960","8,131","8,252","8,203","8,264",N/A,N/A,N/A,N/A,N/A,N/A,N/A
-8600975.5935,4756710.9397,5385,S2012150623,15,Montgomery,0,None,Snowden Farm Pkwy,CO,7574,  ,0.78,0.693,2.096,Snowden Farm Pkwy - Between Stringtown Rd & Grand Elm St,Stringtown Rd To Little Seneca Pkwy,Urban,4,Minor Arterial,15000CO07574  01EE**************,15000CO07574--1-----,1,West,4,F,0,9.46,56.93,51.21,48.79,2.9502,https://maps.roads.maryland.gov/itms_public/?stationid=S2012150623,,,3480,3491,3482,5490,5591,5732,5760,5761,,,3760,3771,3732,5870,5981,6132,6160,6111,56,4748,646,35,256,20,NO ERROR,276,,,0.00972053,0.82416247,0.11213331,0.00607533,0.04443673,0.00347162,0.04790835,4,9.46,56.93,51.21,48.79,N/A,N/A,"3,480","3,491","3,482","5,490","5,591","5,732","5,760","5,761",N/A,N/A,"3,760","3,771","3,732","5,870","5,981","6,132","6,160","6,111",56,"4,748",35,646,256,20,276
-8586659.8481,4734071.7927,5387,B2715,15,Montgomery,0,None,First St,MD,28,  ,23.65,23.5,24.09,Md28-.50 Mi E Of Md586,Baltimore Rd To E. Gude Dr,Urban,3,Principal Arterial Other,15000MD00028  01EE**************,15000MD00028--1-----,1,East,4,F,2,8.02,54.47,49.43,50.57,7.9725,https://maps.roads.maryland.gov/itms_public/?stationid=B2715,34601,34742,33920,33991,33892,36210,36901,37792,37020,37021,37021,37522,36630,36711,36262,38750,39481,40442,39610,39241,76,30637,4038,235,1645,390,NO ERROR,2035,,,0.00205289,0.82755733,0.10907323,0.00634775,0.04443424,0.01053456,0.0549688,4,8.02,54.47,49.43,50.57,"34,601","34,742","33,920","33,991","33,892","36,210","36,901","37,792","37,020","37,021","37,021","37,522","36,630","36,711","36,262","38,750","39,481","40,442","39,610","39,241",76,"30,637",235,"4,038","1,645",390,"2,035"
-8571540.3347,4719675.247,5390,B2921,15,Montgomery,143,Takoma Park,Flower Ave,MU,460,  ,0.5,0.4,0.88,Flower Ave-.10 Mi N Of Md195,Md 195 To Houston Ave,Urban,5,Major Collector,15143MU00460  01NN**************,15143MU00460--1-----,1,North,2,F,0,8.55,53.5,49.01,50.99,1.0883,https://maps.roads.maryland.gov/itms_public/?stationid=B2921,6692,5220,5181,5192,5183,5324,5435,6270,6211,6212,7162,5640,5601,5612,5553,5704,5835,6650,6581,6832,,,,,,,NO ERROR,,,,,,,,,,,2,8.55,53.5,49.01,50.99,"6,692","5,220","5,181","5,192","5,183","5,324","5,435","6,270","6,211","6,212","7,162","5,640","5,601","5,612","5,553","5,704","5,835","6,650","6,581","6,832",N/A,N/A,N/A,N/A,N/A,N/A,N/A
-8601939.9981,4745211.6495,5391,S2012150878,15,Montgomery,0,None,Mateny Rd,CO,4763,  ,0.06,0,0.16,Mateny Rd - Between Md 119 & Quiet Oak La,Md 119 To Mateny Rd,Urban,5,Major Collector,15000CO04763  01SS**************,15000CO04763--1-----,1,South,2,F,0,7.93,53.88,51.26,48.74,0.3102,https://maps.roads.maryland.gov/itms_public/?stationid=S2012150878,,,4860,4871,4862,4993,5094,5225,5310,5311,,,5250,5261,5202,5343,5454,5545,5630,5841,,,,,,,NO ERROR,,,,,,,,,,,2,7.93,53.88,51.26,48.74,N/A,N/A,"4,860","4,871","4,862","4,993","5,094","5,225","5,310","5,311",N/A,N/A,"5,250","5,261","5,202","5,343","5,454","5,545","5,630","5,841",N/A,N/A,N/A,N/A,N/A,N/A,N/A
-8591551.6551,4718095.755,5403,S2000150120,15,Montgomery,0,None,Ramp 8 Fr Is 495 Sb To Clara Barton Pkwy,RP,495,  ,0.1,0,0.28,Exit 41 Ramp 8 Fr Is 495 Sb To Clara Barton Pkwy Wb,Exit 41 Ramp 8 Fr Is 495 Sb To Clara Barton Pkwy,Urban,1,Interstate,15000RP00495  02SSIS41        08,15000RP00495--104108,2,West,1,F,0,11.51,100,0,100,0.1534,https://maps.roads.maryland.gov/itms_public/?stationid=S2000150120,1354,1365,1420,1431,1432,1473,1504,1545,1490,1501,1444,1455,1510,1521,1502,1553,1584,1615,1550,1561,,,,,,,NO ERROR,,,,,,,,,,,1,11.51,100,0,100,"1,354","1,365","1,420","1,431","1,432","1,473","1,504","1,545","1,490","1,501","1,444","1,455","1,510","1,521","1,502","1,553","1,584","1,615","1,550","1,561",N/A,N/A,N/A,N/A,N/A,N/A,N/A
-8568814.0943,4744473.298,5418,S2012150648,15,Montgomery,0,None,Tucker La,CO,71,  ,0.11,0,2.04,Tucker La -.10 Mile South Of Md 108,Ashton Rd To New Hampshire Ave,Urban,5,Major Collector,15000CO00071  01SS**************,15000CO00071--1-----,1,North,2,F,0,12.24,59.32,48.18,51.82,0.3284,https://maps.roads.maryland.gov/itms_public/?stationid=S2012150648,,,390,391,392,403,414,425,440,441,,,420,421,422,433,444,455,470,491,,,,,,,NO ERROR,,,,,,,,,,,2,12.24,59.32,48.18,51.82,N/A,N/A,390,391,392,403,414,425,440,441,N/A,N/A,420,421,422,433,444,455,470,491,N/A,N/A,N/A,N/A,N/A,N/A,N/A
-8580812.8268,4733132.6508,5420,S2012150685,15,Montgomery,0,None,Aspen Hill Rd,CO,142,  ,1.5,1.43,1.62,Aspen Hill Rd - Between Frankfort Dr & Md 185,Grenoble Dr To Md 185,Urban,4,Minor Arterial,15000CO00142  01NN**************,15000CO00142--1-----,1,North,2,F,0,8.21,55.89,50.32,49.68,1.2504,https://maps.roads.maryland.gov/itms_public/?stationid=S2012150685,,,17370,17411,17362,17813,18154,18595,17300,18031,,,18760,18801,18582,19063,19434,19905,18510,18341,,,,,,,NO ERROR,,,,,,,,,,,2,8.21,55.89,50.32,49.68,N/A,N/A,"17,370","17,411","17,362","17,813","18,154","18,595","17,300","18,031",N/A,N/A,"18,760","18,801","18,582","19,063","19,434","19,905","18,510","18,341",N/A,N/A,N/A,N/A,N/A,N/A,N/A
-8586485.7678,4722588.4261,5434,S2012150713,15,Montgomery,0,None,Greentree Rd,CO,167,  ,1.5,1.41,2.66,Greentree Rd - Between Fernwood Rd & Burning Tree Rd,Fernwood Rd To Greentre Rd (ahead),Urban,7,Local,15000CO00167  01WW**************,15000CO00167--1-----,1,West,2,F,0,13.86,50.14,46.67,53.33,1.0955,https://maps.roads.maryland.gov/itms_public/?stationid=S2012150713,,,2270,2281,2272,2333,2384,2445,2400,2401,,,2450,2461,2432,2503,2554,2595,2540,2641,,,,,,,NO ERROR,,,,,,,,,,,2,13.86,50.14,46.67,53.33,N/A,N/A,"2,270","2,281","2,272","2,333","2,384","2,445","2,400","2,401",N/A,N/A,"2,450","2,461","2,432","2,503","2,554","2,595","2,540","2,641",N/A,N/A,N/A,N/A,N/A,N/A,N/A
-8588910.5182,4729577.7387,5444,S2001150113,15,Montgomery,0,None,Ramp 5 Fr Is 270 Sb To Md 927 Eb,RP,270,  ,0.1,0,0.24,Exit 4 Ramp 5 Fr Is 270 Sb To Md 927 Eb (montrose Rd),Exit 4  Ramp 05 Eisenhower Memorial Hwy To Montrose Rd,Urban,1,Interstate,15000RP00270  02SSIS4         05,15000RP00270--100405,2,South,1,F,0,8.66,100,0,100,1.0268,https://maps.roads.maryland.gov/itms_public/?stationid=S2001150113,13105,12880,12941,13062,13053,11710,11961,11710,11641,11722,13905,13650,13721,13852,13713,12300,12561,12180,12111,12192,,,,,,,NO ERROR,,,,,,,,,,,1,8.66,100,0,100,"13,105","12,880","12,941","13,062","13,053","11,710","11,961","11,710","11,641","11,722","13,905","13,650","13,721","13,852","13,713","12,300","12,561","12,180","12,111","12,192",N/A,N/A,N/A,N/A,N/A,N/A,N/A
-8591428.2769,4736513.8226,5448,S2012150967,15,Montgomery,130,Rockville,Piccard Dr,MU,2405,  ,0.13,0,1.382,Piccard Dr - .10 Mi North Of W Gude Dr,W Gude Dr To Grand Champion Dr,Urban,7,Local,15130MU02405  01NN**************,15130MU02405--1-----,1,South,2,F,0,12.42,76.79,38.2,61.8,2.5781,https://maps.roads.maryland.gov/itms_public/?stationid=S2012150967,,,4920,4931,4922,5053,5154,5285,5110,5111,,,5310,5331,5272,5413,5524,5605,5420,5621,,,,,,,NO ERROR,,,,,,,,,,,2,12.42,76.79,38.2,61.8,N/A,N/A,"4,920","4,931","4,922","5,053","5,154","5,285","5,110","5,111",N/A,N/A,"5,310","5,331","5,272","5,413","5,524","5,605","5,420","5,621",N/A,N/A,N/A,N/A,N/A,N/A,N/A
-8575232.759,4721539.6841,5466,S2012150758,15,Montgomery,0,None,Spring St,CO,598,  ,0.52,0.47,0.79,Spring St - Between Md 97 & First Ave,Md97 (georgia Ave) To Md390 (16th Street),Urban,4,Minor Arterial,15000CO00598  01WW**************,15000CO00598--1-----,1,West,2,F,0,8.82,57.3,55.91,44.09,0.9964,https://maps.roads.maryland.gov/itms_public/?stationid=S2012150758,,,9700,9721,9692,9943,10134,10385,8530,8531,,,10480,10501,10372,10643,10844,11115,9130,9041,,,,,,,NO ERROR,,,,,,,,,,,2,8.82,57.3,55.91,44.09,N/A,N/A,"9,700","9,721","9,692","9,943","10,134","10,385","8,530","8,531",N/A,N/A,"10,480","10,501","10,372","10,643","10,844","11,115","9,130","9,041",N/A,N/A,N/A,N/A,N/A,N/A,N/A
-8593396.9681,4717808.0391,5475,S2009150014,15,Montgomery,0,None,Ramp 8 Ffr Gv 29 To Gv 6,RP,6,  ,0.02,0,0.04,Exit 1 Ramp 8 Fr Gv 29 To Clara Barton Pkwy Wb,Exit 1  Ramp 08 Govt Spur Fr R&d Ctr To Ramp 1 Fr Gv 29 To Ramp 8,Urban,2,Principal Arterial Other Freeways and Expressways,15000RP00006  02SSGV1         08,15000RP00006--100108,2,West,1,F,0,28.32,100,0,100,0.0043,https://maps.roads.maryland.gov/itms_public/?stationid=S2009150014,,281,281,282,283,270,281,292,293,294,,0,301,312,303,290,301,312,313,314,,,,,,,NO ERROR,,,,,,,,,,,1,28.32,100,0,100,N/A,281,281,282,283,270,281,292,293,294,N/A,0,301,312,303,290,301,312,313,314,N/A,N/A,N/A,N/A,N/A,N/A,N/A
-8587361.9087,4726098.9311,5493,B2851,15,Montgomery,0,None,No Name,IS,270,Y ,1.65,0.995,2.095,Is270y-.30 Mi N Of Westlake Terr,Democracy Blvd To Is 270,Urban,1,Interstate,15000IS00270Y 01NN**************,15000IS00270Y-1-----,1,North,7,F,0,7.24,63.08,57.57,42.43,52.7667,https://maps.roads.maryland.gov/itms_public/?stationid=B2851,133092,134500,135171,136392,136263,125570,128211,131292,130503,131424,141082,142570,143281,144582,143083,131850,134621,136542,135723,136684,268,113011,13921,220,1459,2545,NO ERROR,4004,,,0.0020392,0.85989621,0.10592434,0.00167397,0.01110147,0.0193648,0.03046628,7,7.24,63.08,57.57,42.43,"133,092","134,500","135,171","136,392","136,263","125,570","128,211","131,292","130,503","131,424","141,082","142,570","143,281","144,582","143,083","131,850","134,621","136,542","135,723","136,684",268,"113,011",220,"13,921","1,459","2,545","4,004"
-8587719.2766,4724824.8744,5497,S2001150168,15,Montgomery,0,None,Ramp 8 Fr Is 270y Sb To Democracy Blvd,RP,270,Y ,0.22,0.195,0.247,Exit 1 Ramp 8 Fr Is 270y Sb To Democracy Blvd Wb,Exit 1  Ramp 08 Ramp 5 Fr Ramp 8 To Democracy Blvd Eb To Democracy Blvd,Urban,1,Interstate,15000RP00270Y 02SSIS1         08,15000RP00270Y-100108,2,West,1,F,0,11.61,100,0,100,0.1039,https://maps.roads.maryland.gov/itms_public/?stationid=S2001150168,1863,1874,1750,1771,1772,1823,1864,5460,5431,5472,1983,1994,1860,1881,1862,1913,1964,5680,5651,5692,,,,,,,NO ERROR,,,,,,,,,,,1,11.61,100,0,100,"1,863","1,874","1,750","1,771","1,772","1,823","1,864","5,460","5,431","5,472","1,983","1,994","1,860","1,881","1,862","1,913","1,964","5,680","5,651","5,692",N/A,N/A,N/A,N/A,N/A,N/A,N/A
-8593866.3549,4762892.4717,5499,B2746,15,Montgomery,0,None,Main St,MD,108,  ,0.25,0,0.45,Md108-.10 Mi E Of Md124,Md 27 To Howard Chapel Rd,Urban,4,Minor Arterial,15000MD00108  01EE**************,15000MD00108--1-----,1,West,2,F,1,9.62,61.51,47.44,52.56,1.1154,https://maps.roads.maryland.gov/itms_public/?stationid=B2746,6841,6872,6430,6441,6422,6760,6891,7062,6790,6791,7321,7422,6940,6961,6872,7230,7371,7562,7270,7201,75,4984,1205,17,378,132,NO ERROR,510,,,0.01104403,0.73391253,0.17744073,0.00250331,0.05566191,0.01943749,0.0750994,2,9.62,61.51,47.44,52.56,"6,841","6,872","6,430","6,441","6,422","6,760","6,891","7,062","6,790","6,791","7,321","7,422","6,940","6,961","6,872","7,230","7,371","7,562","7,270","7,201",75,"4,984",17,"1,205",378,132,510
-8617924.9228,4746424.4192,5500,B2755,15,Montgomery,0,None,Beallsville Rd,MD,109,  ,1.91,0.6,2.41,Md109-.50 Mi S Of Md28,Jerusalem Rd To Md 28,Rural,5,Major Collector,15000MD00109  01NN**************,15000MD00109--1-----,1,North,2,F,0,8.14,59.76,50.08,49.92,1.9509,https://maps.roads.maryland.gov/itms_public/?stationid=B2755,3150,3091,3102,3093,3094,3175,2870,2931,2912,2953,3310,3341,3292,3313,3284,3375,3070,3111,3092,3133,13,2043,586,21,257,33,NO ERROR,290,,,0.0044023,0.69183881,0.19844226,0.00711141,0.08703014,0.01117508,0.09820522,2,8.14,59.76,50.08,49.92,"3,150","3,091","3,102","3,093","3,094","3,175","2,870","2,931","2,912","2,953","3,310","3,341","3,292","3,313","3,284","3,375","3,070","3,111","3,092","3,133",13,"2,043",21,586,257,33,290
-8594391.233,4738770.7846,5509,S2009150004,15,Montgomery,0,None,Rp 7 Fr Rp 1 - Is 270 To Co 7401,RP,6271,  ,0.1,0,0.22,Exit 1 Ramp 7 Fr Ramp 1 (fr Is 270) To Wash Blvd ,Exit 1  Ramp 07 Ramp 1 Fr Is 270 Nb To Is 370 Wb To Washingtonian Blvd,Urban,2,Principal Arterial Other Freeways and Expressways,15000RP06271  02SSCO1         07,15000RP06271--100107,2,West,1,F,0,8.01,100,0,100,0.4353,https://maps.roads.maryland.gov/itms_public/?stationid=S2009150004,4151,4172,4143,4154,4145,4500,4591,4702,5420,5421,4441,4512,4473,4494,4445,4820,4911,5032,5800,5751,,,,,,,NO ERROR,,,,,,,,,,,1,8.01,100,0,100,"4,151","4,172","4,143","4,154","4,145","4,500","4,591","4,702","5,420","5,421","4,441","4,512","4,473","4,494","4,445","4,820","4,911","5,032","5,800","5,751",N/A,N/A,N/A,N/A,N/A,N/A,N/A
-8599574.8678,4754508.1014,5515,S2017150201,15,Montgomery,0,None,Snowden Farm Pkwy,CO,7574,  ,2.2,2.096,2.616,Snowden Farm Pkwy - .10 Mile East Of Little Seneca Pkwy,Little Seneca Pkwy To Emerald Green Dr,Urban,4,Minor Arterial,15000CO07574  01EE**************,15000CO07574--1-----,1,West,4,F,0,10.62,70.44,46.16,53.84,1.6042,https://maps.roads.maryland.gov/itms_public/?stationid=S2017150201,,,,,,,,8530,8451,8452,,,,,,,,9130,9041,8962,15,7430,759,28,190,30,NO ERROR,220,,,0.00177473,0.87908187,0.08980123,0.00331283,0.02247989,0.00354946,0.02602934,4,10.62,70.44,46.16,53.84,N/A,N/A,N/A,N/A,N/A,N/A,N/A,"8,530","8,451","8,452",N/A,N/A,N/A,N/A,N/A,N/A,N/A,"9,130","9,041","8,962",15,"7,430",28,759,190,30,220
-8593392.4716,4736954.3713,5516,S2012150884,15,Montgomery,0,None,Omega Dr,CO,5319,  ,0.09,0,0.56,Omega Dr - .10 Mi North Of Md 28,Key West Ave To Washingtonian Blvd,Urban,5,Major Collector,15000CO05319  01NN**************,15000CO05319--1-----,1,North,4,F,0,11.89,72.35,47.76,52.24,2.1198,https://maps.roads.maryland.gov/itms_public/?stationid=S2012150884,,,9450,9471,9442,9693,9884,10125,10370,10371,,,10210,10231,10102,10373,10584,10735,10990,11411,,,,,,,NO ERROR,,,,,,,,,,,4,11.89,72.35,47.76,52.24,N/A,N/A,"9,450","9,471","9,442","9,693","9,884","10,125","10,370","10,371",N/A,N/A,"10,210","10,231","10,102","10,373","10,584","10,735","10,990","11,411",N/A,N/A,N/A,N/A,N/A,N/A,N/A
-8602221.7765,4752433.9207,5518,B150114,15,Montgomery,0,None,West Old Baltimore Rd,CO,231,  ,1.24,0,2.49,West Old Baltimore Rd-.10 Mi E Of Is270,Md 355 To Md 121,Urban,5,Major Collector,15000CO00231  01WW**************,15000CO00231--1-----,1,East,2,F,0,10.21,78.84,51.63,48.37,1.5914,https://maps.roads.maryland.gov/itms_public/?stationid=B150114,1591,1602,1630,1631,1632,1670,1701,1742,1750,1751,1701,1732,1760,1761,1752,1790,1821,1862,1870,1861,4,1342,265,17,108,15,NO ERROR,123,,,0.00228441,0.76641919,0.15134209,0.00970874,0.06167904,0.00856653,0.07024557,2,10.21,78.84,51.63,48.37,"1,591","1,602","1,630","1,631","1,632","1,670","1,701","1,742","1,750","1,751","1,701","1,732","1,760","1,761","1,752","1,790","1,821","1,862","1,870","1,861",4,"1,342",17,265,108,15,123
-8568675.5561,4732660.6367,5522,B2986,15,Montgomery,0,None,Fairland Rd,CO,98,  ,1.17,0,2.35,Fairland Rd-.10 Mi S Of Cedar Creek La,E. Randolph Rd To Us 29,Urban,4,Minor Arterial,15000CO00098  01NN**************,15000CO00098--1-----,1,North,3,C,0,8.58,57.58,48.33,51.67,12.0857,https://maps.roads.maryland.gov/itms_public/?stationid=B2986,13720,13781,13672,13820,13781,14142,12980,13291,13172,14090,14680,14881,14772,14930,14751,15132,13890,14221,14092,14940,7,12367,1213,21,439,43,NO ERROR,482,,,0.00049681,0.87771469,0.08608943,0.00149042,0.03115685,0.00305181,0.03420866,3,8.58,57.58,48.33,51.67,"13,720","13,781","13,672","13,820","13,781","14,142","12,980","13,291","13,172","14,090","14,680","14,881","14,772","14,930","14,751","15,132","13,890","14,221","14,092","14,940",7,"12,367",21,"1,213",439,43,482
-8589297.892,4720487.4636,5533,S2000150128,15,Montgomery,0,None,Ramp 7 Fr Md 190 To Ramp 11 (to Is495),RP,495,  ,0.05,0,0.16,Exit 39 Ramp 7 Fr Md 190 Wb To Ramp 11 (to Is 495 Sb),Exit 39 Ramp 07 River Rd To Ramp 11 Fr Is 495 Sb To Is 495x Sb,Urban,1,Interstate,15000RP00495  02WWIS39        07,15000RP00495--103907,2,South,1,F,0,8.09,100,0,100,0.4439,https://maps.roads.maryland.gov/itms_public/?stationid=S2000150128,7164,7175,6810,6871,6862,7033,7184,7365,7550,7601,7594,7615,7220,7281,7212,7393,7544,7665,7850,7911,,,,,,,NO ERROR,,,,,,,,,,,1,8.09,100,0,100,"7,164","7,175","6,810","6,871","6,862","7,033","7,184","7,365","7,550","7,601","7,594","7,615","7,220","7,281","7,212","7,393","7,544","7,665","7,850","7,911",N/A,N/A,N/A,N/A,N/A,N/A,N/A
-8600373.749,4748869.2141,5539,B150010,15,Montgomery,0,None,Eisenhower Memorial Hwy,IS,270,  ,15.14,14.74,15.78,Is270-.40 Mi N Of Md118,Md 118 To Father Hurley Blvd,Urban,1,Interstate,15000IS00270  01NN**************,15000IS00270--1-----,1,North,6,F,1,6.68,64.35,52.64,47.36,47.01,https://maps.roads.maryland.gov/itms_public/?stationid=B150010,120191,120312,114690,115721,115612,115340,117761,120592,122980,123841,127401,127532,121570,122661,121392,121110,123651,125422,127900,128801,289,87992,22952,1379,6731,4498,NO ERROR,11229,,,0.00233364,0.71052398,0.18533442,0.01113525,0.05435195,0.03632077,0.09067272,6,6.68,64.35,52.64,47.36,"120,191","120,312","114,690","115,721","115,612","115,340","117,761","120,592","122,980","123,841","127,401","127,532","121,570","122,661","121,392","121,110","123,651","125,422","127,900","128,801",289,"87,992","1,379","22,952","6,731","4,498","11,229"
-8569138.79,4724536.2267,5549,S2000150199,15,Montgomery,0,None,Ramp 7 Fr Is 495 Wb To Md 650 Sb,RP,495,  ,0.05,0,0.12,Exit 28 Ramp 7 Fr Is 495 Wb To Md 650 Sb,Exit 28 Ramp 07 Capital Beltway To New Hampshire Ave,Urban,1,Interstate,15000RP00495  02WWIS28        07,15000RP00495--102807,2,South,1,F,0,7.09,100,0,100,0.5108,https://maps.roads.maryland.gov/itms_public/?stationid=S2000150199,10954,10550,10601,10702,10693,10954,11185,11650,11581,11662,11614,11180,11241,11342,11233,11504,11745,12120,12041,12132,,,,,,,NO ERROR,,,,,,,,,,,1,7.09,100,0,100,"10,954","10,550","10,601","10,702","10,693","10,954","11,185","11,650","11,581","11,662","11,614","11,180","11,241","11,342","11,233","11,504","11,745","12,120","12,041","12,132",N/A,N/A,N/A,N/A,N/A,N/A,N/A
-8591891.1226,4736099.2763,5566,S2012150970,15,Montgomery,130,Rockville,Research Blvd,MU,2540,  ,0.74,0.7,1.29,Research Blvd - .10 Mi North Of W Gude Dr,W Gude Dr To Research Blvd (ahead),Urban,5,Major Collector,15130MU02540  01NN**************,15130MU02540--1-----,1,South,4,F,0,11.49,55.44,49.67,50.33,2.0094,https://maps.roads.maryland.gov/itms_public/?stationid=S2012150970,,,9220,9241,9212,9453,9634,9875,9330,9331,,,9960,9981,9862,10123,10314,10475,9890,10261,,,,,,,NO ERROR,,,,,,,,,,,4,11.49,55.44,49.67,50.33,N/A,N/A,"9,220","9,241","9,212","9,453","9,634","9,875","9,330","9,331",N/A,N/A,"9,960","9,981","9,862","10,123","10,314","10,475","9,890","10,261",N/A,N/A,N/A,N/A,N/A,N/A,N/A
-8579605.1622,4719737.8168,5579,B2801,15,Montgomery,0,None,Brookville Rd,MD,186,  ,1.32,0.6,1.52,Md186-100ft South Of Leland St,Bradley La To Md 410,Urban,5,Major Collector,15000MD00186  01NN**************,15000MD00186--1-----,1,South,2,F,0,11.02,85.2,50.39,49.61,2.3882,https://maps.roads.maryland.gov/itms_public/?stationid=B2801,6962,6930,6881,6902,6883,7064,7205,7170,7111,7112,7452,7480,7431,7452,7373,7564,7725,7600,7541,7822,,,,,,,NO ERROR,,,,,,,,,,,2,11.02,85.2,50.39,49.61,"6,962","6,930","6,881","6,902","6,883","7,064","7,205","7,170","7,111","7,112","7,452","7,480","7,431","7,452","7,373","7,564","7,725","7,600","7,541","7,822",N/A,N/A,N/A,N/A,N/A,N/A,N/A
-8576117.8113,4723493.6363,5588,S2000150170,15,Montgomery,0,None,Ramp 4 Fr Md 97 Nb To Is 495 Eb,RP,495,  ,0.05,0,0.12,Exit 31 Ramp 4 Fr Md 97 Nb To Is 495 Eb ,Exit 31 Ramp 04 Georgia Ave To Capital Beltway,Urban,1,Interstate,15000RP00495  02NNIS31        04,15000RP00495--103104,2,North,1,F,0,8.23,100,100,0,0.3185,https://maps.roads.maryland.gov/itms_public/?stationid=S2000150170,6302,6530,6561,6622,6623,6784,6935,7260,7221,7272,6682,6920,6961,7022,6953,7124,7285,7550,7511,7562,,,,,,,NO ERROR,,,,,,,,,,,1,8.23,100,100,0,"6,302","6,530","6,561","6,622","6,623","6,784","6,935","7,260","7,221","7,272","6,682","6,920","6,961","7,022","6,953","7,124","7,285","7,550","7,511","7,562",N/A,N/A,N/A,N/A,N/A,N/A,N/A
-8571680.9983,4726516.7915,5589,S2012150661,15,Montgomery,0,None,Lockwood Dr,CO,109,  ,0.1,0,0.33,Lockwood Dr - .10 Mile North Of Us 29,Us 29 To Burnt Mills Rd,Urban,4,Minor Arterial,15000CO00109  01NN**************,15000CO00109--1-----,1,North,2,F,0,10.47,53.35,49.06,50.94,1.5756,https://maps.roads.maryland.gov/itms_public/?stationid=S2012150661,,,11830,11851,11822,12133,12364,12665,13080,13081,,,12780,12801,12652,12983,13234,13555,14000,13871,,,,,,,NO ERROR,,,,,,,,,,,2,10.47,53.35,49.06,50.94,N/A,N/A,"11,830","11,851","11,822","12,133","12,364","12,665","13,080","13,081",N/A,N/A,"12,780","12,801","12,652","12,983","13,234","13,555","14,000","13,871",N/A,N/A,N/A,N/A,N/A,N/A,N/A
-8568827.4304,4724230.5184,5604,S2000150195,15,Montgomery,0,None,Ramp 3 Fr Is 495 Eb To Md 650 Nb,RP,495,  ,0.1,0,0.23,Exit 28 Ramp 3 Fr Is 495 Eb To Md 650 Nb,Exit 28 Ramp 03 Capital Beltway To New Hampshire Ave,Urban,1,Interstate,15000RP00495  02EEIS28        03,15000RP00495--102803,2,North,1,F,0,12.37,100,100,0,0.4644,https://maps.roads.maryland.gov/itms_public/?stationid=S2000150195,4374,5060,5091,5142,5143,5274,5395,5520,5491,5532,4644,5360,5401,5452,5403,5544,5675,5740,5711,5752,,,,,,,NO ERROR,,,,,,,,,,,1,12.37,100,100,0,"4,374","5,060","5,091","5,142","5,143","5,274","5,395","5,520","5,491","5,532","4,644","5,360","5,401","5,452","5,403","5,544","5,675","5,740","5,711","5,752",N/A,N/A,N/A,N/A,N/A,N/A,N/A
-8576651.1652,4725304.3144,5606,S2012150769,15,Montgomery,0,None,Dennis Ave,CO,793,  ,1.9,0,2.6,Dennis Ave - Between Md 97 & Amherst Ave,Lockridge Dr To Leslie St,Urban,5,Major Collector,15000CO00793  01WW**************,15000CO00793--1-----,1,West,2,F,0,9.06,63.86,47.02,52.98,8.3901,https://maps.roads.maryland.gov/itms_public/?stationid=S2012150769,,,8450,8471,8452,8673,8844,9065,8840,8841,,,9130,9151,9042,9283,9464,9615,9370,9731,,,,,,,NO ERROR,,,,,,,,,,,2,9.06,63.86,47.02,52.98,N/A,N/A,"8,450","8,471","8,452","8,673","8,844","9,065","8,840","8,841",N/A,N/A,"9,130","9,151","9,042","9,283","9,464","9,615","9,370","9,731",N/A,N/A,N/A,N/A,N/A,N/A,N/A
-8582678.7676,4722517.5133,5613,S2009150066,15,Montgomery,0,None,W Cedar La,CO,7805,  ,0.61,0.56,0.71,W Cedar La - .10 Mile West Of Md 355,Cedarcrest Dr To Md 355,Urban,4,Minor Arterial,15000CO07805  01EE**************,15000CO07805--1-----,1,East,4,F,0,10.06,71.63,56.03,43.97,0.639,https://maps.roads.maryland.gov/itms_public/?stationid=S2009150066,,,10020,10041,10012,10273,10474,10735,11670,11671,,,10820,10841,10712,10993,11214,11495,12490,12371,14,10188,1013,149,272,35,NO ERROR,307,,,0.00119955,0.87293291,0.08679633,0.01276669,0.02330563,0.00299889,0.02630452,4,10.06,71.63,56.03,43.97,N/A,N/A,"10,020","10,041","10,012","10,273","10,474","10,735","11,670","11,671",N/A,N/A,"10,820","10,841","10,712","10,993","11,214","11,495","12,490","12,371",14,"10,188",149,"1,013",272,35,307
-8590787.6596,4719011.2761,5630,P0040,15,Montgomery,0,None,Capital Beltway,IS,495,  ,1.12,0.52,2.37,Is 495 - 50ft East Of Persimmon Tree Rd Overpass (atr#40),Clara Barton Pkwy To Md 190,Urban,1,Interstate,15000IS00495  01EE**************,15000IS00495--1-----,1,West,9,F,1,7.18,50.3,49.16,50.84,156.1765,https://maps.roads.maryland.gov/itms_public/?stationid=P0040,,214484,214744,220751,220874,225555,227042,231375,228463,231287,,221981,222002,227497,226457,231715,232570,236103,232682,235895,,,,,,,NO ERROR,,,,,,,,,,,9,7.18,50.3,49.16,50.84,N/A,"214,484","214,744","220,751","220,874","225,555","227,042","231,375","228,463","231,287",N/A,"221,981","222,002","227,497","226,457","231,715","232,570","236,103","232,682","235,895",N/A,N/A,N/A,N/A,N/A,N/A,N/A
-8574740.897,4727606.6966,5637,S2017150256,15,Montgomery,0,None,Lamberton Dr,CO,2450,  ,0.05,0,1.13,Lamberton Dr - .05 Mile East Of Arcola Ave,Arcola Ave To Road End,Urban,6,Minor Collector,15000CO02450  01EE**************,15000CO02450--1-----,1,West,3,F,0,9.53,75.36,45.2,54.8,2.2198,https://maps.roads.maryland.gov/itms_public/?stationid=S2017150256,,,,,,,,5430,5381,5382,,,,,,,,5760,5701,5922,,,,,,,NO ERROR,,,,,,,,,,,3,9.53,75.36,45.2,54.8,N/A,N/A,N/A,N/A,N/A,N/A,N/A,"5,430","5,381","5,382",N/A,N/A,N/A,N/A,N/A,N/A,N/A,"5,760","5,701","5,922",N/A,N/A,N/A,N/A,N/A,N/A,N/A
-8600041.7075,4748414.9951,5660,S2009150023,15,Montgomery,0,None,Ramp 1 Fr Is 270 Nb To Md 118 Wb,RP,270,  ,0.1,0,0.26,Exit 15 Ramp 1 Fr Is 270 Nb To Md 118 Wb ,Exit 15 Ramp 01 Eisenhower Memorial Hwy To Germantown Rd,Urban,1,Interstate,15000RP00270  02NNIS15        01,15000RP00270--101501,2,West,1,F,0,7.51,100,0,100,0.8827,https://maps.roads.maryland.gov/itms_public/?stationid=S2009150023,5601,5612,5643,5694,5695,8240,8411,8612,9230,9301,5941,5952,5983,6044,5985,8650,8831,8962,9600,9671,,,,,,,NO ERROR,,,,,,,,,,,1,7.51,100,0,100,"5,601","5,612","5,643","5,694","5,695","8,240","8,411","8,612","9,230","9,301","5,941","5,952","5,983","6,044","5,985","8,650","8,831","8,962","9,600","9,671",N/A,N/A,N/A,N/A,N/A,N/A,N/A
-8580349.4068,4722290.0594,5661,S2000150161,15,Montgomery,0,None,Ramp 5 Fr Md 185 Sb To Is 495 Eb,RP,495,  ,0.07,0,0.17,Exit 33 Ramp 5 Fr Md 185 Sb To Is 495 Eb,Exit 33 Ramp 05 Connecticut Ave To Capital Beltway,Urban,1,Interstate,15000RP00495  02SSIS33        05,15000RP00495--103305,2,South,1,F,0,10.26,100,0,100,0.195,https://maps.roads.maryland.gov/itms_public/?stationid=S2000150161,3303,3020,3041,3072,3073,3154,3070,3141,3122,3143,3503,3200,3221,3262,3233,3314,3220,3271,3252,3273,,,,,,,NO ERROR,,,,,,,,,,,1,10.26,100,0,100,"3,303","3,020","3,041","3,072","3,073","3,154","3,070","3,141","3,122","3,143","3,503","3,200","3,221","3,262","3,233","3,314","3,220","3,271","3,252","3,273",N/A,N/A,N/A,N/A,N/A,N/A,N/A
-8564137.8292,4738017.9526,5669,B150111,15,Montgomery,0,None,Columbia Pike,US,29,A ,0.2,0,0.92,Us29a-.20 Mi N Of Md198,Md 198 To Md 929f,Urban,4,Minor Arterial,15000US00029A 01NN**************,15000US00029A-1-----,1,South,4,F,0,9.3,71.22,22.5,77.5,3.7176,https://maps.roads.maryland.gov/itms_public/?stationid=B150111,13301,13352,11180,11201,11172,11463,11684,11965,11070,11071,14231,14422,12070,12101,11952,12273,12504,12805,11850,11741,38,9216,1320,61,339,97,NO ERROR,436,,,0.00343239,0.83244513,0.11923042,0.00550989,0.03062054,0.00876163,0.03938217,4,9.3,71.22,22.5,77.5,"13,301","13,352","11,180","11,201","11,172","11,463","11,684","11,965","11,070","11,071","14,231","14,422","12,070","12,101","11,952","12,273","12,504","12,805","11,850","11,741",38,"9,216",61,"1,320",339,97,436
-8571592.0868,4734287.7833,5671,S2012151278,15,Montgomery,0,None,Ramp 3 Fr Md 200 Eb To Md 650 Nb,RP,200,  ,0.26,0,0.291,Exit 13 Ramp 3 Fr Md 200 Eb To Md 650 Nb,Exit 13 Ramp 03 Md 200 Eb To Md 650 Nb,Urban,2,Principal Arterial Other Freeways and Expressways,15000RP00200  02EEMD13        03,15000RP00200--101303,2,North,2,F,0,11.49,100,100,0,0.0756,https://maps.roads.maryland.gov/itms_public/?stationid=S2012151278,,,350,351,352,363,374,720,711,712,,,380,381,382,393,404,770,761,762,,,,,,,NO ERROR,,,,,,,,,,,2,11.49,100,100,0,N/A,N/A,350,351,352,363,374,720,711,712,N/A,N/A,380,381,382,393,404,770,761,762,N/A,N/A,N/A,N/A,N/A,N/A,N/A
-8589863.1275,4732412.6418,5676,S2005150085,15,Montgomery,0,None,Ramp 2 Fr Md 189 Wb To Ramp 3 (to Is270),RP,270,  ,0.03,0,0.07,Exit 5 Ramp 2 Fr Md 189 Wb To Ramp 3 (to Is 270 Nb),Exit 5  Ramp 02 Falls Rd To Ramp 3 Fr Md 189 Eb To Is 270 Nb,Urban,1,Interstate,15000RP00270  02WWIS5         02,15000RP00270--100502,2,West,1,F,0,9.44,100,0,100,0.0844,https://maps.roads.maryland.gov/itms_public/?stationid=S2005150085,3305,3340,3361,3392,3393,3474,3555,3300,3281,3302,3505,3540,3561,3602,3563,3654,3735,3430,3411,3432,,,,,,,NO ERROR,,,,,,,,,,,1,9.44,100,0,100,"3,305","3,340","3,361","3,392","3,393","3,474","3,555","3,300","3,281","3,302","3,505","3,540","3,561","3,602","3,563","3,654","3,735","3,430","3,411","3,432",N/A,N/A,N/A,N/A,N/A,N/A,N/A
-8586870.7832,4733383.9434,5677,B2714,15,Montgomery,0,None,First St,MD,28,  ,23.3,23.15,23.5,Md28-.15 Mi E Of Md586,Md 586 To Baltimore Rd,Urban,3,Principal Arterial Other,15000MD00028  01EE**************,15000MD00028--1-----,1,East,4,F,2,7.33,59.95,49.96,50.04,4.1712,https://maps.roads.maryland.gov/itms_public/?stationid=B2714,28181,28292,30890,30951,30862,31180,31771,32532,32650,32651,30151,30562,33360,33431,33022,33360,34001,34812,34940,34611,15,26687,3959,182,1458,350,NO ERROR,1808,,,0.0004594,0.81734097,0.12125203,0.0055741,0.04465407,0.01071943,0.0553735,4,7.33,59.95,49.96,50.04,"28,181","28,292","30,890","30,951","30,862","31,180","31,771","32,532","32,650","32,651","30,151","30,562","33,360","33,431","33,022","33,360","34,001","34,812","34,940","34,611",15,"26,687",182,"3,959","1,458",350,1808
-8572683.1208,4720584.5545,5686,B2857,15,Montgomery,0,None,Piney Branch Rd,MD,320,  ,1.1,1,1.63,Md320-.10 Mi N Of Sligo Ave,Sligo Ave To Md 787,Urban,4,Minor Arterial,15000MD00320  01NN**************,15000MD00320--1-----,1,North,3,F,1,8.66,63.16,50.5,49.5,4.4088,https://maps.roads.maryland.gov/itms_public/?stationid=B2857,18360,18431,18282,18323,18274,18755,18890,19341,19172,19173,19650,19911,19752,19793,19554,20075,20210,20701,20512,20323,,,,,,,NO ERROR,,,,,,,,,,,3,8.66,63.16,50.5,49.5,"18,360","18,431","18,282","18,323","18,274","18,755","18,890","19,341","19,172","19,173","19,650","19,911","19,752","19,793","19,554","20,075","20,210","20,701","20,512","20,323",N/A,N/A,N/A,N/A,N/A,N/A,N/A
-8571963.0334,4721222.3527,5688,B2922,15,Montgomery,143,Takoma Park,Flower Ave,MU,460,  ,1.29,0.88,1.39,Flower Ave-.10 Mi S Of Md320,Houston Ave To Md 320,Urban,5,Major Collector,15143MU00460  01NN**************,15143MU00460--1-----,1,South,2,F,0,8.71,54.68,51.1,48.9,1.5138,https://maps.roads.maryland.gov/itms_public/?stationid=B2922,8782,7440,7381,7402,7383,7584,7735,8200,8131,8132,9402,8040,7971,7992,7903,8124,8295,8690,8621,8952,,,,,,,NO ERROR,,,,,,,,,,,2,8.71,54.68,51.1,48.9,"8,782","7,440","7,381","7,402","7,383","7,584","7,735","8,200","8,131","8,132","9,402","8,040","7,971","7,992","7,903","8,124","8,295","8,690","8,621","8,952",N/A,N/A,N/A,N/A,N/A,N/A,N/A
-8591231.1613,4739394.9814,5695,B150063,15,Montgomery,0,None,Shady Grove Rd,CO,212,  ,4.05,3.95,4.97,Shady Grove Rd-.10 Mi N Of Md355,Md 355 To Md 200-a,Urban,3,Principal Arterial Other,15000CO00212  01NN**************,15000CO00212--1-----,1,North,6,F,0,7.3,57.4,48.4,51.6,10.5625,https://maps.roads.maryland.gov/itms_public/?stationid=B150063,34871,35012,35030,35101,35002,32940,33571,34382,28370,28371,37311,37812,37830,37911,37452,35250,35921,36792,30360,30071,,,,,,,NO ERROR,,,,,,,,,,,6,7.3,57.4,48.4,51.6,"34,871","35,012","35,030","35,101","35,002","32,940","33,571","34,382","28,370","28,371","37,311","37,812","37,830","37,911","37,452","35,250","35,921","36,792","30,360","30,071",N/A,N/A,N/A,N/A,N/A,N/A,N/A
-8587379.1621,4725581.771,5701,S2010150047,15,Montgomery,0,None,Ramp 5 Fr Is 270y Sb To Westlake Terr,RP,270,Y ,0.2,0,0.26,Exit 2 Ramp 5 Fr Is 270y Sb To Westlake Terr,Exit 2  Ramp 05 No Name To Westlake Terr,Urban,1,Interstate,15000RP00270Y 02SSIS2         05,15000RP00270Y-100205,2,South,1,F,0,15.06,100,0,100,0.2507,https://maps.roads.maryland.gov/itms_public/?stationid=S2010150047,2260,2261,2272,2293,2294,2340,2391,2640,2621,2642,2400,2401,2412,2433,2414,2460,2511,2750,2731,2752,,,,,,,NO ERROR,,,,,,,,,,,1,15.06,100,0,100,"2,260","2,261","2,272","2,293","2,294","2,340","2,391","2,640","2,621","2,642","2,400","2,401","2,412","2,433","2,414","2,460","2,511","2,750","2,731","2,752",N/A,N/A,N/A,N/A,N/A,N/A,N/A
-8585639.2459,4725972.0038,5707,S2005150063,15,Montgomery,0,None,Ramp 5 Fr Md 187 Sb To Ramp 4 (to Is270),RP,270,  ,0.02,0,0.036,Exit 1a Ramp 5 Fr Md 187 Sb To Ramp 4 (to Is 270 Eb),Exit 1a Ramp 05 Old Georgetown Rd To Ramp 4 Fr Md 187 Nb To Is 270 Eb,Urban,1,Interstate,15000RP00270  02EEIS1A        05,15000RP00270--101A05,2,East,2,F,0,8.93,100,100,0,0.0304,https://maps.roads.maryland.gov/itms_public/?stationid=S2005150063,,2100,2111,2132,2133,2184,2235,2300,2291,2312,,2230,2241,2262,2243,2294,2355,2390,2381,2402,,,,,,,NO ERROR,,,,,,,,,,,2,8.93,100,100,0,N/A,"2,100","2,111","2,132","2,133","2,184","2,235","2,300","2,291","2,312",N/A,"2,230","2,241","2,262","2,243","2,294","2,355","2,390","2,381","2,402",N/A,N/A,N/A,N/A,N/A,N/A,N/A
-8584113.556,4728805.3274,5721,S2012150907,15,Montgomery,0,None,Old Georgetown Rd,CO,7220,  ,0.38,0.28,0.58,Old Georgetown Rd - .10 Mi East Of Md 355,Md 355 To Nebel St,Urban,5,Major Collector,15000CO07220  01EE**************,15000CO07220--1-----,1,East,3,F,0,8,57.8,48.04,51.96,1.0108,https://maps.roads.maryland.gov/itms_public/?stationid=S2012150907,,,8660,8681,8662,8893,9064,9285,9230,9231,,,9350,9381,9272,9523,9704,9845,9780,10151,,,,,,,NO ERROR,,,,,,,,,,,3,8,57.8,48.04,51.96,N/A,N/A,"8,660","8,681","8,662","8,893","9,064","9,285","9,230","9,231",N/A,N/A,"9,350","9,381","9,272","9,523","9,704","9,845","9,780","10,151",N/A,N/A,N/A,N/A,N/A,N/A,N/A
-8569854.4445,4726208.7474,5743,B2913,15,Montgomery,0,None,New Hampshire Ave,MD,650,  ,4.23,3.46,4.89,Md650-1.0 Mi N Of Is495,Powder Mill Rd To Lockwood Dr,Urban,3,Principal Arterial Other,15000MD00650  01NN**************,15000MD00650--1-----,1,South,7,F,2,7.79,51.75,48.86,51.14,29.8091,https://maps.roads.maryland.gov/itms_public/?stationid=B2913,47971,48162,51630,51731,51582,60530,61681,63162,57110,57111,51331,52022,55760,55871,55192,64770,66001,67582,61110,60541,108,49654,5706,287,1149,207,NO ERROR,1356,,,0.00189105,0.86942971,0.0999107,0.0050253,0.02011872,0.00362452,0.02374324,7,7.79,51.75,48.86,51.14,"47,971","48,162","51,630","51,731","51,582","60,530","61,681","63,162","57,110","57,111","51,331","52,022","55,760","55,871","55,192","64,770","66,001","67,582","61,110","60,541",108,"49,654",287,"5,706","1,149",207,1356
-8603685.9124,4754482.8635,5744,B2772,15,Montgomery,0,None,Clarksburg Rd,MD,121,  ,3.53,2.26,3.83,Md121-.30 Mi S Of Is270,West Old Baltimore Rd To Is 270,Urban,5,Major Collector,15000MD00121  01NN**************,15000MD00121--1-----,1,North,2,F,0,8.86,57.9,51.92,48.08,7.0095,https://maps.roads.maryland.gov/itms_public/?stationid=B2772,3232,3040,3051,3042,3043,3124,3195,12150,12081,12232,3392,3280,3231,3262,3233,3314,3435,12880,12811,12972,64,9460,1668,22,765,253,NO ERROR,1018,,,0.00523218,0.77338129,0.13636364,0.00179856,0.06254088,0.02068345,0.08322433,2,8.86,57.9,51.92,48.08,"3,232","3,040","3,051","3,042","3,043","3,124","3,195","12,150","12,081","12,232","3,392","3,280","3,231","3,262","3,233","3,314","3,435","12,880","12,811","12,972",64,"9,460",22,"1,668",765,253,1018
-8588719.2973,4739406.405,5757,S2012150677,15,Montgomery,0,None,Needwood Rd,CO,138,  ,0.96,0,3.05,Needwood Rd - .10 Mile East Of Redland Rd,Redland Rd To Muncaster Mill Rd,Urban,5,Major Collector,15000CO00138  01EE**************,15000CO00138--1-----,1,East,2,F,0,10.86,65.67,50.13,49.87,7.3486,https://maps.roads.maryland.gov/itms_public/?stationid=S2012150677,,,6350,6361,6342,6513,6644,6805,6600,6601,,,6860,6871,6792,6973,7114,7215,7000,7261,,,,,,,NO ERROR,,,,,,,,,,,2,10.86,65.67,50.13,49.87,N/A,N/A,"6,350","6,361","6,342","6,513","6,644","6,805","6,600","6,601",N/A,N/A,"6,860","6,871","6,792","6,973","7,114","7,215","7,000","7,261",N/A,N/A,N/A,N/A,N/A,N/A,N/A
-8585927.2149,4725072.7052,5761,B2931,15,Montgomery,0,None,Democracy Blvd,CO,166,  ,0.2,0,0.98,Democracy Bvd-.20 Mi W Of Md187,Md 187 To Is 270y,Urban,3,Principal Arterial Other,15000CO00166  01WW**************,15000CO00166--1-----,1,East,6,F,0,8.54,52,53.7,46.3,9.1578,https://maps.roads.maryland.gov/itms_public/?stationid=B2931,31882,29830,29591,29652,28240,28971,29522,25830,25601,25602,34112,32220,31961,32022,30220,31001,31592,27640,27391,27142,24,22839,1986,187,516,50,NO ERROR,566,,,0.00093743,0.89207874,0.07757206,0.00730412,0.02015468,0.00195297,0.02210765,6,8.54,52,53.7,46.3,"31,882","29,830","29,591","29,652","28,240","28,971","29,522","25,830","25,601","25,602","34,112","32,220","31,961","32,022","30,220","31,001","31,592","27,640","27,391","27,142",24,"22,839",187,"1,986",516,50,566
-8602189.4444,4744679.6707,5774,B150009,15,Montgomery,0,None,Great Seneca Hwy,MD,119,  ,6.14,6.04,7.47,Md119-.10 Mi N Of Md117,Md 117 To Middlebrook Rd,Urban,3,Principal Arterial Other,15000MD00119  01NN**************,15000MD00119--1-----,1,North,4,F,0,9.47,56.02,50.22,49.78,7.8877,https://maps.roads.maryland.gov/itms_public/?stationid=B150009,16362,14610,14491,14522,14310,14681,14962,15250,15111,15112,17512,15780,15651,15682,15310,15711,16012,16320,16171,16022,19,13521,1174,41,307,50,NO ERROR,357,,,0.00125728,0.89471943,0.07768661,0.00271308,0.02031498,0.00330863,0.02362361,4,9.47,56.02,50.22,49.78,"16,362","14,610","14,491","14,522","14,310","14,681","14,962","15,250","15,111","15,112","17,512","15,780","15,651","15,682","15,310","15,711","16,012","16,320","16,171","16,022",19,"13,521",41,"1,174",307,50,357
-8589814.1837,4732317.419,5792,S2005150087,15,Montgomery,0,None,Ramp 4 Fr Is 270 Nb To Md 189 Eb,RP,270,  ,0.12,0.08,0.17,Exit 5 Ramp 4 Fr Is 270 Nb To Md 189 Eb,Exit 5  Ramp 04 Ramp 1 Fr Ramp 4 (fr Is270) To Md 189 Wb To Falls Rd,Urban,1,Interstate,15000RP00270  02NNIS5         04,15000RP00270--100504,2,East,1,F,0,9.29,100,100,0,0.2343,https://maps.roads.maryland.gov/itms_public/?stationid=S2005150087,5605,6340,6371,6432,6433,6594,6735,7100,7080,7131,5905,6720,6751,6822,6763,6924,7075,7380,7360,7421,,,,,,,NO ERROR,,,,,,,,,,,1,9.29,100,100,0,"5,605","6,340","6,371","6,432","6,433","6,594","6,735","7,100","7,080","7,131","5,905","6,720","6,751","6,822","6,763","6,924","7,075","7,380","7,360","7,421",N/A,N/A,N/A,N/A,N/A,N/A,N/A
-8589546.8863,4740424.8036,5794,S2012151322,15,Montgomery,0,None,Ramp 2 Fr Shady Grove Rd Eb To Ramp 3,RP,200,A ,0.01,0,0.02,Exit 1 Ramp 2 Fr Shady Grove Rd Eb To Ramp 3 (to Md 200a Nb),Exit 1  Ramp 02 Shady Grove Rd Eb To Ramp 3 (to Md 200a Nb),Urban,3,Principal Arterial Other,15000RP00200A 02EEMD1         02,15000RP00200A-100102,2,North,1,F,0,9.72,100,100,0,0.0135,https://maps.roads.maryland.gov/itms_public/?stationid=S2012151322,,,1710,1711,1712,1763,1804,1855,1850,1851,,,1850,1851,1832,1893,1934,1995,1980,1961,,,,,,,NO ERROR,,,,,,,,,,,1,9.72,100,100,0,N/A,N/A,"1,710","1,711","1,712","1,763","1,804","1,855","1,850","1,851",N/A,N/A,"1,850","1,851","1,832","1,893","1,934","1,995","1,980","1,961",N/A,N/A,N/A,N/A,N/A,N/A,N/A
-8596416.0476,4731966.7285,5806,B150017,15,Montgomery,0,None,Boswell La,CO,194,  ,0.1,0,0.72,Boswell La-.10 Mi E Of Piney-meetinghouse Rd,Piney Meetinghouse Rd To Glen Mill Rd,Urban,5,Major Collector,15000CO00194  01EE**************,15000CO00194--1-----,1,East,2,F,0,14.6,86.38,54.51,45.49,0.497,https://maps.roads.maryland.gov/itms_public/?stationid=B150017,1621,1632,1550,1551,1552,1890,1931,1982,1890,1891,1731,1762,1670,1681,1662,2020,2071,2102,2000,2081,25,1669,144,0,47,6,NO ERROR,53,,,0.01322052,0.8826018,0.07615019,0,0.02485457,0.00317292,0.0280275,2,14.6,86.38,54.51,45.49,"1,621","1,632","1,550","1,551","1,552","1,890","1,931","1,982","1,890","1,891","1,731","1,762","1,670","1,681","1,662","2,020","2,071","2,102","2,000","2,081",25,"1,669",0,144,47,6,53
-8578346.5701,4731495.4934,5808,S2012150868,15,Montgomery,0,None,Hathaway Dr,CO,4349,  ,0.44,0.4,1.55,Hathaway Dr - Between Md 97 & Hathaway Terr,Md97 To Layhill Rd,Urban,5,Major Collector,15000CO04349  01NN**************,15000CO04349--1-----,1,South,2,F,0,10.74,75.08,50.36,49.64,1.075,https://maps.roads.maryland.gov/itms_public/?stationid=S2012150868,,,2290,2301,2292,2353,2404,2465,2560,2561,,,2470,2491,2452,2523,2574,2615,2710,2821,,,,,,,NO ERROR,,,,,,,,,,,2,10.74,75.08,50.36,49.64,N/A,N/A,"2,290","2,301","2,292","2,353","2,404","2,465","2,560","2,561",N/A,N/A,"2,470","2,491","2,452","2,523","2,574","2,615","2,710","2,821",N/A,N/A,N/A,N/A,N/A,N/A,N/A
-8576428.7518,4723711.231,5810,S2000150174,15,Montgomery,0,None,Ramp 8 Fr Md 97 Sb To Is 495 Wb,RP,495,  ,0.05,0,0.129,Exit 31 Ramp 8 Fr Md 97 Sb To Is 495 Wb,Exit 31 Ramp 08 Georgia Ave To Capital Beltway,Urban,1,Interstate,15000RP00495  02SSIS31        08,15000RP00495--103108,2,South,1,F,0,12.54,100,0,100,0.3589,https://maps.roads.maryland.gov/itms_public/?stationid=S2000150174,6502,6720,6751,6812,6813,6984,7135,7620,7571,7622,6892,7120,7161,7222,7153,7334,7495,7930,7871,7932,,,,,,,NO ERROR,,,,,,,,,,,1,12.54,100,0,100,"6,502","6,720","6,751","6,812","6,813","6,984","7,135","7,620","7,571","7,622","6,892","7,120","7,161","7,222","7,153","7,334","7,495","7,930","7,871","7,932",N/A,N/A,N/A,N/A,N/A,N/A,N/A
-8586422.5765,4717293.8149,5814,B2910,15,Montgomery,0,None,Goldsboro Rd,MD,614,  ,0.36,0,0.46,Md614-.10 Mi S Of Md396,Macarthur Blvd To Md396,Urban,4,Minor Arterial,15000MD00614  01NN**************,15000MD00614--1-----,1,North,2,F,0,10.23,59.16,51.16,48.84,2.0855,https://maps.roads.maryland.gov/itms_public/?stationid=B2910,11291,11380,11380,11401,11372,11673,11904,12195,12420,12421,12081,12290,12290,12311,12172,12493,12744,13055,13290,13171,20,10260,1700,46,349,46,NO ERROR,395,,,0.00161018,0.82602045,0.13686499,0.00370341,0.02809758,0.00370341,0.03180098,2,10.23,59.16,51.16,48.84,"11,291","11,380","11,380","11,401","11,372","11,673","11,904","12,195","12,420","12,421","12,081","12,290","12,290","12,311","12,172","12,493","12,744","13,055","13,290","13,171",20,"10,260",46,"1,700",349,46,395
-8590849.8303,4727680.771,5819,S2012150801,15,Montgomery,0,None,Gainsborough Rd                         ,CO,1757,  ,1.48,0,1.55,Gainsborough Rd - .10 Mile North Of Tuckerman La,Fontaine St To Tuckerman La,Urban,5,Major Collector,15000CO01757  01SS**************,15000CO01757--1-----,1,North,2,F,0,13.63,51.91,52.85,47.15,2.62,https://maps.roads.maryland.gov/itms_public/?stationid=S2012150801,,,4230,4241,4232,4343,4434,4545,4630,4631,,,4570,4581,4532,4653,4744,4825,4910,5091,,,,,,,NO ERROR,,,,,,,,,,,2,13.63,51.91,52.85,47.15,N/A,N/A,"4,230","4,241","4,232","4,343","4,434","4,545","4,630","4,631",N/A,N/A,"4,570","4,581","4,532","4,653","4,744","4,825","4,910","5,091",N/A,N/A,N/A,N/A,N/A,N/A,N/A
-8580016.6045,4733803.6029,5820,S2012150855,15,Montgomery,0,None,Connecticut Ave,CO,4092,  ,0.13,0,0.88,Connecticut Ave - .10 Mi North Of Md 97,Georgia Ave To Road End,Urban,4,Minor Arterial,15000CO04092  01NN**************,15000CO04092--1-----,1,North,4,F,0,7.48,59.73,50.92,49.08,6.6331,https://maps.roads.maryland.gov/itms_public/?stationid=S2012150855,,,19730,19771,19712,20233,20624,21125,20650,20651,,,21310,21351,21092,21653,22074,22605,22100,21891,,,,,,,NO ERROR,,,,,,,,,,,4,7.48,59.73,50.92,49.08,N/A,N/A,"19,730","19,771","19,712","20,233","20,624","21,125","20,650","20,651",N/A,N/A,"21,310","21,351","21,092","21,653","22,074","22,605","22,100","21,891",N/A,N/A,N/A,N/A,N/A,N/A,N/A
-8594493.5313,4744494.8276,5827,S2017150262,15,Montgomery,0,None,Christopher Ave,CO,4863,  ,0.66,0.52,0.76,Christopher Ave - .10 Mile North Of Md 124,Christopher Ave (back) To Md 124,Urban,6,Minor Collector,15000CO04863  01NN**************,15000CO04863--1-----,1,North,4,F,0,9.3,53.78,50.58,49.42,1.0645,https://maps.roads.maryland.gov/itms_public/?stationid=S2017150262,,,,,,,,12260,12151,12152,,,,,,,,13000,12881,13372,,,,,,,NO ERROR,,,,,,,,,,,4,9.3,53.78,50.58,49.42,N/A,N/A,N/A,N/A,N/A,N/A,N/A,"12,260","12,151","12,152",N/A,N/A,N/A,N/A,N/A,N/A,N/A,"13,000","12,881","13,372",N/A,N/A,N/A,N/A,N/A,N/A,N/A
-8566629.7965,4732854.4255,5829,S2012151294,15,Montgomery,0,None,Ramp 5 Fr Us 29 Sb To Md 200 Eb,RP,200,  ,0.37,0,0.47,Exit 16 Ramp 5 Fr Us 29 Sb To Md 200 Eb,Exit 16 Ramp 05 Us 29 Sb To Md 200 Eb,Urban,2,Principal Arterial Other Freeways and Expressways,15000RP00200  02SSMD16        05,15000RP00200--101605,2,East,1,F,0,8.85,100,100,0,0.0638,https://maps.roads.maryland.gov/itms_public/?stationid=S2012151294,,,220,221,320,331,342,370,371,372,,,240,241,340,351,372,400,401,392,,,,,,,NO ERROR,,,,,,,,,,,1,8.85,100,100,0,N/A,N/A,220,221,320,331,342,370,371,372,N/A,N/A,240,241,340,351,372,400,401,392,N/A,N/A,N/A,N/A,N/A,N/A,N/A
-8582766.7602,4724188.5537,5847,S2000150148,15,Montgomery,0,None,Ramp 2 Fr Is 495 Wb To Md 355 Nb,RP,495,  ,0.1,0,0.22,Exit 34 Ramp 2 Fr Is 495 Wb To Md 355 Nb,Exit 34 Ramp 02 Capital Beltway To Rockville Pike,Urban,1,Interstate,15000RP00495  02WWIS34        02,15000RP00495--103402,2,West,1,F,0,7.48,100,0,100,1.0071,https://maps.roads.maryland.gov/itms_public/?stationid=S2000150148,13303,14490,14561,14692,14683,15044,15365,12520,12451,12542,14103,15360,15441,15572,15423,15804,16135,13020,12951,13042,,,,,,,NO ERROR,,,,,,,,,,,1,7.48,100,0,100,"13,303","14,490","14,561","14,692","14,683","15,044","15,365","12,520","12,451","12,542","14,103","15,360","15,441","15,572","15,423","15,804","16,135","13,020","12,951","13,042",N/A,N/A,N/A,N/A,N/A,N/A,N/A
-8590267.5198,4740973.8885,5861,S2012151314,15,Montgomery,0,None,Ramp 1 Fr Md 200a Nb To Is 370 Wb,RP,370,  ,0.44,0.01,0.51,Exit 3 Ramp 1 Fr Md 200a Nb To Is 370 Wb,Exit 3  Ramp 01 Ramp 4 Fr Rp 1 (fr 200a Nb) To Md 200 Eb To No Name,Urban,1,Interstate,15000RP00370  02WWIS3         01,15000RP00370--100301,2,West,2,F,0,7.75,100,0,100,3.1649,https://maps.roads.maryland.gov/itms_public/?stationid=S2012151314,,,19310,19481,19462,19933,20354,17320,17221,17342,,,20470,20651,20442,20933,21374,18010,17911,18042,,,,,,,NO ERROR,,,,,,,,,,,2,7.75,100,0,100,N/A,N/A,"19,310","19,481","19,462","19,933","20,354","17,320","17,221","17,342",N/A,N/A,"20,470","20,651","20,442","20,933","21,374","18,010","17,911","18,042",N/A,N/A,N/A,N/A,N/A,N/A,N/A
-8571012.2374,4721443.4721,5871,B2837,15,Montgomery,0,None,University Blvd E,MD,193,  ,6.25,6.15,6.58,Md193-.10 Mi E Of Md320,Md 320 To Md 195,Urban,3,Principal Arterial Other,15000MD00193  01EE**************,15000MD00193--1-----,1,East,6,F,1,7.27,55.87,52.53,47.47,6.0145,https://maps.roads.maryland.gov/itms_public/?stationid=B2837,39181,39342,37150,37221,37112,39090,39831,40792,38320,38321,41921,42492,40120,40201,39712,41830,42621,43652,41000,40621,51,32729,4140,455,803,143,NO ERROR,946,,,0.00133086,0.85407479,0.10803476,0.01187339,0.02095457,0.00373164,0.0246862,6,7.27,55.87,52.53,47.47,"39,181","39,342","37,150","37,221","37,112","39,090","39,831","40,792","38,320","38,321","41,921","42,492","40,120","40,201","39,712","41,830","42,621","43,652","41,000","40,621",51,"32,729",455,"4,140",803,143,946
-8575601.8818,4741770.3604,5874,B2789,15,Montgomery,0,None,Dr Bird Rd,MD,182,  ,6.037,5.838,6.537,Md182-.50 Mi S Of Md108,Norwood Rd To Md 108,Urban,4,Minor Arterial,15000MD00182  01NN**************,15000MD00182--1-----,1,North,2,F,0,9.32,60.92,50.72,49.28,3.802,https://maps.roads.maryland.gov/itms_public/?stationid=B2789,13412,15210,15091,15122,15083,15484,15785,15030,14901,14902,14352,16430,16301,16332,16143,16574,16905,16080,15941,15802,37,12795,1426,53,505,86,NO ERROR,591,,,0.00248289,0.85860958,0.09569185,0.00355657,0.03388807,0.00577104,0.03965911,2,9.32,60.92,50.72,49.28,"13,412","15,210","15,091","15,122","15,083","15,484","15,785","15,030","14,901","14,902","14,352","16,430","16,301","16,332","16,143","16,574","16,905","16,080","15,941","15,802",37,"12,795",53,"1,426",505,86,591
-8576663.986,4728435.3931,5886,S2012150666,15,Montgomery,0,None,Arcola Ave,CO,124,  ,0.67,0.51,1.41,Arcola Ave - Between Amherst Ave & Nairn Rd,Amherst Ave To Kemp Mill Rd,Urban,5,Major Collector,15000CO00124  01EE**************,15000CO00124--1-----,1,East,2,F,0,8.32,55.68,51.02,48.98,5.0691,https://maps.roads.maryland.gov/itms_public/?stationid=S2012150666,,,14890,14921,14882,15273,15564,15945,15430,15431,,,16080,16121,15922,16343,16654,16905,16360,16971,,,,,,,NO ERROR,,,,,,,,,,,2,8.32,55.68,51.02,48.98,N/A,N/A,"14,890","14,921","14,882","15,273","15,564","15,945","15,430","15,431",N/A,N/A,"16,080","16,121","15,922","16,343","16,654","16,905","16,360","16,971",N/A,N/A,N/A,N/A,N/A,N/A,N/A
-8594485.1567,4736307.3303,5897,B150030,15,Montgomery,0,None,Great Seneca Hwy,CO,4226,  ,0.4,0,0.5,Great Seneca Hwy-.10 Mi S Of Md28,Darnestown Rd To Md 28,Urban,4,Minor Arterial,15000CO04226  01NN**************,15000CO04226--1-----,1,South,4,F,0,10.8,73.05,49.13,50.87,2.5116,https://maps.roads.maryland.gov/itms_public/?stationid=B150030,13722,12030,11931,11962,12990,13331,13582,13880,13761,13762,14682,12990,12891,12922,13900,14261,14532,14850,14721,14592,22,12042,1123,33,457,85,NO ERROR,542,,,0.0015986,0.87501817,0.08160151,0.00239791,0.03320738,0.00617643,0.03938381,4,10.8,73.05,49.13,50.87,"13,722","12,030","11,931","11,962","12,990","13,331","13,582","13,880","13,761","13,762","14,682","12,990","12,891","12,922","13,900","14,261","14,532","14,850","14,721","14,592",22,"12,042",33,"1,123",457,85,542
-8601627.1983,4747011.9447,5898,B150048,15,Montgomery,0,None,Wisteria Dr,CO,5500,  ,1.59,0,1.61,Wisteria Dr-.05 Mi W Of Walter Johnson Rd,Waring Station Rd To Md 118,Urban,5,Major Collector,15000CO05500  01WW**************,15000CO05500--1-----,1,West,3,C,0,8.28,53.72,51.72,48.28,7.0812,https://maps.roads.maryland.gov/itms_public/?stationid=B150048,11750,11801,11712,12120,12081,12402,12100,12391,12282,12050,12570,12751,12652,13090,12931,13272,12950,13131,13022,13260,43,11050,650,12,259,36,NO ERROR,295,,,0.00356846,0.91701245,0.05394191,0.00099585,0.02149378,0.00298755,0.02448133,3,8.28,53.72,51.72,48.28,"11,750","11,801","11,712","12,120","12,081","12,402","12,100","12,391","12,282","12,050","12,570","12,751","12,652","13,090","12,931","13,272","12,950","13,131","13,022","13,260",43,"11,050",12,650,259,36,295
-8579843.0235,4725935.1208,5900,S2012150932,15,Montgomery,85,Kensington,Plyers Mill Rd,MU,300,  ,1.8,1.5,1.84,Plyers Mill Rd - Between Md 192 & Nash Pl,Plyers Mill Rd (back) To Concord St,Urban,4,Minor Arterial,15085MU00300  01NN**************,15085MU00300--1-----,1,North,3,F,0,9.83,62.75,50.78,49.22,0.8564,https://maps.roads.maryland.gov/itms_public/?stationid=S2012150932,,,6520,6531,6512,6683,6814,6985,6900,6901,,,7040,7051,6972,7153,7294,7475,7380,7321,,,,,,,NO ERROR,,,,,,,,,,,3,9.83,62.75,50.78,49.22,N/A,N/A,"6,520","6,531","6,512","6,683","6,814","6,985","6,900","6,901",N/A,N/A,"7,040","7,051","6,972","7,153","7,294","7,475","7,380","7,321",N/A,N/A,N/A,N/A,N/A,N/A,N/A
-8591994.5341,4734947.2786,5907,S2012150901,15,Montgomery,0,None,Darnestown Rd,CO,7009,  ,1.87,1.09,1.91,Darnestown Rd - Between Hi Wood Dr & Md 28,Shady Grove Rd To Md 28,Urban,4,Minor Arterial,15000CO07009  01EE**************,15000CO07009--1-----,1,West,5,F,0,7.63,60.41,50.38,49.62,5.9264,https://maps.roads.maryland.gov/itms_public/?stationid=S2012150901,,,19710,19751,19692,20203,20594,21095,19800,19801,,,21290,21331,21072,21623,22044,22575,21190,20991,,,,,,,NO ERROR,,,,,,,,,,,5,7.63,60.41,50.38,49.62,N/A,N/A,"19,710","19,751","19,692","20,203","20,594","21,095","19,800","19,801",N/A,N/A,"21,290","21,331","21,072","21,623","22,044","22,575","21,190","20,991",N/A,N/A,N/A,N/A,N/A,N/A,N/A
-8591635.6665,4722148.3397,5910,B150095,15,Montgomery,0,None,Bradley Blvd,MD,191,  ,0.1,0,1.35,Md191-.10 Mi N Of Md190,Md 190 To Seven Locks Rd,Urban,4,Minor Arterial,15000MD00191  01NN**************,15000MD00191--1-----,1,South,2,F,0,10.52,53.43,50.1,49.9,3.6764,https://maps.roads.maryland.gov/itms_public/?stationid=B150095,8581,8330,7270,7291,7272,7463,7614,7805,7460,7461,9181,9000,7850,7871,7782,7993,8154,8355,7980,7911,,,,,,,NO ERROR,,,,,,,,,,,2,10.52,53.43,50.1,49.9,"8,581","8,330","7,270","7,291","7,272","7,463","7,614","7,805","7,460","7,461","9,181","9,000","7,850","7,871","7,782","7,993","8,154","8,355","7,980","7,911",N/A,N/A,N/A,N/A,N/A,N/A,N/A
-8572032.7525,4733297.6318,5913,S2012150649,15,Montgomery,0,None,Notley Rd,CO,78,  ,0.15,0,1.31,Notley Rd - .10 Mile West Of Md 650,New Hampshire Ave To Bonifant Rd,Urban,5,Major Collector,15000CO00078  01WW**************,15000CO00078--1-----,1,East,2,F,0,8.79,58.35,49.48,50.52,2.3482,https://maps.roads.maryland.gov/itms_public/?stationid=S2012150649,,,4560,4571,4562,4683,4774,4895,4910,4911,,,4930,4941,4882,5013,5114,5195,5210,5401,,,,,,,NO ERROR,,,,,,,,,,,2,8.79,58.35,49.48,50.52,N/A,N/A,"4,560","4,571","4,562","4,683","4,774","4,895","4,910","4,911",N/A,N/A,"4,930","4,941","4,882","5,013","5,114","5,195","5,210","5,401",N/A,N/A,N/A,N/A,N/A,N/A,N/A
-8582094.335,4719309.5459,5920,S2012150744,15,Montgomery,0,None,Montgomery La,CO,367,  ,0.11,0,0.13,Montgomery La - Between Md 355 & East La,Woodmont Ave To Wisconsin Ave,Urban,5,Major Collector,15000CO00367  01EE**************,15000CO00367--1-----,1,East,2,F,0,8.95,100,100,0,0.5279,https://maps.roads.maryland.gov/itms_public/?stationid=S2012150744,,,10470,10491,10462,10733,10944,11215,11115,11125,,,11310,11331,11192,11483,11714,11895,11785,12245,,,,,,,NO ERROR,,,,,,,,,,,2,8.95,100,100,0,N/A,N/A,"10,470","10,491","10,462","10,733","10,944","11,215","11,115","11,125",N/A,N/A,"11,310","11,331","11,192","11,483","11,714","11,895","11,785","12,245",N/A,N/A,N/A,N/A,N/A,N/A,N/A
-8579942.768,4738093.7068,5923,S2012151313,15,Montgomery,0,None,Ramp 4 Fr Md 97 Nb To Md 200 Eb,RP,200,  ,0.06,0,0.452,Exit 9 Ramp 4 Fr Md 97 Nb To Md 200 Eb,Exit 8  Ramp 04 Md 97 Nb To Md 200 Eb,Urban,2,Principal Arterial Other Freeways and Expressways,15000RP00200  02NNMD8         04,15000RP00200--100804,2,East,1,F,0,9.44,100,100,0,0.2466,https://maps.roads.maryland.gov/itms_public/?stationid=S2012151313,,,1380,1381,1382,1423,1454,1495,1485,1495,,,1490,1491,1482,1523,1564,1605,1595,1595,,,,,,,NO ERROR,,,,,,,,,,,1,9.44,100,100,0,N/A,N/A,"1,380","1,381","1,382","1,423","1,454","1,495","1,485","1,495",N/A,N/A,"1,490","1,491","1,482","1,523","1,564","1,605","1,595","1,595",N/A,N/A,N/A,N/A,N/A,N/A,N/A
-8573375.9015,4719040.9566,5924,B2854,15,Montgomery,0,None,Piney Branch Rd,MD,320,  ,0.28,0,0.39,Md320-.10 Mi S Of Md410,Washington Dc/l To Md 410,Urban,4,Minor Arterial,15000MD00320  01NN**************,15000MD00320--1-----,1,North,3,F,1,8.85,61.37,49.68,50.32,1.9834,https://maps.roads.maryland.gov/itms_public/?stationid=B2854,13180,13231,13132,13163,13124,13475,13730,14061,13932,13933,14100,14291,14182,14223,14044,14425,14690,15051,14912,14773,,,,,,,NO ERROR,,,,,,,,,,,3,8.85,61.37,49.68,50.32,"13,180","13,231","13,132","13,163","13,124","13,475","13,730","14,061","13,932","13,933","14,100","14,291","14,182","14,223","14,044","14,425","14,690","15,051","14,912","14,773",N/A,N/A,N/A,N/A,N/A,N/A,N/A
-8588662.5075,4729946.7901,5931,S2001150114,15,Montgomery,0,None,Ramp 1 Fr Is 270 Nb To Md 927 Wb,RP,270,  ,0.1,0,0.26,Exit 4 Ramp 1 Fr Is 270 Nb To Md 927 Wb (montrose Rd),Exit 4  Ramp 01 Eisenhower Memorial Hwy To Montrose Rd,Urban,1,Interstate,15000RP00270  02NNIS4         01,15000RP00270--100401,2,North,1,F,0,8.54,100,100,0,0.4244,https://maps.roads.maryland.gov/itms_public/?stationid=S2001150114,3805,4160,4181,4222,4223,4570,4671,4470,4441,4472,4005,4410,4431,4482,4433,4800,4911,4650,4621,4652,,,,,,,NO ERROR,,,,,,,,,,,1,8.54,100,100,0,"3,805","4,160","4,181","4,222","4,223","4,570","4,671","4,470","4,441","4,472","4,005","4,410","4,431","4,482","4,433","4,800","4,911","4,650","4,621","4,652",N/A,N/A,N/A,N/A,N/A,N/A,N/A
-8574609.2651,4720957.2353,5944,B150056,15,Montgomery,0,None,Georgia Ave,US,29,  ,0.72,0.18,0.82,Us 29-.10 Mi S Of Md97/md384,Md 410 To Md 97/md 384,Urban,3,Principal Arterial Other,15000US00029  01NN**************,15000US00029--1-----,1,North,6,C,1,7.35,55.88,51.64,48.36,8.9118,https://maps.roads.maryland.gov/itms_public/?stationid=B150056,40510,40671,40352,37560,37451,38432,34810,35651,35332,38150,43350,43931,43582,40570,40071,41122,37250,38151,37812,40440,,,,,,,NO ERROR,,,,,,,,,,,6,7.35,55.88,51.64,48.36,"40,510","40,671","40,352","37,560","37,451","38,432","34,810","35,651","35,332","38,150","43,350","43,931","43,582","40,570","40,071","41,122","37,250","38,151","37,812","40,440",N/A,N/A,N/A,N/A,N/A,N/A,N/A
-8592572.5937,4737379.1963,5947,S2000150028,15,Montgomery,0,None,Ramp 5 Fr Is 270 Sb To Shady Grove Rd,RP,270,  ,0.23,0.22,0.25,Exit 8 Ramp 5 Fr Is 270 Sb To Shady Grove Rd Eb,Exit 8  Ramp 05 Ramp 8 Fr Ramp 5 To Shady Grove Rd To Shady Grove Rd,Urban,1,Interstate,15000RP00270  02EEIS8         05,15000RP00270--100805,2,East,2,F,0,8.88,100,100,0,0.0387,https://maps.roads.maryland.gov/itms_public/?stationid=S2000150028,3005,3240,3261,3292,3293,3370,3441,3522,3503,3534,3205,3430,3461,3492,3463,3540,3611,3662,3643,3684,,,,,,,NO ERROR,,,,,,,,,,,2,8.88,100,100,0,"3,005","3,240","3,261","3,292","3,293","3,370","3,441","3,522","3,503","3,534","3,205","3,430","3,461","3,492","3,463","3,540","3,611","3,662","3,643","3,684",N/A,N/A,N/A,N/A,N/A,N/A,N/A
-8596911.9997,4728423.1738,5956,S2012150642,15,Montgomery,0,None,Glen Rd                                 ,CO,53,  ,0.61,0,0.94,Glen Rd - Between S Glen Rd & Piney Meetinghouse Rd,Glen Mill Rd To Piney Meetinghouse Rd,Urban,5,Major Collector,15000CO00053  01WW**************,15000CO00053--1-----,1,East,2,F,0,14.06,83.39,48.88,51.12,1.3178,https://maps.roads.maryland.gov/itms_public/?stationid=S2012150642,,,3700,3711,3702,3803,3884,3985,3840,3841,,,4000,4011,3962,4073,4164,4225,4070,4231,,,,,,,NO ERROR,,,,,,,,,,,2,14.06,83.39,48.88,51.12,N/A,N/A,"3,700","3,711","3,702","3,803","3,884","3,985","3,840","3,841",N/A,N/A,"4,000","4,011","3,962","4,073","4,164","4,225","4,070","4,231",N/A,N/A,N/A,N/A,N/A,N/A,N/A
-8589912.3109,4732156.4193,5960,S2005150090,15,Montgomery,0,None,Ramp 7 Fr Md 189 Wb To Is 270 Sb,RP,270,  ,0.04,0,0.07,Exit 5 Ramp 7 Fr Md 189 Wb To Is 270 Sb,Exit 5  Ramp 07 Falls Rd To Ramp 6 Fr Md 189 Eb To Ramp 7 (to Is270),Urban,1,Interstate,15000RP00270  02SSIS5         07,15000RP00270--100507,2,South,2,F,0,6.88,100,0,100,0.1748,https://maps.roads.maryland.gov/itms_public/?stationid=S2005150090,5505,6170,6201,6262,6263,6414,6555,6830,6791,6842,5805,6540,6571,6642,6583,6744,6885,7100,7061,7122,,,,,,,NO ERROR,,,,,,,,,,,2,6.88,100,0,100,"5,505","6,170","6,201","6,262","6,263","6,414","6,555","6,830","6,791","6,842","5,805","6,540","6,571","6,642","6,583","6,744","6,885","7,100","7,061","7,122",N/A,N/A,N/A,N/A,N/A,N/A,N/A
-8593429.7262,4739249.3247,5972,S2005150074,15,Montgomery,0,None,Ramp 1 Fr Is 270 Nb To Is 370 Wb,RP,270,  ,0.3,0.17,0.62,Exit 9 Ramp 1 Fr Is 270 Nb To Is 370 Wb,Exit 9 Ramp 1 Fr Ramp 4 (to Is 370 Eb) To Ramp 8 (fr Ramp 5),Urban,1,Interstate,15000RP00270  02NNIS9         01,15000RP00270--100901,2,West,2,F,0,7.87,100,0,100,1.94,https://maps.roads.maryland.gov/itms_public/?stationid=S2005150074,12284,12940,13011,13132,13123,12270,12531,12832,11730,11811,13024,13720,13791,13922,13783,12880,13161,13352,12200,12281,,,,,,,NO ERROR,,,,,,,,,,,2,7.87,100,0,100,"12,284","12,940","13,011","13,132","13,123","12,270","12,531","12,832","11,730","11,811","13,024","13,720","13,791","13,922","13,783","12,880","13,161","13,352","12,200","12,281",N/A,N/A,N/A,N/A,N/A,N/A,N/A
-8577178.01,4730143.1619,5981,B2740,15,Montgomery,0,None,Georgia Ave,MD,97,  ,4.71,4.635,4.81,Md97-.10 Mi S Of Md182,Randolph Rd To Md 182,Urban,3,Principal Arterial Other,15000MD00097  01NN**************,15000MD00097--1-----,1,North,6,F,1,7.51,58.64,49.14,50.86,2.5749,https://maps.roads.maryland.gov/itms_public/?stationid=B2740,41081,41252,44140,44231,44102,45253,46114,47225,40310,40311,43961,44552,47670,47771,47192,48423,49344,50535,43130,42731,36,33319,4512,320,1513,611,NO ERROR,2124,,,0.00089306,0.82654858,0.11192975,0.00793828,0.03753318,0.01515715,0.05269033,6,7.51,58.64,49.14,50.86,"41,081","41,252","44,140","44,231","44,102","45,253","46,114","47,225","40,310","40,311","43,961","44,552","47,670","47,771","47,192","48,423","49,344","50,535","43,130","42,731",36,"33,319",320,"4,512","1,513",611,"2,124"
-8571595.364,4734380.4566,5987,S2012151276,15,Montgomery,0,None,Ramp 1 Fr Md 650 Nb To Md 200 Wb,RP,200,  ,0.03,0,0.334,Exit 13 Ramp 1 Fr Md 650 Nb To Md 200 Wb,Exit 13 Ramp 01 Md 650 Nb To Md 200 Wb,Urban,2,Principal Arterial Other Freeways and Expressways,15000RP00200  02WWMD13        01,15000RP00200--101301,2,West,2,F,0,11.13,100,0,100,0.3221,https://maps.roads.maryland.gov/itms_public/?stationid=S2012151276,,,440,441,442,453,464,2660,2641,2642,,,480,481,472,493,504,2850,2831,2802,,,,,,,NO ERROR,,,,,,,,,,,2,11.13,100,0,100,N/A,N/A,440,441,442,453,464,"2,660","2,641","2,642",N/A,N/A,480,481,472,493,504,"2,850","2,831","2,802",N/A,N/A,N/A,N/A,N/A,N/A,N/A
-8588603.8191,4729939.3962,5997,S2001150116,15,Montgomery,0,None,Ramp 2 Fr Md 927 Wb To Is 270 Nb,RP,270,  ,0.15,0,0.22,Exit 4 Ramp 2 Fr Md 927 Wb (montrose Rd) To Is 270 Nb,Exit 4 Ramp 2 Fr Md 927 Wb To Ramp 9 (fr Tower Oaks Blvd),Urban,1,Interstate,15000RP00270  02WWIS4         02,15000RP00270--100402,2,West,1,F,0,9.01,100,0,100,0.975,https://maps.roads.maryland.gov/itms_public/?stationid=S2001150116,14105,14350,14421,14552,14543,13440,13721,12120,12051,12142,15005,15210,15291,15432,15273,14110,14411,12610,12531,12632,,,,,,,NO ERROR,,,,,,,,,,,1,9.01,100,0,100,"14,105","14,350","14,421","14,552","14,543","13,440","13,721","12,120","12,051","12,142","15,005","15,210","15,291","15,432","15,273","14,110","14,411","12,610","12,531","12,632",N/A,N/A,N/A,N/A,N/A,N/A,N/A
-8576368.2841,4735861.931,6005,S2012151275,15,Montgomery,0,None,Ramp 6 Fr Md 200 Eb To Md 182,RP,200,  ,0.22,0,0.222,Exit 10 Ramp 6 Fr Md 200 Eb To Md 182,Exit 10 Ramp 06 Md 200 Eb To Md 182,Urban,2,Principal Arterial Other Freeways and Expressways,15000RP00200  02EEMD10        06,15000RP00200--101006,2,East,2,F,0,11.3,100,100,0,0.2399,https://maps.roads.maryland.gov/itms_public/?stationid=S2012151275,,,820,821,822,843,864,2610,2960,2961,,,890,891,882,903,924,2790,3170,3141,,,,,,,NO ERROR,,,,,,,,,,,2,11.3,100,100,0,N/A,N/A,820,821,822,843,864,"2,610","2,960","2,961",N/A,N/A,890,891,882,903,924,"2,790","3,170","3,141",N/A,N/A,N/A,N/A,N/A,N/A,N/A
-8563663.1626,4737644.7777,6011,S2010150034,15,Montgomery,0,None,Ramp 1 Fr Ramp 4 (fr Us 29) To Md 198 Wb,RP,29,  ,0.015,0,0.03,Exit 11a Ramp 1 Fr Ramp 4 (fr Us 29 Nb) To Md 198 Wb,Exit 11 Ramp 01 Ramp 4 Fr Us 29 Nb To Md 198 Eb To Sandy Spring Rd,Urban,2,Principal Arterial Other Freeways and Expressways,15000RP00029  02NNUS11A       01,15000RP00029--111A01,2,North,2,F,0,7.93,100,100,0,0.0345,https://maps.roads.maryland.gov/itms_public/?stationid=S2010150034,2400,2790,2920,2931,2922,3003,3064,3180,3151,3152,2570,3010,3150,3171,3132,3213,3284,3400,3371,3342,,,,,,,NO ERROR,,,,,,,,,,,2,7.93,100,100,0,"2,400","2,790","2,920","2,931","2,922","3,003","3,064","3,180","3,151","3,152","2,570","3,010","3,150","3,171","3,132","3,213","3,284","3,400","3,371","3,342",N/A,N/A,N/A,N/A,N/A,N/A,N/A
-8570764.2377,4728048.5057,6013,S2001150035,15,Montgomery,0,None,Ramp 1 Fr Md 650 Nb To Ramp 8 (to Us 29),RP,29,  ,0.02,0,0.04,Exit 3 Ramp 1 Fr Md 650 Nb To Ramp 8 (to Us 29 Wb),Exit 3  Ramp 01 New Hampshire Ave To Ramp 8 Fr Md 650 Sb To Us 29 Wb,Urban,3,Principal Arterial Other,15000RP00029  02NNUS3         01,15000RP00029--100301,2,North,2,F,0,10.01,100,100,0,0.0372,https://maps.roads.maryland.gov/itms_public/?stationid=S2001150035,,2130,2290,2301,2292,2353,2404,2465,2550,2551,,2300,2470,2491,2452,2523,2574,2645,2730,2701,,,,,,,NO ERROR,,,,,,,,,,,2,10.01,100,100,0,N/A,"2,130","2,290","2,301","2,292","2,353","2,404","2,465","2,550","2,551",N/A,"2,300","2,470","2,491","2,452","2,523","2,574","2,645","2,730","2,701",N/A,N/A,N/A,N/A,N/A,N/A,N/A
-8577192.51,4729546.3152,6048,B2739,15,Montgomery,0,None,Georgia Ave,MD,97,  ,4.42,3.86,4.635,Md97-between Mason St & Lindell St,Arcola Ave To Randolph Rd,Urban,3,Principal Arterial Other,15000MD00097  01NN**************,15000MD00097--1-----,1,South,6,F,1,7.46,72.3,45.77,54.23,12.9362,https://maps.roads.maryland.gov/itms_public/?stationid=B2739,50561,50762,47400,47501,47362,48740,49671,50862,45730,45731,54101,54822,51190,51301,50682,52150,53151,54422,48930,48481,131,40774,3547,327,775,177,NO ERROR,952,,,0.00286458,0.89160526,0.07756227,0.00715051,0.01694693,0.00387046,0.02081739,6,7.46,72.3,45.77,54.23,"50,561","50,762","47,400","47,501","47,362","48,740","49,671","50,862","45,730","45,731","54,101","54,822","51,190","51,301","50,682","52,150","53,151","54,422","48,930","48,481",131,"40,774",327,"3,547",775,177,952
-8579925.1811,4738188.653,6055,S2012151312,15,Montgomery,0,None,Ramp 5 Fr Md 97 Sb To Rp 4 (to Md200 Eb),RP,200,  ,0.03,0,0.054,Exit 9 Ramp 5 Fr Md 97 Sb To Ramp 4 (to Md 200 Eb),Exit 8  Ramp 05 Md 97 Sb To Ramp 4 (to Md 200 Eb),Urban,2,Principal Arterial Other Freeways and Expressways,15000RP00200  02EEMD8         05,15000RP00200--100805,2,East,1,F,0,14.12,100,100,0,0.0619,https://maps.roads.maryland.gov/itms_public/?stationid=S2012151312,,,1420,1421,1422,1463,1494,1535,3140,3141,,,1530,1541,1522,1573,1604,1645,3360,3331,,,,,,,NO ERROR,,,,,,,,,,,1,14.12,100,100,0,N/A,N/A,"1,420","1,421","1,422","1,463","1,494","1,535","3,140","3,141",N/A,N/A,"1,530","1,541","1,522","1,573","1,604","1,645","3,360","3,331",N/A,N/A,N/A,N/A,N/A,N/A,N/A
-8587315.6985,4724689.7962,6072,S2001150173,15,Montgomery,0,None,Ramp 1 Fr Rp 4 Eb To Democracy Blvd,RP,270,Y ,0.04,0,0.08,Exit 1 Ramp 1 Fr Is 270y Nb To Democracy Blvd Wb,Exit 1  Ramp 01 Ramp 4 Fr Is 270y Nb To Democracy Blvd To Democracy Blvd,Urban,1,Interstate,15000RP00270Y 02NNIS1         01,15000RP00270Y-100101,2,West,2,F,0,8.64,100,0,100,0.1128,https://maps.roads.maryland.gov/itms_public/?stationid=S2001150173,2734,2745,2570,2591,2592,2653,2714,3850,3831,3862,2904,2915,2720,2751,2722,2793,2854,4000,3981,4022,,,,,,,NO ERROR,,,,,,,,,,,2,8.64,100,0,100,"2,734","2,745","2,570","2,591","2,592","2,653","2,714","3,850","3,831","3,862","2,904","2,915","2,720","2,751","2,722","2,793","2,854","4,000","3,981","4,022",N/A,N/A,N/A,N/A,N/A,N/A,N/A
-8588696.6395,4717514.9665,6075,S2009150017,15,Montgomery,0,None,Ramp 3 Fr Gv 6 To Gv 31,RP,6,  ,0.1,0,0.14,Exit 2 Ramp 3 Fr Clara Barton Pkwy Eb To Ericsson Rd Nb,Exit 2  Ramp 03 Clara Barton Pkwy To Ericsson Rd,Urban,2,Principal Arterial Other Freeways and Expressways,15000RP00006  02EEGV2         03,15000RP00006--100203,2,North,1,F,0,15.41,100,100,0,0.1913,https://maps.roads.maryland.gov/itms_public/?stationid=S2009150017,,3521,3491,3502,3493,3610,3681,3772,3743,3744,,0,3771,3782,3743,3860,3941,4042,4013,3974,,,,,,,NO ERROR,,,,,,,,,,,1,15.41,100,100,0,N/A,"3,521","3,491","3,502","3,493","3,610","3,681","3,772","3,743","3,744",N/A,0,"3,771","3,782","3,743","3,860","3,941","4,042","4,013","3,974",N/A,N/A,N/A,N/A,N/A,N/A,N/A
-8580493.5147,4725602.3945,6077,S2012150735,15,Montgomery,0,None,Summit Ave,CO,307,  ,1,0.69,1.21,Summit Ave - Between Md 547 & Warner St,Cedar La To Plyers Mill Rd,Urban,4,Minor Arterial,15000CO00307  01EE**************,15000CO00307--1-----,1,East,2,F,0,8.7,67.42,50.05,49.95,2.8453,https://maps.roads.maryland.gov/itms_public/?stationid=S2012150735,,,14700,14731,14692,15073,15364,15735,14990,14991,,,15880,15911,15722,16133,16444,16845,16040,15891,,,,,,,NO ERROR,,,,,,,,,,,2,8.7,67.42,50.05,49.95,N/A,N/A,"14,700","14,731","14,692","15,073","15,364","15,735","14,990","14,991",N/A,N/A,"15,880","15,911","15,722","16,133","16,444","16,845","16,040","15,891",N/A,N/A,N/A,N/A,N/A,N/A,N/A
-8582809.2532,4716767.5208,6088,B150080,15,Montgomery,0,None,Little Falls Pkwy,GV,33,  ,0.79,0,1.54,Little Falls Pkwy-.20 Mi N Of Md190 (river Rd),Fairfax Rd To Md 396,Urban,5,Major Collector,15000GV00033  01SS**************,15000GV00033--1-----,1,South,3,F,0,9.4,54.56,46.86,53.14,9.3826,https://maps.roads.maryland.gov/itms_public/?stationid=B150080,13942,13330,13221,13252,13490,13841,14102,16840,16691,16692,14922,14400,14281,14312,14430,14811,15092,17850,17691,18362,43,13939,2496,22,169,23,NO ERROR,192,,,0.00257608,0.83507069,0.14953271,0.001318,0.01012461,0.00137791,0.01150252,3,9.4,54.56,46.86,53.14,"13,942","13,330","13,221","13,252","13,490","13,841","14,102","16,840","16,691","16,692","14,922","14,400","14,281","14,312","14,430","14,811","15,092","17,850","17,691","18,362",43,"13,939",22,"2,496",169,23,192
-8572657.4511,4718831.6119,6091,B2898,15,Montgomery,0,None,Philadelphia Ave,MD,410,  ,5.36,4.96,5.56,Md410-.10 Mi E Of Maple Ave,Md 320 To Md 195,Urban,4,Minor Arterial,15000MD00410  01EE**************,15000MD00410--1-----,1,East,2,F,1,8.1,56.88,50.54,49.46,1.7259,https://maps.roads.maryland.gov/itms_public/?stationid=B2898,9622,8880,8480,8501,8482,8240,8401,8602,7880,7881,10302,9590,9160,9181,9082,8820,8991,9202,8430,8351,43,6522,865,116,311,24,NO ERROR,335,,,0.00545616,0.82755995,0.10975764,0.01471894,0.039462,0.0030453,0.0425073,2,8.1,56.88,50.54,49.46,"9,622","8,880","8,480","8,501","8,482","8,240","8,401","8,602","7,880","7,881","10,302","9,590","9,160","9,181","9,082","8,820","8,991","9,202","8,430","8,351",43,"6,522",116,865,311,24,335
-8589167.3613,4719554.9915,6106,S2000150134,15,Montgomery,0,None,Ramp 4 Fr Is 495 Nb To Md 190 Eb,RP,495,  ,0.05,0,0.27,Exit 39 Ramp 4 Fr Is 495 Nb To Md 190 Eb,Exit 39 Ramp 4 Fr Is 495 Nb To Ramp 9 (fr Is 495x),Urban,1,Interstate,15000RP00495  02NNIS39        04,15000RP00495--103904,2,East,1,F,0,9.6,100,100,0,0.8752,https://maps.roads.maryland.gov/itms_public/?stationid=S2000150134,8044,8055,7610,7681,7672,7863,8034,8235,8820,8881,8534,8545,8070,8141,8062,8263,8444,8565,9170,9241,,,,,,,NO ERROR,,,,,,,,,,,1,9.6,100,100,0,"8,044","8,055","7,610","7,681","7,672","7,863","8,034","8,235","8,820","8,881","8,534","8,545","8,070","8,141","8,062","8,263","8,444","8,565","9,170","9,241",N/A,N/A,N/A,N/A,N/A,N/A,N/A
-8577243.244,4729944.8735,6132,B150068,15,Montgomery,0,None,Randolph Rd,CO,1659,  ,3.6,2.28,3.638,Randolph Rd-.20 Mi W Of Md 97,Md 185 To Md 97,Urban,3,Principal Arterial Other,15000CO01659  01EE**************,15000CO01659--1-----,1,East,6,F,0,8.53,62.29,50.22,49.78,14.1717,https://maps.roads.maryland.gov/itms_public/?stationid=B150068,27221,27332,27820,27881,27802,26390,26891,27542,28590,28591,29131,29522,30050,30111,29752,28240,28771,29472,30590,30311,23,24810,2873,181,635,69,NO ERROR,704,,,0.00080445,0.86775559,0.10048617,0.00633066,0.02220979,0.00241335,0.02462313,6,8.53,62.29,50.22,49.78,"27,221","27,332","27,820","27,881","27,802","26,390","26,891","27,542","28,590","28,591","29,131","29,522","30,050","30,111","29,752","28,240","28,771","29,472","30,590","30,311",23,"24,810",181,"2,873",635,69,704
-8599032.4104,4752174.3737,6133,S2012150439,15,Montgomery,0,None,Brink Rd,CO,27,  ,0.18,0,0.57,Brink Rd - .20 Mi E Of Md 355,Md 355 To Md 27,Urban,4,Minor Arterial,15000CO00027  01EE**************,15000CO00027--1-----,1,West,3,F,0,8.3,65.53,47.07,52.93,0.797,https://maps.roads.maryland.gov/itms_public/?stationid=S2012150439,,,3480,3491,3482,3573,3644,3735,3830,3831,,,3760,3771,3732,3823,3904,4005,4100,4061,,,,,,,NO ERROR,,,,,,,,,,,3,8.3,65.53,47.07,52.93,N/A,N/A,"3,480","3,491","3,482","3,573","3,644","3,735","3,830","3,831",N/A,N/A,"3,760","3,771","3,732","3,823","3,904","4,005","4,100","4,061",N/A,N/A,N/A,N/A,N/A,N/A,N/A
-8586594.7204,4732395.0057,6137,S2012150944,15,Montgomery,130,Rockville,Edmonston Dr,MU,1002,  ,0.06,0,0.43,Edmonston Dr - Between Md 355 & Lewis Ave,Rockville Pike To Veirs Mill Rd,Urban,5,Major Collector,15130MU01002  01NN**************,15130MU01002--1-----,1,North,3,F,0,9.23,63.92,52.61,47.39,1.8161,https://maps.roads.maryland.gov/itms_public/?stationid=S2012150944,,,10590,10611,10582,10863,11074,11345,11430,11571,,,11440,11461,11322,11623,11854,12035,12120,12571,,,,,,,NO ERROR,,,,,,,,,,,3,9.23,63.92,52.61,47.39,N/A,N/A,"10,590","10,611","10,582","10,863","11,074","11,345","11,430","11,571",N/A,N/A,"11,440","11,461","11,322","11,623","11,854","12,035","12,120","12,571",N/A,N/A,N/A,N/A,N/A,N/A,N/A
-8588014.3626,4733891.4658,6152,S2012150965,15,Montgomery,130,Rockville,Park Rd,MU,2360,  ,0.04,0,0.28,Park Rd - Between Md 355 & N Stonestreet Ave,Hungerford Dr To S Horners La,Urban,5,Major Collector,15130MU02360  01EE**************,15130MU02360--1-----,1,East,3,F,0,9.96,61.77,49.46,50.54,1.6639,https://maps.roads.maryland.gov/itms_public/?stationid=S2012150965,,,16170,16201,16152,16573,16894,17305,16280,16281,,,17460,17501,17282,17733,18084,18345,17260,17911,,,,,,,NO ERROR,,,,,,,,,,,3,9.96,61.77,49.46,50.54,N/A,N/A,"16,170","16,201","16,152","16,573","16,894","17,305","16,280","16,281",N/A,N/A,"17,460","17,501","17,282","17,733","18,084","18,345","17,260","17,911",N/A,N/A,N/A,N/A,N/A,N/A,N/A
-8604237.1218,4736598.9821,6156,B2708,15,Montgomery,0,None,Darnestown Rd,MD,28,  ,13.08,12.43,13.18,Md28-.10 Mi W Of Md112,Md 118 To Md 112,Urban,4,Minor Arterial,15000MD00028  01EE**************,15000MD00028--1-----,1,West,2,F,2,10.06,76.08,48.74,51.26,4.0909,https://maps.roads.maryland.gov/itms_public/?stationid=B2708,13821,13562,13593,13534,13525,14220,14531,14852,14763,14944,14511,14652,14413,14484,14345,15070,15551,15602,15503,15544,,,,,,,NO ERROR,,,,,,,,,,,2,10.06,76.08,48.74,51.26,"13,821","13,562","13,593","13,534","13,525","14,220","14,531","14,852","14,763","14,944","14,511","14,652","14,413","14,484","14,345","15,070","15,551","15,602","15,503","15,544",N/A,N/A,N/A,N/A,N/A,N/A,N/A
-8601266.5916,4750048.6833,6175,S1997150019,15,Montgomery,0,None,Ramp 5 Fr Ramp 8 To Father Hurley Blvd,RP,270,  ,0.05,0,0.15,Exit 16 Ramp 5 Fr Ramp 8 (fr Is 270 Sb) To Father Hurley Blvd Eb,Exit 16 Ramp 05 Ramp 8 Fr Is270 Sb To Father Hurley Blvd To Father Hurley Blvd,Urban,1,Interstate,15000RP00270  02SSIS16        05,15000RP00270--101605,2,East,2,F,0,13.66,100,100,0,0.1692,https://maps.roads.maryland.gov/itms_public/?stationid=S1997150019,2091,2092,2103,2124,2125,2550,2601,2662,3070,3091,2221,2222,2233,2254,2235,2680,2731,2772,3190,3221,,,,,,,NO ERROR,,,,,,,,,,,2,13.66,100,100,0,"2,091","2,092","2,103","2,124","2,125","2,550","2,601","2,662","3,070","3,091","2,221","2,222","2,233","2,254","2,235","2,680","2,731","2,772","3,190","3,221",N/A,N/A,N/A,N/A,N/A,N/A,N/A
-8584980.8411,4732269.2464,6180,S2012150934,15,Montgomery,130,Rockville,Ardennes Ave,MU,140,  ,0.16,0,0.85,Ardennes Ave - .10 Mi South Of Md 586,Veirs Mill Rd To Ardennes Ave (ahead),Urban,6,Minor Collector,15130MU00140  01SS**************,15130MU00140--1-----,1,North,2,F,0,10.12,80.54,59.8,40.2,0.4067,https://maps.roads.maryland.gov/itms_public/?stationid=S2012150934,,,1200,1201,1202,1233,1264,1295,1310,1311,,,1300,1301,1292,1323,1354,1375,1390,1441,,,,,,,NO ERROR,,,,,,,,,,,2,10.12,80.54,59.8,40.2,N/A,N/A,"1,200","1,201","1,202","1,233","1,264","1,295","1,310","1,311",N/A,N/A,"1,300","1,301","1,292","1,323","1,354","1,375","1,390","1,441",N/A,N/A,N/A,N/A,N/A,N/A,N/A
-8587869.433,4727303.6955,6194,B2850,15,Montgomery,0,None,Eisenhower Memorial Hwy,IS,270,  ,2.86,2.68,4.14,Is270-.10 Mi N Of Tuckerman La,Is 270y To Montrose Rd,Urban,1,Interstate,15000IS00270  01NN**************,15000IS00270--1-----,1,South,12,F,1,6.83,54.46,50.78,49.22,142.5476,https://maps.roads.maryland.gov/itms_public/?stationid=B2850,266381,266652,246160,248381,248132,255600,260971,267232,265633,267494,282361,282652,260930,263281,260542,268380,274021,277922,276263,278194,396,222620,32089,1518,6535,4336,NO ERROR,10871,,,0.00148041,0.83224297,0.11996157,0.00567489,0.02443045,0.01620971,0.04064016,12,6.83,54.46,50.78,49.22,"266,381","266,652","246,160","248,381","248,132","255,600","260,971","267,232","265,633","267,494","282,361","282,652","260,930","263,281","260,542","268,380","274,021","277,922","276,263","278,194",396,"222,620","1,518","32,089",6535,4336,10871
-8576717.9448,4723891.0726,6195,B2829,15,Montgomery,0,None,Forest Glen Rd,MD,192,  ,2.65,2.14,2.82,Md192-.20 Mi W Of Md97,Seminary Rd To Md 97,Urban,5,Major Collector,15000MD00192  01EE**************,15000MD00192--1-----,1,East,3,F,0,10.15,77.84,63.13,36.87,2.2812,https://maps.roads.maryland.gov/itms_public/?stationid=B2829,7311,7342,8000,8021,8002,9060,9231,9452,9080,9191,7821,7932,8640,8661,8562,9690,9881,10022,9630,9991,,,,,,,NO ERROR,,,,,,,,,,,3,10.15,77.84,63.13,36.87,"7,311","7,342","8,000","8,021","8,002","9,060","9,231","9,452","9,080","9,191","7,821","7,932","8,640","8,661","8,562","9,690","9,881","10,022","9,630","9,991",N/A,N/A,N/A,N/A,N/A,N/A,N/A
-8591104.6471,4743231.1423,6200,S2012150928,15,Montgomery,63,Gaithersburg,Saybrooke Oaks Blvd,MU,469,  ,0.05,0,0.54,Saybrooke Oaks Blvd - Between Md 124 & Bristol Downs Dr,Woodfield Rd To Road End,Urban,7,Local,15063MU00469  01WW**************,15063MU00469--1-----,1,West,4,F,0,9.42,52.5,49.45,50.55,1.1414,https://maps.roads.maryland.gov/itms_public/?stationid=S2012150928,,,5440,5451,5442,5583,5694,5835,5790,5791,,,5880,5891,5822,5973,6094,6195,6140,6371,,,,,,,NO ERROR,,,,,,,,,,,4,9.42,52.5,49.45,50.55,N/A,N/A,"5,440","5,451","5,442","5,583","5,694","5,835","5,790","5,791",N/A,N/A,"5,880","5,891","5,822","5,973","6,094","6,195","6,140","6,371",N/A,N/A,N/A,N/A,N/A,N/A,N/A
-8571492.6726,4734302.8867,6205,S2012151282,15,Montgomery,0,None,Ramp 5 Fr Md 650 Sb To Md 200 Eb,RP,200,  ,0.03,0,0.25,Exit 13 Ramp 5 Fr Md 650 Sb To Md 200 Eb,Exit 13 Ramp 05 Md 650 Sb To Md 200 Eb,Urban,2,Principal Arterial Other Freeways and Expressways,15000RP00200  02SSMD13        05,15000RP00200--101305,2,East,2,F,0,10.17,100,100,0,0.0987,https://maps.roads.maryland.gov/itms_public/?stationid=S2012151282,,,400,401,402,413,424,1090,1081,1082,,,430,431,432,443,454,1170,1161,1152,,,,,,,NO ERROR,,,,,,,,,,,2,10.17,100,100,0,N/A,N/A,400,401,402,413,424,"1,090","1,081","1,082",N/A,N/A,430,431,432,443,454,"1,170","1,161","1,152",N/A,N/A,N/A,N/A,N/A,N/A,N/A
-8568659.1086,4724272.8863,6216,S2000150193,15,Montgomery,0,None,Ramp 1 Fr Ramp 4 (fr Md650) To Is 495 Wb,RP,495,  ,0.1,0,0.27,Exit 28 Ramp 1 Fr Ramp 4 (fr Md 650 Nb) To Is 495 Wb,Exit 28 Ramp 1 Fr Ramp 4 (fr Md650) To Is 495 Wb,Urban,1,Interstate,15000RP00495  02EEIS28        01,15000RP00495--102801,2,West,1,F,0,8.33,100,0,100,0.5945,https://maps.roads.maryland.gov/itms_public/?stationid=S2000150193,5570,5510,5541,5592,5593,5734,5855,6030,5991,6032,5900,5840,5871,5932,5873,6024,6155,6270,6231,6272,,,,,,,NO ERROR,,,,,,,,,,,1,8.33,100,0,100,"5,570","5,510","5,541","5,592","5,593","5,734","5,855","6,030","5,991","6,032","5,900","5,840","5,871","5,932","5,873","6,024","6,155","6,270","6,231","6,272",N/A,N/A,N/A,N/A,N/A,N/A,N/A
-8568937.905,4724113.3576,6224,S2000150196,15,Montgomery,0,None,Ramp 4 Fr Md 650 Nb To Is 495 Eb,RP,495,  ,0.1,0,0.15,Exit 28 Ramp 4 Fr Md 650 Nb To Is 495 Eb,Exit 28 Ramp 04 New Hampshire Ave To Ramp 1 Fr Ramp 4 (fr Md650) To Is 495 Wb,Urban,1,Interstate,15000RP00495  02NNIS28        04,15000RP00495--102804,2,East,1,F,0,8.68,100,100,0,0.7606,https://maps.roads.maryland.gov/itms_public/?stationid=S2000150196,11874,12730,12791,12912,12903,13214,13495,13870,13791,13892,12594,13490,13561,13692,13553,13884,14175,14430,14341,14452,,,,,,,NO ERROR,,,,,,,,,,,1,8.68,100,100,0,"11,874","12,730","12,791","12,912","12,903","13,214","13,495","13,870","13,791","13,892","12,594","13,490","13,561","13,692","13,553","13,884","14,175","14,430","14,341","14,452",N/A,N/A,N/A,N/A,N/A,N/A,N/A
-8594114.1385,4746410.5952,6254,S2012150845,15,Montgomery,0,None,Centerway Rd                            ,CO,3726,  ,0.14,0,0.82,Centerway Rd - .10 Mi East Of Montgomery Village Ave,Road End To Goshen Rd,Urban,5,Major Collector,15000CO03726  01EE**************,15000CO03726--1-----,1,East,4,F,0,7.62,53.09,49.55,50.45,2.8017,https://maps.roads.maryland.gov/itms_public/?stationid=S2012150845,,,9290,9311,9282,9523,9704,9945,9360,9361,,,10030,10061,9932,10193,10384,10545,9920,10301,,,,,,,NO ERROR,,,,,,,,,,,4,7.62,53.09,49.55,50.45,N/A,N/A,"9,290","9,311","9,282","9,523","9,704","9,945","9,360","9,361",N/A,N/A,"10,030","10,061","9,932","10,193","10,384","10,545","9,920","10,301",N/A,N/A,N/A,N/A,N/A,N/A,N/A
-8596900.1953,4760254.2122,6264,S2012150434,15,Montgomery,0,None,Kingstead Rd                            ,CO,16,  ,0.31,0,1.7,Kingstead Rd - .20 Mi W Of Greensboro Dr,Oak Dr To Burnt Hill Rd,Rural,7,Local,15000CO00016  01WW**************,15000CO00016--1-----,1,East,2,C,0,10.4,65,50.87,49.13,0.3289,https://maps.roads.maryland.gov/itms_public/?stationid=S2012150434,,,470,510,511,522,533,554,555,530,,,510,550,551,562,573,594,595,580,1,424,83,1,17,4,NO ERROR,21,,,0.00188679,0.8,0.15660377,0.00188679,0.03207547,0.00754717,0.03962264,2,10.4,65,50.87,49.13,N/A,N/A,470,510,511,522,533,554,555,530,N/A,N/A,510,550,551,562,573,594,595,580,1,424,1,83,17,4,21
-8580582.8428,4740070.729,6298,S2012150674,15,Montgomery,0,None,Cashell Rd,CO,136,  ,0.13,0,2.26,Cashell Rd - Between Emory La & Chippendale Ct,Emory La To Bowie Mill Rd,Urban,5,Major Collector,15000CO00136  01NN**************,15000CO00136--1-----,1,South,2,F,0,9.33,87.3,48.12,51.88,4.9502,https://maps.roads.maryland.gov/itms_public/?stationid=S2012150674,,,5670,5681,5662,5813,5924,6075,6000,6001,,,6120,6141,6062,6223,6344,6445,6360,6601,,,,,,,NO ERROR,,,,,,,,,,,2,9.33,87.3,48.12,51.88,N/A,N/A,"5,670","5,681","5,662","5,813","5,924","6,075","6,000","6,001",N/A,N/A,"6,120","6,141","6,062","6,223","6,344","6,445","6,360","6,601",N/A,N/A,N/A,N/A,N/A,N/A,N/A
-8574550,4721302.9267,6310,S2012150762,15,Montgomery,0,None,Fenton St,CO,629,  ,0.14,0,1.074,Fenton St - Between Us 29 & Roeder Rd,Cameron St To Fenton St (ahead),Urban,5,Major Collector,15000CO00629  01EE**************,15000CO00629--1-----,1,East,3,F,0,8.22,57.04,51.86,48.14,4.1439,https://maps.roads.maryland.gov/itms_public/?stationid=S2012150762,,,10450,10471,10442,10713,10924,11195,10570,10571,,,11290,11311,11172,11463,11694,11875,11200,11631,,,,,,,NO ERROR,,,,,,,,,,,3,8.22,57.04,51.86,48.14,N/A,N/A,"10,450","10,471","10,442","10,713","10,924","11,195","10,570","10,571",N/A,N/A,"11,290","11,311","11,172","11,463","11,694","11,875","11,200","11,631",N/A,N/A,N/A,N/A,N/A,N/A,N/A
-8594651.8689,4738542.5147,6312,S2009150001,15,Montgomery,0,None,Ramp 1 Fr Co 7401 To Sb Co 6271,RP,6271,  ,0.05,0,0.147,Exit 1 Ramp 1 Fr Wash. Blvd To Sam Eig Hwy Wb ,Exit 1  Ramp 01 Washingtonian Blvd To Sam Eig Hwy,Urban,2,Principal Arterial Other Freeways and Expressways,15000RP06271  02SSCO1         01,15000RP06271--100101,2,West,1,F,0,10.34,100,0,100,0.1691,https://maps.roads.maryland.gov/itms_public/?stationid=S2009150001,2171,2182,2173,2184,2185,2340,2381,2442,3150,3151,2321,2362,2353,2364,2345,2500,2551,2612,3370,3341,,,,,,,NO ERROR,,,,,,,,,,,1,10.34,100,0,100,"2,171","2,182","2,173","2,184","2,185","2,340","2,381","2,442","3,150","3,151","2,321","2,362","2,353","2,364","2,345","2,500","2,551","2,612","3,370","3,341",N/A,N/A,N/A,N/A,N/A,N/A,N/A
-8579995.016,4737883.7104,6324,B150088,15,Montgomery,0,None,Georgia Ave,MD,97,  ,9.07,8.82,9.428,Md97-.25 Mi N Of Md28,Md 28 To Md 200,Urban,3,Principal Arterial Other,15000MD00097  01NN**************,15000MD00097--1-----,1,South,6,F,1,8.23,67.77,47.62,52.38,10.8477,https://maps.roads.maryland.gov/itms_public/?stationid=B150088,41800,42410,42071,42162,42043,48420,49341,50532,46910,48881,44730,45800,45441,45542,44993,51810,52801,54072,50190,49721,,,,,,,NO ERROR,,,,,,,,,,,6,8.23,67.77,47.62,52.38,"41,800","42,410","42,071","42,162","42,043","48,420","49,341","50,532","46,910","48,881","44,730","45,800","45,441","45,542","44,993","51,810","52,801","54,072","50,190","49,721",N/A,N/A,N/A,N/A,N/A,N/A,N/A
-8580172.9988,4722408.8621,6334,S2000150160,15,Montgomery,0,None,Ramp 4 Fr Md 185 Nb To Is 495 Eb,RP,495,  ,0.1,0,0.205,Exit 33 Ramp 4 Fr Md 185 Nb To Is 495 Eb,Exit 33 Ramp 04 Connecticut Ave To Capital Beltway,Urban,1,Interstate,15000RP00495  02NNIS33        04,15000RP00495--103304,2,North,1,F,0,9.45,100,100,0,1.2363,https://maps.roads.maryland.gov/itms_public/?stationid=S2000150160,14413,14730,14801,14932,14923,15284,16110,16501,16402,16523,15283,15610,15691,15832,15673,16054,16920,17161,17062,17183,,,,,,,NO ERROR,,,,,,,,,,,1,9.45,100,100,0,"14,413","14,730","14,801","14,932","14,923","15,284","16,110","16,501","16,402","16,523","15,283","15,610","15,691","15,832","15,673","16,054","16,920","17,161","17,062","17,183",N/A,N/A,N/A,N/A,N/A,N/A,N/A
-8576726.9261,4723119.4918,6335,B2881,15,Montgomery,0,None,Seminary Rd,CO,7073,  ,0.6,0,0.69,Seminary Rd-.50 Mi S Of Is495,Md 192 To Brookville Rd,Urban,4,Minor Arterial,15000CO07073  01EE**************,15000CO07073--1-----,1,North,2,F,0,10.6,51.79,49.82,50.18,1.7992,https://maps.roads.maryland.gov/itms_public/?stationid=B2881,6772,6580,6531,6542,6523,6900,7031,7202,7143,7144,7252,7110,7051,7072,6983,7380,7521,7712,7643,7574,81,6034,715,64,221,29,NO ERROR,250,,,0.01133819,0.84462486,0.10008399,0.00895857,0.03093505,0.00405935,0.0349944,2,10.6,51.79,49.82,50.18,"6,772","6,580","6,531","6,542","6,523","6,900","7,031","7,202","7,143","7,144","7,252","7,110","7,051","7,072","6,983","7,380","7,521","7,712","7,643","7,574",81,"6,034",64,715,221,29,250
-8568876.6329,4724955.3484,6337,S2012150660,15,Montgomery,0,None,Powder Mill Rd,CO,104,  ,0.18,0,0.73,Powder Mill Rd - .10 Mile East Of Md 650,Ent To National Labor College To Prince Georges Co/l,Urban,4,Minor Arterial,15000CO00104  01EE**************,15000CO00104--1-----,1,West,4,F,0,7.94,73.36,40.2,59.8,3.4535,https://maps.roads.maryland.gov/itms_public/?stationid=S2012150660,,,12090,12111,12082,12403,12644,12955,12960,12961,,,13060,13081,12932,13273,13534,13865,13870,13741,,,,,,,NO ERROR,,,,,,,,,,,4,7.94,73.36,40.2,59.8,N/A,N/A,"12,090","12,111","12,082","12,403","12,644","12,955","12,960","12,961",N/A,N/A,"13,060","13,081","12,932","13,273","13,534","13,865","13,870","13,741",N/A,N/A,N/A,N/A,N/A,N/A,N/A
-8589523.345,4740457.1645,6352,S2012151320,15,Montgomery,0,None,Ramp 1 Fr Ramp 4 To Shady Grove Rd Wb,RP,200,A ,0.02,0,0.03,Exit 1 Ramp 1 Fr Ramp 4 (fr Md 200a Nb) To Shady Grove Rd Wb,Exit 1  Ramp 01 Ramp 4 (fr Md 200a Nb) To Shady Grove Rd Wb At Mp .020,Urban,3,Principal Arterial Other,15000RP00200A 02NNMD1         01,15000RP00200A-100101,2,West,2,F,0,10.89,100,0,100,0.0118,https://maps.roads.maryland.gov/itms_public/?stationid=S2012151320,,,970,971,972,1003,1024,1055,1080,1081,,,1050,1051,1042,1073,1104,1135,1160,1151,,,,,,,NO ERROR,,,,,,,,,,,2,10.89,100,0,100,N/A,N/A,970,971,972,"1,003","1,024","1,055","1,080","1,081",N/A,N/A,"1,050","1,051","1,042","1,073","1,104","1,135","1,160","1,151",N/A,N/A,N/A,N/A,N/A,N/A,N/A
-8583762.9025,4735213.0112,6354,S2012150828,15,Montgomery,0,None,Bauer Dr,CO,3377,  ,0.93,0,2.03,Bauer Dr - .10 Mi West Of Md 28,Emory La To Arctic Ave,Urban,6,Minor Collector,15000CO03377  01WW**************,15000CO03377--1-----,1,East,2,F,0,9.11,57.28,49.28,50.72,7.0842,https://maps.roads.maryland.gov/itms_public/?stationid=S2012150828,,,9240,9261,9232,9473,9654,9895,9560,9561,,,9980,10001,9882,10143,10334,10495,10130,10521,,,,,,,NO ERROR,,,,,,,,,,,2,9.11,57.28,49.28,50.72,N/A,N/A,"9,240","9,261","9,232","9,473","9,654","9,895","9,560","9,561",N/A,N/A,"9,980","10,001","9,882","10,143","10,334","10,495","10,130","10,521",N/A,N/A,N/A,N/A,N/A,N/A,N/A
-8580148.6071,4717086.4083,6356,B150125,15,Montgomery,0,None,Chevy Chase Cir,MD,185,E ,0.01,0,0.08,Md185e-between Wash Dc Line & Md185 (one Way Wb),Wash Dc Line To Wash Dc Line,Urban,3,Principal Arterial Other,15000MD00185E 01WW**************,15000MD00185E-1-----,1,West,3,C,0,7.39,100,0,100,0.8669,https://maps.roads.maryland.gov/itms_public/?stationid=B150125,43420,43591,43242,41590,41471,42552,30020,30741,30462,29690,46460,47081,46702,44920,44371,45532,32120,32891,32592,31470,,,,,,,NO ERROR,,,,,,,,,,,3,7.39,100,0,100,"43,420","43,591","43,242","41,590","41,471","42,552","30,020","30,741","30,462","29,690","46,460","47,081","46,702","44,920","44,371","45,532","32,120","32,891","32,592","31,470",N/A,N/A,N/A,N/A,N/A,N/A,N/A
-8581873.06,4718474.8358,6363,B2825,15,Montgomery,0,None,Bradley Blvd,MD,191,  ,6.33,6.07,6.43,Md191-.10 Mi S Of Md355,Leland St To Md 355,Urban,4,Minor Arterial,15000MD00191  01NN**************,15000MD00191--1-----,1,South,4,F,0,7.65,53.18,48.38,51.62,3.1184,https://maps.roads.maryland.gov/itms_public/?stationid=B2825,21221,21312,22220,22261,23380,23991,24452,23950,23731,23732,22711,23022,24000,24041,25020,25671,26162,25630,25391,25162,57,20738,2209,140,531,57,NO ERROR,588,,,0.00240182,0.87384123,0.09308107,0.00589921,0.02237485,0.00240182,0.02477667,4,7.65,53.18,48.38,51.62,"21,221","21,312","22,220","22,261","23,380","23,991","24,452","23,950","23,731","23,732","22,711","23,022","24,000","24,041","25,020","25,671","26,162","25,630","25,391","25,162",57,"20,738",140,"2,209",531,57,588
-8610772.4308,4739964.2497,6364,B2745,15,Montgomery,0,None,Whites Ferry Rd,MD,107,  ,4.32,0,4.79,Md107-.50 Mi W Of Md28,Md 109 To Md  28,Rural,5,Major Collector,15000MD00107  01EE**************,15000MD00107--1-----,1,West,2,F,0,9.32,66.24,49.2,50.8,11.2629,https://maps.roads.maryland.gov/itms_public/?stationid=B2745,5952,5880,5891,5862,5863,6004,6145,6400,6361,6442,6252,6350,6241,6272,6223,6364,6595,6780,6741,6832,13,5152,873,9,337,58,NO ERROR,395,,,0.00201801,0.79975163,0.13551692,0.00139708,0.05231295,0.00900342,0.06131636,2,9.32,66.24,49.2,50.8,"5,952","5,880","5,891","5,862","5,863","6,004","6,145","6,400","6,361","6,442","6,252","6,350","6,241","6,272","6,223","6,364","6,595","6,780","6,741","6,832",13,"5,152",9,873,337,58,395
-8587211.3482,4724864.6595,6378,S2001150167,15,Montgomery,0,None,Ramp 2 Fr Democracy Blvd To Is 270y Nb,RP,270,Y ,0.1,0,0.26,Exit 1 Ramp 2 Fr Democracy Blvd Wb To Is 270y Nb,Exit 1  Ramp 02 Democracy Blvd To No Name,Urban,1,Interstate,15000RP00270Y 02WWIS1         02,15000RP00270Y-100102,2,North,1,F,0,14.7,100,100,0,0.5629,https://maps.roads.maryland.gov/itms_public/?stationid=S2001150167,3633,3644,3420,3451,3452,3543,3624,5930,5891,5932,3853,3864,3630,3661,3632,3723,3814,6170,6131,6172,,,,,,,NO ERROR,,,,,,,,,,,1,14.7,100,100,0,"3,633","3,644","3,420","3,451","3,452","3,543","3,624","5,930","5,891","5,932","3,853","3,864","3,630","3,661","3,632","3,723","3,814","6,170","6,131","6,172",N/A,N/A,N/A,N/A,N/A,N/A,N/A
-8582976.8139,4722465.5288,6416,S2008150026,15,Montgomery,0,None,Cedar La,CO,7805,  ,0.46,0,0.56,W Cedar La - Between Cypress Ave & Bardon Rd,Md 187 To Cedarcrest Dr,Urban,4,Minor Arterial,15000CO07805  01EE**************,15000CO07805--1-----,1,East,3,F,0,9.8,71.44,58.58,41.42,2.2229,https://maps.roads.maryland.gov/itms_public/?stationid=S2008150026,8862,8903,8834,8855,10240,10511,10712,10973,10874,10875,9482,9623,9544,9565,10960,11251,11462,11743,11644,11535,,,,,,,NO ERROR,,,,,,,,,,,3,9.8,71.44,58.58,41.42,"8,862","8,903","8,834","8,855","10,240","10,511","10,712","10,973","10,874","10,875","9,482","9,623","9,544","9,565","10,960","11,251","11,462","11,743","11,644","11,535",N/A,N/A,N/A,N/A,N/A,N/A,N/A
-8583991.1327,4732408.5946,6420,B150073,15,Montgomery,130,Rockville,Twinbrook Pkwy,MU,2970,  ,0.82,0,0.91,Twinbrook Pkwy-.10 Mi N Of Md586,Baltimore Rd To Twinbrook Pkwy (ahead),Urban,4,Minor Arterial,15130MU02970  01SS**************,15130MU02970--1-----,1,South,2,F,0,8.92,64.01,49.73,50.27,3.2026,https://maps.roads.maryland.gov/itms_public/?stationid=B150073,11342,10740,10651,10672,10643,10924,11135,9730,9641,9642,12142,11600,11501,11532,11393,11694,11925,10410,10321,10222,,,,,,,NO ERROR,,,,,,,,,,,2,8.92,64.01,49.73,50.27,"11,342","10,740","10,651","10,672","10,643","10,924","11,135","9,730","9,641","9,642","12,142","11,600","11,501","11,532","11,393","11,694","11,925","10,410","10,321","10,222",N/A,N/A,N/A,N/A,N/A,N/A,N/A
-8585615.1741,4726268.2215,6425,B2806,15,Montgomery,0,None,Old Georgetown Rd,MD,187,  ,3.87,3.764,5.04,Md187-.10 Mi N Of Is270,Is 270 To Executive Blvd,Urban,3,Principal Arterial Other,15000MD00187  01NN**************,15000MD00187--1-----,1,North,6,F,0,8.89,59.66,50.55,49.45,24.5035,https://maps.roads.maryland.gov/itms_public/?stationid=B2806,42292,56350,55901,56012,50980,52311,53312,50950,50491,52612,45252,60860,60371,60492,54550,55971,57042,54520,54031,53522,,,,,,,NO ERROR,,,,,,,,,,,6,8.89,59.66,50.55,49.45,"42,292","56,350","55,901","56,012","50,980","52,311","53,312","50,950","50,491","52,612","45,252","60,860","60,371","60,492","54,550","55,971","57,042","54,520","54,031","53,522",N/A,N/A,N/A,N/A,N/A,N/A,N/A
-8578932.5627,4718724.5816,6427,S2012150871,15,Montgomery,0,None,Shepherd St                             ,CO,4495,  ,0.06,0,0.16,Shepherd St - Between Turner La & Brennon La,Turner La To Shepherd St (ahead),Urban,5,Major Collector,15000CO04495  01SS**************,15000CO04495--1-----,1,South,2,F,0,9.95,69.28,48.68,51.32,0.0888,https://maps.roads.maryland.gov/itms_public/?stationid=S2012150871,,,1510,1511,1512,1553,1584,1625,1520,1521,,,1630,1631,1622,1663,1704,1725,1610,1671,,,,,,,NO ERROR,,,,,,,,,,,2,9.95,69.28,48.68,51.32,N/A,N/A,"1,510","1,511","1,512","1,553","1,584","1,625","1,520","1,521",N/A,N/A,"1,630","1,631","1,622","1,663","1,704","1,725","1,610","1,671",N/A,N/A,N/A,N/A,N/A,N/A,N/A
-8608128.092,4749902.7252,6438,S2012150730,15,Montgomery,0,None,Barnesville Rd,CO,237,  ,5.46,2.27,5.6,Barnesville Rd - .10 Mile West Of Md 117,Md 109 To Slidell Rd,Rural,5,Major Collector,15000CO00237  01EE**************,15000CO00237--1-----,1,East,2,F,0,12.8,82.86,48.9,51.1,4.7779,https://maps.roads.maryland.gov/itms_public/?stationid=S2012150730,,,3430,3411,3412,3493,3574,3655,3880,3931,,,3640,3651,3622,3703,3824,3875,4110,4171,,,,,,,NO ERROR,,,,,,,,,,,2,12.8,82.86,48.9,51.1,N/A,N/A,"3,430","3,411","3,412","3,493","3,574","3,655","3,880","3,931",N/A,N/A,"3,640","3,651","3,622","3,703","3,824","3,875","4,110","4,171",N/A,N/A,N/A,N/A,N/A,N/A,N/A
-8589333.7697,4729825.3016,6447,S2017150194,15,Montgomery,0,None,Ramp 15 Fr Montrose Rd Eb To Pk Potm Ave,RP,270,  ,0.01,0,0.14,Exit 4 Ramp 15 Fr Montrose Rd Eb To Pk Potm Ave,Exit 4  Ramp 15 Fr Montrose Rd Eb To Pk Potm Ave,Urban,1,Interstate,15000RP00270  02NNIS4         15,15000RP00270--100415,2,North,1,F,0,10.19,100,100,0,0.0078,https://maps.roads.maryland.gov/itms_public/?stationid=S2017150194,,,,,,,,150,151,152,,,,,,,,160,161,162,,,,,,,NO ERROR,,,,,,,,,,,1,10.19,100,100,0,N/A,N/A,N/A,N/A,N/A,N/A,N/A,150,151,152,N/A,N/A,N/A,N/A,N/A,N/A,N/A,160,161,162,N/A,N/A,N/A,N/A,N/A,N/A,N/A
-8601791.5457,4745651.2356,6456,S2012150903,15,Montgomery,0,None,Dawson Farm Rd,CO,7031,  ,0.82,0.37,0.87,Dawson Farm Rd - Between Cherry Bend Dr & Md 119,Germantown Rd To Great Seneca Hwy,Urban,5,Major Collector,15000CO07031  01EE**************,15000CO07031--1-----,1,West,4,F,0,9.9,66.88,42.58,57.42,0.7594,https://maps.roads.maryland.gov/itms_public/?stationid=S2012150903,,,3690,3701,3692,3793,3874,3975,4160,4161,,,3990,4001,3952,4063,4154,4215,4410,4581,,,,,,,NO ERROR,,,,,,,,,,,4,9.9,66.88,42.58,57.42,N/A,N/A,"3,690","3,701","3,692","3,793","3,874","3,975","4,160","4,161",N/A,N/A,"3,990","4,001","3,952","4,063","4,154","4,215","4,410","4,581",N/A,N/A,N/A,N/A,N/A,N/A,N/A
-8577146.7692,4728427.0484,6459,S2012150665,15,Montgomery,0,None,Arcola Ave,CO,124,  ,0.43,0,0.51,Arcola Ave - .10 Mile East Of Md 97,Parker Ave To Amherst Ave,Urban,7,Local,15000CO00124  01EE**************,15000CO00124--1-----,1,East,3,F,0,7.86,52.89,48.38,51.62,2.409,https://maps.roads.maryland.gov/itms_public/?stationid=S2012150665,,,13450,13481,13442,13793,14064,14405,12940,12941,,,14530,14561,14382,14763,15054,15275,13720,14241,,,,,,,NO ERROR,,,,,,,,,,,3,7.86,52.89,48.38,51.62,N/A,N/A,"13,450","13,481","13,442","13,793","14,064","14,405","12,940","12,941",N/A,N/A,"14,530","14,561","14,382","14,763","15,054","15,275","13,720","14,241",N/A,N/A,N/A,N/A,N/A,N/A,N/A
-8578563.8608,4734884.1437,6462,S2012150814,15,Montgomery,0,None,Homecrest Rd,CO,3105,  ,0.06,0,0.76,Homecrest Rd - .10 Mi North Of Bel Pre Rd,Bel Pre Rd To Homecrest Rd,Urban,6,Minor Collector,15000CO03105  01NN**************,15000CO03105--1-----,1,North,2,F,0,8.18,62.98,49.94,50.06,1.6813,https://maps.roads.maryland.gov/itms_public/?stationid=S2012150814,,,5410,5421,5412,5553,5664,5805,6060,6061,,,5840,5861,5792,5943,6064,6155,6420,6671,,,,,,,NO ERROR,,,,,,,,,,,2,8.18,62.98,49.94,50.06,N/A,N/A,"5,410","5,421","5,412","5,553","5,664","5,805","6,060","6,061",N/A,N/A,"5,840","5,861","5,792","5,943","6,064","6,155","6,420","6,671",N/A,N/A,N/A,N/A,N/A,N/A,N/A
-8577315.5101,4720726.0523,6464,S2012150755,15,Montgomery,0,None,Grubb Rd                                ,CO,535,  ,0.29,0,0.72,Grubb Rd - Between Md 410 & Colston Dr,Wash Dc Line To Terrace Dr,Urban,5,Major Collector,15000CO00535  01NN**************,15000CO00535--1-----,1,North,3,F,0,10.44,56.1,49.94,50.06,2.1079,https://maps.roads.maryland.gov/itms_public/?stationid=S2012150755,,,8340,8361,8342,8563,8734,8945,8020,8021,,,9010,9031,8932,9163,9354,9485,8500,8821,,,,,,,NO ERROR,,,,,,,,,,,3,10.44,56.1,49.94,50.06,N/A,N/A,"8,340","8,361","8,342","8,563","8,734","8,945","8,020","8,021",N/A,N/A,"9,010","9,031","8,932","9,163","9,354","9,485","8,500","8,821",N/A,N/A,N/A,N/A,N/A,N/A,N/A
-8592766.8707,4745954.2866,6465,S2012150846,15,Montgomery,0,None,Centerway Rd,CO,3726,  ,0.85,0.82,1.6,Centerway Rd - Between Goshen Rd & Harkness La,Goshen Rd To Snouffers School Rd,Urban,5,Major Collector,15000CO03726  01EE**************,15000CO03726--1-----,1,West,4,F,0,7.93,52.33,50.22,49.78,2.6537,https://maps.roads.maryland.gov/itms_public/?stationid=S2012150846,,,8500,8521,8502,8723,8894,9115,9320,9321,,,9180,9201,9102,9333,9524,9665,9880,10251,,,,,,,NO ERROR,,,,,,,,,,,4,7.93,52.33,50.22,49.78,N/A,N/A,"8,500","8,521","8,502","8,723","8,894","9,115","9,320","9,321",N/A,N/A,"9,180","9,201","9,102","9,333","9,524","9,665","9,880","10,251",N/A,N/A,N/A,N/A,N/A,N/A,N/A
-8588523.2024,4749042.9274,6469,B2781,15,Montgomery,0,None,Woodfield Rd,MD,124,  ,9.27,8.87,10.92,Md124-.20 Mi S Of Warfield Rd,Fieldcrest Rd To Brink Rd,Urban,4,Minor Arterial,15000MD00124  01NN**************,15000MD00124--1-----,1,South,4,F,0,8.76,83.84,50.1,49.9,11.1646,https://maps.roads.maryland.gov/itms_public/?stationid=B2781,13341,13392,13380,13411,13372,13723,13984,14325,14920,14921,14281,14462,14450,14481,14312,14683,14964,15335,15960,15821,,,,,,,NO ERROR,,,,,,,,,,,4,8.76,83.84,50.1,49.9,"13,341","13,392","13,380","13,411","13,372","13,723","13,984","14,325","14,920","14,921","14,281","14,462","14,450","14,481","14,312","14,683","14,964","15,335","15,960","15,821",N/A,N/A,N/A,N/A,N/A,N/A,N/A
-8587867.4558,4724820.1712,6476,S2015150150,15,Montgomery,0,None,Democracy Blvd,CO,166,  ,1.16,0.98,4.4,Democracy Blvd - Between Is 270y & Westfield Montgomery Mall,Is 270y To Md 189,Urban,4,Minor Arterial,15000CO00166  01WW**************,15000CO00166--1-----,1,West,5,F,0,8.04,57.62,50.01,49.99,46.2295,https://maps.roads.maryland.gov/itms_public/?stationid=S2015150150,,,,,,35800,36481,37362,37033,37034,,,,,,38310,39041,39982,39633,39264,,,,,,,NO ERROR,,,,,,,,,,,5,8.04,57.62,50.01,49.99,N/A,N/A,N/A,N/A,N/A,"35,800","36,481","37,362","37,033","37,034",N/A,N/A,N/A,N/A,N/A,"38,310","39,041","39,982","39,633","39,264",N/A,N/A,N/A,N/A,N/A,N/A,N/A
-8591621.8738,4739492.5646,6478,S2001150162,15,Montgomery,0,None,Ramp 7 Fr Is 370 Wb To Md 355 Sb,RP,370,  ,0.34,0.32,0.35,Exit 2 Ramp 7 Fr Ramp 2 (fr Is 370 Wb) To Md 355 Sb,Exit 2  Ramp 07 Ramp 2 Fr Rp 7 (fr Is370 Wb) To Md355 Nb To Frederick Rd,Urban,1,Interstate,15000RP00370  02SSIS2         07,15000RP00370--100207,2,North,1,F,0,17.41,100,100,0,0.0302,https://maps.roads.maryland.gov/itms_public/?stationid=S2001150162,,,855,863,2550,2611,2672,2743,2734,2755,,,,915,2680,2741,2812,2853,2844,2875,,,,,,,NO ERROR,,,,,,,,,,,1,17.41,100,100,0,N/A,N/A,855,863,"2,550","2,611","2,672","2,743","2,734","2,755",N/A,N/A,N/A,915,"2,680","2,741","2,812","2,853","2,844","2,875",N/A,N/A,N/A,N/A,N/A,N/A,N/A
-8603171.843,4755004.2536,6494,S2007150047,15,Montgomery,0,None,Ramp 3 Fr Md 121 Eb To Is 270 Nb,RP,270,  ,0.03,0,0.052,Exit 18 Ramp 3 Fr Md 121 Eb To Is 270 Nb,Exit 18 Ramp 03 Clarksburg Rd To Ramp 2 Fr Md 121 Wb To Ramp 3 (to Is270),Urban,1,Interstate,15000RP00270  02WWIS18        03,15000RP00270--101803,2,East,1,F,0,12.2,100,100,0,0.0251,https://maps.roads.maryland.gov/itms_public/?stationid=S2007150047,443,444,455,560,561,572,583,604,1310,1321,453,474,485,590,591,602,613,634,1360,1371,,,,,,,NO ERROR,,,,,,,,,,,1,12.2,100,100,0,443,444,455,560,561,572,583,604,"1,310","1,321",453,474,485,590,591,602,613,634,"1,360","1,371",N/A,N/A,N/A,N/A,N/A,N/A,N/A
-8591497.6093,4739083.3455,6500,B150062,15,Montgomery,0,None,Shady Grove Rd,CO,212,  ,3.85,2.93,3.95,Shady Grove Rd-.10 Mi S Of Md355,Is 270 To Md 355,Urban,3,Principal Arterial Other,15000CO00212  01NN**************,15000CO00212--1-----,1,South,6,F,0,7.62,58.9,61.56,38.44,15.0599,https://maps.roads.maryland.gov/itms_public/?stationid=B150062,40571,40732,40750,40831,40712,39540,40291,41262,40450,40451,43411,43992,44010,44101,43562,42310,43111,44152,43280,42881,,,,,,,NO ERROR,,,,,,,,,,,6,7.62,58.9,61.56,38.44,"40,571","40,732","40,750","40,831","40,712","39,540","40,291","41,262","40,450","40,451","43,411","43,992","44,010","44,101","43,562","42,310","43,111","44,152","43,280","42,881",N/A,N/A,N/A,N/A,N/A,N/A,N/A
-8596244.6448,4741932.6074,6506,B2775,15,Montgomery,0,None,Quince Orchard Rd,MD,124,  ,2.63,1.19,2.73,Md124-.10 Mi S Of Md117,Md 119 To Md 117,Urban,3,Principal Arterial Other,15000MD00124  01NN**************,15000MD00124--1-----,1,North,4,F,0,7.2,53.33,48.24,51.76,14.9749,https://maps.roads.maryland.gov/itms_public/?stationid=B2775,31571,31702,27160,27211,27132,27170,27691,28362,26640,26641,33781,34242,29330,29391,29032,29070,29631,30352,28510,28241,81,23276,2699,53,492,40,NO ERROR,532,,,0.00304043,0.87369093,0.10131001,0.00198941,0.01846778,0.00150145,0.01996922,4,7.2,53.33,48.24,51.76,"31,571","31,702","27,160","27,211","27,132","27,170","27,691","28,362","26,640","26,641","33,781","34,242","29,330","29,391","29,032","29,070","29,631","30,352","28,510","28,241",81,"23,276",53,"2,699",492,40,532
-8581808.1111,4719518.5791,6510,B150085,15,Montgomery,0,None,East West Hwy (w/b Couplet),MD,410,  ,6.1,5.813,6.241,Md410-between Pearl St & Waverly St (one Way Couplet Wb - Eb See B2890),Montgomery Ave (md 410 Eb/l) To Md 355,Urban,3,Principal Arterial Other,15000MD00410  09WW**************,15000MD00410--2-----,1,West,2,C,1,9,100,0,100,2.148,https://maps.roads.maryland.gov/itms_public/?stationid=B150085,16162,15290,15171,15300,15251,15652,14720,15071,14942,13750,17292,16510,16391,16520,16321,16752,15750,16131,15992,14580,,,,,,,NO ERROR,,,,,,,,,,,2,9,100,0,100,"16,162","15,290","15,171","15,300","15,251","15,652","14,720","15,071","14,942","13,750","17,292","16,510","16,391","16,520","16,321","16,752","15,750","16,131","15,992","14,580",N/A,N/A,N/A,N/A,N/A,N/A,N/A
-8580139.28,4727216.605,6514,S2012150734,15,Montgomery,0,None,Denfeld Ave,CO,295,  ,0.31,0,0.66,Denfeld Ave - .10 Mile North Of Md 185,Anderson Rd To Wexford Dr,Urban,6,Minor Collector,15000CO00295  01NN**************,15000CO00295--1-----,1,South,2,F,0,11.15,58.14,58.04,41.96,1.9766,https://maps.roads.maryland.gov/itms_public/?stationid=S2012150734,,,7710,7731,7712,7913,8064,8265,8195,8205,,,8330,8351,8252,8473,8634,8765,8695,9035,,,,,,,NO ERROR,,,,,,,,,,,2,11.15,58.14,58.04,41.96,N/A,N/A,"7,710","7,731","7,712","7,913","8,064","8,265","8,195","8,205",N/A,N/A,"8,330","8,351","8,252","8,473","8,634","8,765","8,695","9,035",N/A,N/A,N/A,N/A,N/A,N/A,N/A
-8581303.4907,4733069.4087,6521,S2012150798,15,Montgomery,0,None,Parkland Dr                             ,CO,1592,  ,0.65,0,0.67,Parkland Dr - Between Aspen Hill Rd & Landgreen St,Chesterfield Rd To Aspen Hill Rd,Urban,7,Local,15000CO01592  01SS**************,15000CO01592--1-----,1,South,2,F,0,9.59,58.9,49.17,50.83,1.3966,https://maps.roads.maryland.gov/itms_public/?stationid=S2012150798,,,5790,5801,5782,5933,6054,6205,5710,5711,,,6250,6271,6192,6353,6484,6585,6050,6281,,,,,,,NO ERROR,,,,,,,,,,,2,9.59,58.9,49.17,50.83,N/A,N/A,"5,790","5,801","5,782","5,933","6,054","6,205","5,710","5,711",N/A,N/A,"6,250","6,271","6,192","6,353","6,484","6,585","6,050","6,281",N/A,N/A,N/A,N/A,N/A,N/A,N/A
-8566554.7479,4732808.0651,6528,S2012151291,15,Montgomery,0,None,Ramp 6 Fr Md200 Eb To Rp 7 (to Us 29 Sb),RP,200,  ,0.31,0,0.46,Exit 16 Ramp 6 Fr Md 200 Eb To Ramp 7 (to Us 29 Sb),Exit 16 Ramp 06 Md 200 Eb To Ramp 7 (to Us 29 Sb),Urban,2,Principal Arterial Other Freeways and Expressways,15000RP00200  02EEMD16        06,15000RP00200--101606,2,South,1,F,0,13.82,100,0,100,0.3277,https://maps.roads.maryland.gov/itms_public/?stationid=S2012151291,,,1070,1071,1760,1811,1852,1970,1951,1952,,,1160,1161,1880,1941,1982,2110,2091,2072,,,,,,,NO ERROR,,,,,,,,,,,1,13.82,100,0,100,N/A,N/A,"1,070","1,071","1,760","1,811","1,852","1,970","1,951","1,952",N/A,N/A,"1,160","1,161","1,880","1,941","1,982","2,110","2,091","2,072",N/A,N/A,N/A,N/A,N/A,N/A,N/A
-8594835.1122,4746767.4937,6540,S2012150849,15,Montgomery,0,None,Watkins Mill Rd,CO,3770,  ,1.41,1.09,2.1,Watkins Mill Rd - .10 Mi North Of Club House Rd,Stedwick Rd To Apple Ridge Rd,Urban,4,Minor Arterial,15000CO03770  01NN**************,15000CO03770--1-----,1,North,2,F,0,8.09,58.89,50.44,49.56,4.8481,https://maps.roads.maryland.gov/itms_public/?stationid=S2012150849,,,12380,12411,12372,12693,12934,13245,13150,13151,,,13370,13401,13242,13583,13844,14175,14070,13941,,,,,,,NO ERROR,,,,,,,,,,,2,8.09,58.89,50.44,49.56,N/A,N/A,"12,380","12,411","12,372","12,693","12,934","13,245","13,150","13,151",N/A,N/A,"13,370","13,401","13,242","13,583","13,844","14,175","14,070","13,941",N/A,N/A,N/A,N/A,N/A,N/A,N/A
-8568631.6266,4724404.1021,6547,S2000150194,15,Montgomery,0,None,Ramp 2 Fr Is 495 Wb To Md 650 Nb,RP,495,  ,0.1,0,0.29,Exit 28 Ramp 2 Fr Is 495 Wb To Md 650 Nb,Exit 28 Ramp 02 Capital Beltway To New Hampshire Ave,Urban,1,Interstate,15000RP00495  02WWIS28        02,15000RP00495--102802,2,North,2,F,0,7.4,100,100,0,1.0979,https://maps.roads.maryland.gov/itms_public/?stationid=S2000150194,8984,9960,10011,10102,10093,10344,10565,10360,10301,10372,9524,10560,10611,10712,10603,10864,11095,10770,10711,10792,,,,,,,NO ERROR,,,,,,,,,,,2,7.4,100,100,0,"8,984","9,960","10,011","10,102","10,093","10,344","10,565","10,360","10,301","10,372","9,524","10,560","10,611","10,712","10,603","10,864","11,095","10,770","10,711","10,792",N/A,N/A,N/A,N/A,N/A,N/A,N/A
-8573405.1031,4724637.336,6558,S2012150621,15,Montgomery,0,None,Lorain Ave,CO,699,  ,1.05,0,1.4,Lorain Ave - Between Gilmoure Dr & Lanark Way,Brookmoor Dr To Road End,Urban,7,Local,15000CO00699  01WW**************,15000CO00699--1-----,1,West,2,F,0,8.28,64.18,67.83,32.17,0.7926,https://maps.roads.maryland.gov/itms_public/?stationid=S2012150621,,,1290,1291,1292,1380,1411,1452,1550,1551,,,1390,1391,1382,1480,1511,1542,1640,1711,0,1411,107,1,31,1,NO ERROR,32,,,0,0.90973565,0.06898775,0.00064475,0.01998711,0.00064475,0.02063185,2,8.28,64.18,67.83,32.17,N/A,N/A,"1,290","1,291","1,292","1,380","1,411","1,452","1,550","1,551",N/A,N/A,"1,390","1,391","1,382","1,480","1,511","1,542","1,640","1,711",0,"1,411",1,107,31,1,32
-8592168.4162,4737420.1177,6561,S2000150034,15,Montgomery,0,None,Ramp 9 Fr Ramp 1 To Redland Blvd,RP,270,  ,0.04,0,0.19,Exit 8 Ramp 9 Fr Ramp 1 (fr Is 270 Nb) To Redland Blvd,Exit 8  Ramp 09 Ramp 1 Fr Is 270 Nb To Shady Grove Rd Wb To Redland Blvd (ahead),Urban,1,Interstate,15000RP00270  02SSIS8         09,15000RP00270--100809,2,North,2,F,0,12.02,100,100,0,0.4212,https://maps.roads.maryland.gov/itms_public/?stationid=S2000150034,6905,6940,6981,7042,7043,5790,5911,6052,6023,6074,7305,7360,7401,7472,7403,6080,6211,6292,6263,6324,,,,,,,NO ERROR,,,,,,,,,,,2,12.02,100,100,0,"6,905","6,940","6,981","7,042","7,043","5,790","5,911","6,052","6,023","6,074","7,305","7,360","7,401","7,472","7,403","6,080","6,211","6,292","6,263","6,324",N/A,N/A,N/A,N/A,N/A,N/A,N/A
-8594279.8482,4718407.1945,6571,B150075,15,Montgomery,0,None,Clara Barton Pkwy,GV,6,  ,0.2,0,1.67,Clara Barton Pkwy-.20 Mi S Of Macarthur Blvd,Macarthur Blvd To Is 495,Urban,2,Principal Arterial Other Freeways and Expressways,15000GV00006  01SS**************,15000GV00006--1-----,1,South,3,C,0,11.41,90.86,45.55,54.45,6.9062,https://maps.roads.maryland.gov/itms_public/?stationid=B150075,11342,10430,10351,9670,9641,9892,11270,11541,11442,11330,12142,11260,11181,10440,10321,10582,12060,12351,12242,12010,15,10338,833,8,111,25,NO ERROR,136,,,0.00132392,0.91244484,0.07352162,0.00070609,0.009797,0.00220653,0.01200353,3,11.41,90.86,45.55,54.45,"11,342","10,430","10,351","9,670","9,641","9,892","11,270","11,541","11,442","11,330","12,142","11,260","11,181","10,440","10,321","10,582","12,060","12,351","12,242","12,010",15,"10,338",8,833,111,25,136
-8593657.5225,4766622.6576,6573,B2703,15,Montgomery,0,None,Ridge Rd,MD,27,  ,8.43,7.65,8.75,Md27-.50 Mi S Of Md80,Gue Rd To Md 80,Rural,3,Principal Arterial Other,15000MD00027  01NN**************,15000MD00027--1-----,1,North,2,F,1,8.72,66.96,51.61,48.39,8.3002,https://maps.roads.maryland.gov/itms_public/?stationid=B2703,20530,20141,20182,20083,20064,20555,20100,20541,20422,20673,21560,21751,21392,21493,21274,21795,21510,21571,21442,21503,37,15585,3735,71,977,268,NO ERROR,1245,,,0.00178977,0.75388187,0.18067044,0.00343443,0.04725971,0.01296377,0.06022348,2,8.72,66.96,51.61,48.39,"20,530","20,141","20,182","20,083","20,064","20,555","20,100","20,541","20,422","20,673","21,560","21,751","21,392","21,493","21,274","21,795","21,510","21,571","21,442","21,503",37,"15,585",71,"3,735",977,268,1245
-8575635.0184,4721084.0381,6586,B2879,15,Montgomery,0,None,16th St,MD,390,  ,0.26,0.16,0.85,Md390-.10 Mi N Of Md410,Md 410 To Second Ave,Urban,3,Principal Arterial Other,15000MD00390  01NN**************,15000MD00390--1-----,1,North,6,C,0,7.96,58.24,51.95,48.05,9.8952,https://maps.roads.maryland.gov/itms_public/?stationid=B2879,37560,37711,37412,39220,39101,40122,39570,40521,40162,39290,40190,40731,40412,42360,41841,42932,42340,43361,42972,41650,,,,,,,NO ERROR,,,,,,,,,,,6,7.96,58.24,51.95,48.05,"37,560","37,711","37,412","39,220","39,101","40,122","39,570","40,521","40,162","39,290","40,190","40,731","40,412","42,360","41,841","42,932","42,340","43,361","42,972","41,650",N/A,N/A,N/A,N/A,N/A,N/A,N/A
-8571632.4454,4735456.3717,6588,S2012150705,15,Montgomery,0,None,Good Hope Rd,CO,161,  ,2.5,1.15,2.6,Good Hope Rd - .10 Mile North Of Md 650,Briggs Chaney Ro To Md 650,Urban,5,Major Collector,15000CO00161  01SS**************,15000CO00161--1-----,1,North,2,F,0,8.42,61.7,49.26,50.74,4.7744,https://maps.roads.maryland.gov/itms_public/?stationid=S2012150705,,,9030,9051,9022,9263,9444,9675,9020,9021,,,9750,9781,9652,9913,10114,10265,9560,9921,,,,,,,NO ERROR,,,,,,,,,,,2,8.42,61.7,49.26,50.74,N/A,N/A,"9,030","9,051","9,022","9,263","9,444","9,675","9,020","9,021",N/A,N/A,"9,750","9,781","9,652","9,913","10,114","10,265","9,560","9,921",N/A,N/A,N/A,N/A,N/A,N/A,N/A
-8591637.0817,4739502.0336,6594,S2001150156,15,Montgomery,0,None,Ramp 2 Fr Is 370 Wb To Ramp 3 (to Md355),RP,370,  ,0.02,0,0.03,Exit 2 Ramp 2 Fr Is 370 Wb To Ramp 3 (to Md 355 Nb),Exit 2 Ramp 2 Fr Rp 7 (fr Is370 Wb) To Md355 Nb,Urban,1,Interstate,15000RP00370  02SSIS2         02,15000RP00370--100202,2,North,1,F,0,11.72,100,100,0,0.0137,https://maps.roads.maryland.gov/itms_public/?stationid=S2001150156,,,1065,1075,1150,1181,1212,1243,1244,1255,,,,1140,1210,1241,1272,1293,1294,1315,,,,,,,NO ERROR,,,,,,,,,,,1,11.72,100,100,0,N/A,N/A,"1,065","1,075","1,150","1,181","1,212","1,243","1,244","1,255",N/A,N/A,N/A,"1,140","1,210","1,241","1,272","1,293","1,294","1,315",N/A,N/A,N/A,N/A,N/A,N/A,N/A
-8598863.6475,4750202.8261,6596,B2874,15,Montgomery,0,None,Frederick Rd,MD,355,  ,19.3,18.81,19.7,Md355-.30 Mi N Of Md118,Md 118 To Md 27,Urban,3,Principal Arterial Other,15000MD00355  01NN**************,15000MD00355--1-----,1,South,4,F,1,8.27,81.64,44.78,55.22,9.801,https://maps.roads.maryland.gov/itms_public/?stationid=B2874,33811,33952,35380,35451,35352,32910,33541,34352,30170,30171,36181,36672,38210,38291,37832,35210,35891,36762,32280,31981,11,26363,3148,198,366,85,NO ERROR,451,,,0.00036459,0.87378609,0.1043386,0.00656259,0.01213085,0.00281727,0.01494813,4,8.27,81.64,44.78,55.22,"33,811","33,952","35,380","35,451","35,352","32,910","33,541","34,352","30,170","30,171","36,181","36,672","38,210","38,291","37,832","35,210","35,891","36,762","32,280","31,981",11,"26,363",198,"3,148",366,85,451
-8598601.6274,4747184.9989,6611,B150015,15,Montgomery,0,None,Middlebrook Rd,CO,141,  ,2.06,1.76,2.38,Middlebrook Rd-.30 Mi E Of Is270,Is 270 To Md 355,Urban,3,Principal Arterial Other,15000CO00141  01EE**************,15000CO00141--1-----,1,West,6,F,0,8.03,56.19,47.68,52.32,7.577,https://maps.roads.maryland.gov/itms_public/?stationid=B150015,29472,27700,27481,27542,29940,30721,31312,33780,33481,33482,31542,29920,29681,29752,32040,32871,33502,36150,35831,35492,39,30001,2687,110,532,113,NO ERROR,645,,,0.0011648,0.89603369,0.08025208,0.00328535,0.01588913,0.00337495,0.01926408,6,8.03,56.19,47.68,52.32,"29,472","27,700","27,481","27,542","29,940","30,721","31,312","33,780","33,481","33,482","31,542","29,920","29,681","29,752","32,040","32,871","33,502","36,150","35,831","35,492",39,"30,001",110,"2,687",532,113,645
-8590251.0569,4733998.0505,6618,S2012150957,15,Montgomery,130,Rockville,Mannakee St                             ,MU,1900,  ,0.03,0,0.14,Mannakee St - Between Md 28 & Mannakee Alley,W Montgomery Ave To Henderson Cir,Urban,6,Minor Collector,15130MU01900  01NN**************,15130MU01900--1-----,1,North,2,F,0,8.17,51.59,50.2,49.8,0.2285,https://maps.roads.maryland.gov/itms_public/?stationid=S2012150957,,,4180,4191,4182,4293,4384,4495,4470,4471,,,4510,4531,4482,4593,4694,4775,4740,4921,,,,,,,NO ERROR,,,,,,,,,,,2,8.17,51.59,50.2,49.8,N/A,N/A,"4,180","4,191","4,182","4,293","4,384","4,495","4,470","4,471",N/A,N/A,"4,510","4,531","4,482","4,593","4,694","4,775","4,740","4,921",N/A,N/A,N/A,N/A,N/A,N/A,N/A
-8598796.9493,4751061.9413,6634,B2700,15,Montgomery,0,None,Ridge Rd,MD,27,  ,0.1,0,0.54,Md27-.10 Mi N Of Md355,Md 355 To Brink Rd,Urban,3,Principal Arterial Other,15000MD00027  01NN**************,15000MD00027--1-----,1,North,6,F,1,8.2,67.77,50.2,49.8,7.3225,https://maps.roads.maryland.gov/itms_public/?stationid=B2700,33150,33281,33022,31540,31451,32272,32760,33551,37150,37151,35470,35941,35662,34060,33651,34532,35050,35901,39750,39381,49,30964,4823,86,972,257,NO ERROR,1229,,,0.00131894,0.83346343,0.12982154,0.00231488,0.02616349,0.00691771,0.03308121,6,8.2,67.77,50.2,49.8,"33,150","33,281","33,022","31,540","31,451","32,272","32,760","33,551","37,150","37,151","35,470","35,941","35,662","34,060","33,651","34,532","35,050","35,901","39,750","39,381",49,"30,964",86,"4,823",972,257,1229
-8588815.1032,4720364.874,6641,S2000150124,15,Montgomery,0,None,Ramp 2 Fr Md 190 Wb To Is 495 Nb,RP,495,  ,0.03,0,0.07,Exit 39 Ramp 2 Fr Md 190 Wb To Is 495 Nb,Exit 39 Ramp 02 River Rd To Ramp 3 Fr Md 190 Eb To Ramp 2 (to Is495),Urban,1,Interstate,15000RP00495  02WWIS39        02,15000RP00495--103902,2,North,1,F,0,8.44,100,100,0,0.2698,https://maps.roads.maryland.gov/itms_public/?stationid=S2000150124,10204,10215,9930,10021,10012,10253,10474,10560,10490,10561,10824,10835,10530,10621,10512,10773,11004,10980,10910,10981,,,,,,,NO ERROR,,,,,,,,,,,1,8.44,100,100,0,"10,204","10,215","9,930","10,021","10,012","10,253","10,474","10,560","10,490","10,561","10,824","10,835","10,530","10,621","10,512","10,773","11,004","10,980","10,910","10,981",N/A,N/A,N/A,N/A,N/A,N/A,N/A
-8588140.3481,4717776.8329,6659,B2929,15,Montgomery,0,None,Cabin John Pkwy,IS,495,X ,0.2,0,1.5,Is495x-.20 Mi N Of Clara Barton Pkwy,Clara Barton Pkwy To Is 495,Urban,2,Principal Arterial Other Freeways and Expressways,15000IS00495X 01NN**************,15000IS00495X-1-----,1,North,3,F,0,7.05,85.93,51.78,48.22,12.8575,https://maps.roads.maryland.gov/itms_public/?stationid=B2929,19941,20022,22160,22201,22132,22700,23131,23692,23483,23484,21341,21622,23930,23981,23682,24290,24751,25352,25133,24894,60,20287,2753,60,289,35,NO ERROR,324,,,0.00255493,0.86386476,0.11722875,0.00255493,0.01230625,0.00149038,0.01379663,3,7.05,85.93,51.78,48.22,"19,941","20,022","22,160","22,201","22,132","22,700","23,131","23,692","23,483","23,484","21,341","21,622","23,930","23,981","23,682","24,290","24,751","25,352","25,133","24,894",60,"20,287",60,"2,753",289,35,324
-8578092.534,4742940.1109,6665,S2012150688,15,Montgomery,0,None,Prince Philip Dr                        ,CO,146,  ,1.06,0,1.16,Prince Philip Dr - Between Covent Garden Ct & Md 108,Md 97 To Md 108,Urban,5,Major Collector,15000CO00146  01NN**************,15000CO00146--1-----,1,North,3,F,0,9.12,54.8,50.84,49.16,2.0708,https://maps.roads.maryland.gov/itms_public/?stationid=S2012150688,,,4570,4581,4572,4693,4784,4905,4890,4891,,,4940,4951,4892,5023,5124,5205,5180,5381,,,,,,,NO ERROR,,,,,,,,,,,3,9.12,54.8,50.84,49.16,N/A,N/A,"4,570","4,581","4,572","4,693","4,784","4,905","4,890","4,891",N/A,N/A,"4,940","4,951","4,892","5,023","5,124","5,205","5,180","5,381",N/A,N/A,N/A,N/A,N/A,N/A,N/A
-8571603.1188,4734430.2838,6671,S2012151277,15,Montgomery,0,None,Ramp 8 Fr Md650 Sb To Rp 1 (to Md200 Wb),RP,200,  ,0.02,0,0.05,Exit 13 Ramp 8 Fr Md 650 Sb To Ramp 1 (to Md 200 Wb),Exit 13 Ramp 08 Md 650 Sb To Ramp 1 (to Md 200 Wb),Urban,2,Principal Arterial Other Freeways and Expressways,15000RP00200  02SSMD13        08,15000RP00200--101308,2,West,1,F,0,10.68,100,0,100,0.0146,https://maps.roads.maryland.gov/itms_public/?stationid=S2012151277,,,1260,1261,1262,1303,1334,810,801,802,,,1360,1361,1352,1393,1434,870,861,852,,,,,,,NO ERROR,,,,,,,,,,,1,10.68,100,0,100,N/A,N/A,"1,260","1,261","1,262","1,303","1,334",810,801,802,N/A,N/A,"1,360","1,361","1,352","1,393","1,434",870,861,852,N/A,N/A,N/A,N/A,N/A,N/A,N/A
-8607764.2307,4761472.4964,6680,S2007150042,15,Montgomery,0,None,Ramp 7 Fr Md 109 Wb To Ramp 6 (to Is270),RP,270,  ,0.005,0,0.01,Exit 22 Ramp 7 Fr Md 109 Wb To Ramp 6 (to Is 270 Sb),Exit 22 Ramp 07 Old Hundred Rd To Ramp 6 Fr Md 109 Eb To Is 270 Sb,Rural,1,Interstate,15000RP00270  02SSIS22        07,15000RP00270--102207,2,South,1,F,0,13.28,100,0,100,0.0131,https://maps.roads.maryland.gov/itms_public/?stationid=S2007150042,,5033,4981,4960,4991,5112,5373,3640,3591,3582,,0,4981,5010,4991,5112,5373,3680,3561,3442,,,,,,,NO ERROR,,,,,,,,,,,1,13.28,100,0,100,N/A,"5,033","4,981","4,960","4,991","5,112","5,373","3,640","3,591","3,582",N/A,0,"4,981","5,010","4,991","5,112","5,373","3,680","3,561","3,442",N/A,N/A,N/A,N/A,N/A,N/A,N/A
-8584034.0424,4728474.969,6681,S2012150857,15,Montgomery,0,None,Marinelli Rd,CO,4122,  ,0.34,0,0.41,Marinelli Rd - .10 Mi East Of Md 355,Nebel St To Md 355,Urban,5,Major Collector,15000CO04122  01WW**************,15000CO04122--1-----,1,East,3,F,0,8.79,69.79,49.25,50.75,1.0223,https://maps.roads.maryland.gov/itms_public/?stationid=S2012150857,,,6630,6641,6622,6793,6924,7095,6830,6831,,,7160,7171,7092,7273,7414,7525,7240,7511,,,,,,,NO ERROR,,,,,,,,,,,3,8.79,69.79,49.25,50.75,N/A,N/A,"6,630","6,641","6,622","6,793","6,924","7,095","6,830","6,831",N/A,N/A,"7,160","7,171","7,092","7,273","7,414","7,525","7,240","7,511",N/A,N/A,N/A,N/A,N/A,N/A,N/A
-8591428.4808,4739304.4113,6682,S2018150234,15,Montgomery,0,None,Frederick Rd,MD,355,  ,12.66,12.62,12.68,Md 355 - Between Shady Grove Rd & Is 370,Shady Grove To Is 370,Urban,3,Principal Arterial Other,15000MD00355  01NN**************,15000MD00355--1-----,1,North,6,F,1,7.98,70.67,57.25,42.75,1.0558,https://maps.roads.maryland.gov/itms_public/?stationid=S2018150234,,,,,,,,,48210,48211,,,,,,,,,51590,51101,,,,,,,NO ERROR,,,,,,,,,,,6,7.98,70.67,57.25,42.75,N/A,N/A,N/A,N/A,N/A,N/A,N/A,N/A,"48,210","48,211",N/A,N/A,N/A,N/A,N/A,N/A,N/A,N/A,"51,590","51,101",N/A,N/A,N/A,N/A,N/A,N/A,N/A
-8592575.199,4737369.0491,6698,S2000150029,15,Montgomery,0,None,Ramp 8 Fr Ramp 5 To Shady Grove Rd,RP,270,  ,0.01,0,0.02,Exit 8 Ramp 8 Fr Is 270 Sb To Shady Grove Rd Wb,Exit 8  Ramp 08 Is 270 Sb To Shady Grove Rd Wb,Urban,1,Interstate,15000RP00270  02WWIS8         08,15000RP00270--100808,2,West,2,F,0,11.6,100,0,100,0.0382,https://maps.roads.maryland.gov/itms_public/?stationid=S2000150029,,5360,5391,5442,5443,4990,5101,5222,5193,5234,,5680,5711,5772,5723,5240,5361,5432,5403,5444,,,,,,,NO ERROR,,,,,,,,,,,2,11.6,100,0,100,N/A,"5,360","5,391","5,442","5,443","4,990","5,101","5,222","5,193","5,234",N/A,"5,680","5,711","5,772","5,723","5,240","5,361","5,432","5,403","5,444",N/A,N/A,N/A,N/A,N/A,N/A,N/A
-8595918.1114,4742904.3659,6703,S1999150039,15,Montgomery,0,None,Ramp 8 Fr Is 270 Sb To Md 124 Wb,RP,270,  ,0.23,0.21,0.25,Exit 11 Ramp 8 Fr Is 270 Sb To Md 124 Wb,Exit 11 Ramp 08 Ramp 1 Fr Ramp 8 (fr Is270) To Md 124 Eb To Quince Orchard Rd,Urban,1,Interstate,15000RP00270  02SSIS11        08,15000RP00270--101108,2,West,1,F,0,8.64,100,0,100,0.0973,https://maps.roads.maryland.gov/itms_public/?stationid=S1999150039,5791,5802,5833,5894,5895,6360,6491,6652,6613,6664,6141,6152,6183,6254,6195,6680,6821,6922,6883,6934,,,,,,,NO ERROR,,,,,,,,,,,1,8.64,100,0,100,"5,791","5,802","5,833","5,894","5,895","6,360","6,491","6,652","6,613","6,664","6,141","6,152","6,183","6,254","6,195","6,680","6,821","6,922","6,883","6,934",N/A,N/A,N/A,N/A,N/A,N/A,N/A
-8582411.3791,4724489.5395,6715,S2012150736,15,Montgomery,0,None,Franklin St                             ,CO,313,  ,0.03,0,0.66,Franklin St - Between Beach Dr & Parkwood Dr,Beach Dr To Cedar La,Urban,7,Local,15000CO00313  01EE**************,15000CO00313--1-----,1,West,2,F,0,12.76,90.79,38.48,61.52,0.629,https://maps.roads.maryland.gov/itms_public/?stationid=S2012150736,,,2030,2031,2032,2093,2134,2195,2610,2611,,,2190,2191,2172,2243,2284,2335,2770,2871,,,,,,,NO ERROR,,,,,,,,,,,2,12.76,90.79,38.48,61.52,N/A,N/A,"2,030","2,031","2,032","2,093","2,134","2,195","2,610","2,611",N/A,N/A,"2,190","2,191","2,172","2,243","2,284","2,335","2,770","2,871",N/A,N/A,N/A,N/A,N/A,N/A,N/A
-8591563.6704,4741386.6728,6719,S2012150815,15,Montgomery,0,None,E Deer Park Dr                          ,CO,3138,  ,0.64,0.58,0.67,E Deer Park Dr - Between Central Ave & Railroad St,Grove St To Railroad St,Urban,5,Major Collector,15000CO03138  01NN**************,15000CO03138--1-----,1,North,2,F,0,8.92,60.75,51.39,48.61,0.1804,https://maps.roads.maryland.gov/itms_public/?stationid=S2012150815,,,5150,5161,5152,5293,5394,5525,5490,5491,,,5560,5571,5512,5663,5774,5865,5820,6041,,,,,,,NO ERROR,,,,,,,,,,,2,8.92,60.75,51.39,48.61,N/A,N/A,"5,150","5,161","5,152","5,293","5,394","5,525","5,490","5,491",N/A,N/A,"5,560","5,571","5,512","5,663","5,774","5,865","5,820","6,041",N/A,N/A,N/A,N/A,N/A,N/A,N/A
-8578666.1974,4724602.3535,6720,B150021,15,Montgomery,0,None,Stoneybrook Dr,CO,533,  ,0.1,0,0.76,Stoneybrook Dr-.10 Mi W Of Capitol View Ave,Md 192 To Forsythe Ave,Urban,5,Major Collector,15000CO00533  01WW**************,15000CO00533--1-----,1,West,2,F,0,9.56,81.68,50.3,49.7,1.0267,https://maps.roads.maryland.gov/itms_public/?stationid=B150021,3161,3172,3420,3431,3422,3690,3761,3852,3700,3701,3381,3432,3690,3711,3662,3950,4021,4122,3960,3921,16,3200,350,10,115,10,NO ERROR,125,,,0.00432316,0.86463118,0.09456904,0.00270197,0.03107268,0.00270197,0.03377466,2,9.56,81.68,50.3,49.7,"3,161","3,172","3,420","3,431","3,422","3,690","3,761","3,852","3,700","3,701","3,381","3,432","3,690","3,711","3,662","3,950","4,021","4,122","3,960","3,921",16,"3,200",10,350,115,10,125
-8584273.8443,4747816.366,6736,S2012150645,15,Montgomery,0,None,Muncaster Rd,CO,62,  ,0.14,0,1.41,Muncaster Rd - Between Md 108 & Meredith Dr,Md 108 To Granby Rd,Urban,4,Minor Arterial,15000CO00062  01SS**************,15000CO00062--1-----,1,North,2,F,0,10.43,72.88,50.02,49.98,2.934,https://maps.roads.maryland.gov/itms_public/?stationid=S2012150645,,,5290,5301,5292,5433,5544,5685,5700,5701,,,5710,5731,5662,5813,5934,6085,6100,6041,,,,,,,NO ERROR,,,,,,,,,,,2,10.43,72.88,50.02,49.98,N/A,N/A,"5,290","5,301","5,292","5,433","5,544","5,685","5,700","5,701",N/A,N/A,"5,710","5,731","5,662","5,813","5,934","6,085","6,100","6,041",N/A,N/A,N/A,N/A,N/A,N/A,N/A
-8603182.2457,4755054.7609,6738,S2007150045,15,Montgomery,0,None,Ramp 1 Fr Ramp 4 (fr Is270) To Md 121 Wb,RP,270,  ,0.02,0,0.04,Exit 18 Ramp 1 Fr Ramp 4 (fr Is 270 Nb) To Md 121 Wb,Exit 18 Ramp 01 Ramp 4 Fr Is 270 Nb To Md 121 Eb To Clarksburg Rd,Urban,1,Interstate,15000RP00270  02NNIS18        01,15000RP00270--101801,2,North,1,F,0,9.67,100,100,0,0.0082,https://maps.roads.maryland.gov/itms_public/?stationid=S2007150045,483,484,485,510,511,522,553,564,565,565,493,484,495,520,511,522,553,574,565,545,,,,,,,NO ERROR,,,,,,,,,,,1,9.67,100,100,0,483,484,485,510,511,522,553,564,565,565,493,484,495,520,511,522,553,574,565,545,N/A,N/A,N/A,N/A,N/A,N/A,N/A
-8583978.8683,4720515.9452,6742,B150019,15,Montgomery,0,None,Huntington Pkwy,CO,350,  ,0.2,0,0.61,Huntington Pkwy-.20 Mi W Of Md187,Md 187 To Md 191,Urban,5,Major Collector,15000CO00350  01WW**************,15000CO00350--1-----,1,West,3,F,0,10.48,66.54,47.6,52.4,1.5476,https://maps.roads.maryland.gov/itms_public/?stationid=B150019,5461,5482,5510,5521,5502,6880,7011,7182,6950,6951,5841,5922,5950,5961,5892,7360,7501,7612,7370,7651,10,6245,512,39,134,11,NO ERROR,145,,,0.00143864,0.89843188,0.07365847,0.0056107,0.0192778,0.00158251,0.02086031,3,10.48,66.54,47.6,52.4,"5,461","5,482","5,510","5,521","5,502","6,880","7,011","7,182","6,950","6,951","5,841","5,922","5,950","5,961","5,892","7,360","7,501","7,612","7,370","7,651",10,"6,245",39,512,134,11,145
-8581365.2186,4733272.0187,6784,S2012150805,15,Montgomery,0,None,Renn St                                 ,CO,1897,  ,0.45,0,0.48,Renn St - Between Bauer Dr & Parkland Dr,Arctic Ave To Parkland Dr,Urban,7,Local,15000CO01897  01EE**************,15000CO01897--1-----,1,East,2,F,0,12.57,57.44,49.06,50.94,0.3085,https://maps.roads.maryland.gov/itms_public/?stationid=S2012150805,,,1780,1781,1782,1833,1874,1925,1760,1761,,,1920,1921,1912,1963,2014,2045,1870,1941,,,,,,,NO ERROR,,,,,,,,,,,2,12.57,57.44,49.06,50.94,N/A,N/A,"1,780","1,781","1,782","1,833","1,874","1,925","1,760","1,761",N/A,N/A,"1,920","1,921","1,912","1,963","2,014","2,045","1,870","1,941",N/A,N/A,N/A,N/A,N/A,N/A,N/A
-8594566.8509,4738347.3495,6793,S2012150893,15,Montgomery,0,None,Fields Rd,CO,6067,  ,0.82,0,0.93,Fields Rd - .10 Mi East Of Sam Eig Hwy,Washingtonian Blvd To Sam Eig Hwy,Urban,5,Major Collector,15000CO06067  01WW**************,15000CO06067--1-----,1,West,5,F,0,10.3,67.04,44.62,55.38,5.7201,https://maps.roads.maryland.gov/itms_public/?stationid=S2012150893,,,16150,16181,16132,16553,16874,17285,16850,16851,,,17440,17481,17262,17713,18064,18325,17860,18541,,,,,,,NO ERROR,,,,,,,,,,,5,10.3,67.04,44.62,55.38,N/A,N/A,"16,150","16,181","16,132","16,553","16,874","17,285","16,850","16,851",N/A,N/A,"17,440","17,481","17,262","17,713","18,064","18,325","17,860","18,541",N/A,N/A,N/A,N/A,N/A,N/A,N/A
-8569212.7347,4724533.1963,6802,S2000150200,15,Montgomery,0,None,Ramp 8 Fr Md 650 Sb To Is 495 Wb,RP,495,  ,0.1,0,0.16,Exit 28 Ramp 8 Fr Md 650 Sb To Is 495 Wb,Exit 28 Ramp 08 New Hampshire Ave To Capital Beltway,Urban,1,Interstate,15000RP00495  02SSIS28        08,15000RP00495--102808,2,West,1,F,0,10.3,100,0,100,0.354,https://maps.roads.maryland.gov/itms_public/?stationid=S2000150200,4824,5440,5471,5522,5523,5664,5785,6060,6021,6062,5114,5770,5801,5852,5803,5954,6075,6300,6261,6302,,,,,,,NO ERROR,,,,,,,,,,,1,10.3,100,0,100,"4,824","5,440","5,471","5,522","5,523","5,664","5,785","6,060","6,021","6,062","5,114","5,770","5,801","5,852","5,803","5,954","6,075","6,300","6,261","6,302",N/A,N/A,N/A,N/A,N/A,N/A,N/A
-8576339.0277,4723877.987,6808,B2948,15,Montgomery,0,None,Georgia Ave,MD,97,  ,1.59,1.44,1.61,Md97-.15 Mi N Of Is495,Is 495 To Md 192,Urban,3,Principal Arterial Other,15000MD00097  01NN**************,15000MD00097--1-----,1,North,8,F,1,6.95,54.06,45.1,54.9,4.2995,https://maps.roads.maryland.gov/itms_public/?stationid=B2948,81331,71090,64020,64151,63962,61610,62781,64292,66500,69291,87021,76780,69140,69281,68442,65920,67181,68792,71160,70491,,,,,,,NO ERROR,,,,,,,,,,,8,6.95,54.06,45.1,54.9,"81,331","71,090","64,020","64,151","63,962","61,610","62,781","64,292","66,500","69,291","87,021","76,780","69,140","69,281","68,442","65,920","67,181","68,792","71,160","70,491",N/A,N/A,N/A,N/A,N/A,N/A,N/A
-8604896.3431,4752181.3768,6816,B150092,15,Montgomery,0,None,Clarksburg Rd,MD,121,  ,2.16,0,2.26,Md121-.10 Mi S Of West Old Baltimore Rd,Md 117 To West Old Baltimore Rd,Rural,5,Major Collector,15000MD00121  01NN**************,15000MD00121--1-----,1,North,2,F,0,12.8,64.92,51.82,48.18,3.3012,https://maps.roads.maryland.gov/itms_public/?stationid=B150092,3602,3920,3931,3912,3990,4091,4182,3970,3951,4002,3782,4230,4171,4192,4230,4341,4482,4210,4191,4242,,,,,,,NO ERROR,,,,,,,,,,,2,12.8,64.92,51.82,48.18,"3,602","3,920","3,931","3,912","3,990","4,091","4,182","3,970","3,951","4,002","3,782","4,230","4,171","4,192","4,230","4,341","4,482","4,210","4,191","4,242",N/A,N/A,N/A,N/A,N/A,N/A,N/A
-8591374.963,4729648.566,6817,B150016,15,Montgomery,0,None,Montrose Rd,CO,144,  ,0.1,0,1.2,Montrose Rd-.10 Mi E Of Md189,Md 189 To Md 927 (ahead),Urban,4,Minor Arterial,15000CO00144  01EE**************,15000CO00144--1-----,1,East,3,F,0,8.71,67.23,51.88,48.12,4.4729,https://maps.roads.maryland.gov/itms_public/?stationid=B150016,9062,10020,9941,9962,10340,10611,10812,10300,10211,10212,9702,10820,10741,10762,11060,11351,11572,11020,10931,10832,8,8933,961,11,282,17,NO ERROR,299,,,0.00078339,0.87475519,0.09410497,0.00107716,0.02761457,0.00166471,0.02927928,3,8.71,67.23,51.88,48.12,"9,062","10,020","9,941","9,962","10,340","10,611","10,812","10,300","10,211","10,212","9,702","10,820","10,741","10,762","11,060","11,351","11,572","11,020","10,931","10,832",8,"8,933",11,961,282,17,299
-8589558.6133,4726301.2767,6827,S2012150696,15,Montgomery,0,None,Seven Locks Rd,CO,148,  ,4.07,3.43,4.12,Seven Locks Rd - .10 Mile South Of Bells Mill Rd,Democracy Blvd To Bells Mill Rd,Urban,4,Minor Arterial,15000CO00148  01NN**************,15000CO00148--1-----,1,North,2,F,0,9.34,61.96,48.49,51.51,3.5035,https://maps.roads.maryland.gov/itms_public/?stationid=S2012150696,,,14010,14041,14002,14373,14654,15015,13910,13911,,,15130,15161,14982,15383,15684,16075,14880,14751,,,,,,,NO ERROR,,,,,,,,,,,2,9.34,61.96,48.49,51.51,N/A,N/A,"14,010","14,041","14,002","14,373","14,654","15,015","13,910","13,911",N/A,N/A,"15,130","15,161","14,982","15,383","15,684","16,075","14,880","14,751",N/A,N/A,N/A,N/A,N/A,N/A,N/A
-8574050.3969,4719302.0626,6830,S2012150981,15,Montgomery,143,Takoma Park,Fenton St,MU,455,  ,0.11,0,0.193,Fenton St - .10 Mi West Of Takoma Ave,Fenton St (back) To Takoma Ave,Urban,5,Major Collector,15143MU00455  01EE**************,15143MU00455--1-----,1,West,2,F,0,8.61,54.21,49.37,50.63,0.4685,https://maps.roads.maryland.gov/itms_public/?stationid=S2012150981,,,6480,6491,6472,6643,6774,6945,6650,6651,,,7000,7011,6932,7113,7254,7365,7050,7321,,,,,,,NO ERROR,,,,,,,,,,,2,8.61,54.21,49.37,50.63,N/A,N/A,"6,480","6,491","6,472","6,643","6,774","6,945","6,650","6,651",N/A,N/A,"7,000","7,011","6,932","7,113","7,254","7,365","7,050","7,321",N/A,N/A,N/A,N/A,N/A,N/A,N/A
-8577733.2609,4725829.0525,6843,S2017150255,15,Montgomery,0,None,Brunswick Ave,CO,1583,  ,0.28,0.23,0.59,Brunswick Ave - .05 Mile South Of Plyers Mill Rd,Plyers Mill Rd To Dennis Ave,Urban,6,Minor Collector,15000CO01583  01SS**************,15000CO01583--1-----,1,North,2,F,0,10.62,55.32,51.05,48.95,0.3813,https://maps.roads.maryland.gov/itms_public/?stationid=S2017150255,,,,,,,,2930,2901,2902,,,,,,,,3110,3081,3192,,,,,,,NO ERROR,,,,,,,,,,,2,10.62,55.32,51.05,48.95,N/A,N/A,N/A,N/A,N/A,N/A,N/A,"2,930","2,901","2,902",N/A,N/A,N/A,N/A,N/A,N/A,N/A,"3,110","3,081","3,192",N/A,N/A,N/A,N/A,N/A,N/A,N/A
-8577165.2477,4727619.1618,6848,B2832,15,Montgomery,0,None,University Blvd W,MD,193,  ,1.56,1.46,3,Md193-.10 Mi E Of Md97,Md 97 To Arcola Ave,Urban,3,Principal Arterial Other,15000MD00193  01EE**************,15000MD00193--1-----,1,East,6,F,1,8.26,58.88,53.21,46.79,15.6663,https://maps.roads.maryland.gov/itms_public/?stationid=B2832,28751,28872,29740,29801,29712,29480,30041,30762,27870,27871,30761,31182,32120,32191,31792,31540,32141,32922,29820,29541,94,22334,4196,52,1009,186,NO ERROR,1195,,,0.00337268,0.80133472,0.15055075,0.00186574,0.0362025,0.0066736,0.04287611,6,8.26,58.88,53.21,46.79,"28,751","28,872","29,740","29,801","29,712","29,480","30,041","30,762","27,870","27,871","30,761","31,182","32,120","32,191","31,792","31,540","32,141","32,922","29,820","29,541",94,"22,334",52,"4,196","1,009",186,1195
-8589868.1831,4729004.5443,6850,S2012150698,15,Montgomery,0,None,Seven Locks Rd,CO,148,  ,5.48,4.69,5.56,Seven Locks Rd - Between Fontaine St & Postoak Rd,Tuckerman La To Postoak Rd,Urban,4,Minor Arterial,15000CO00148  01NN**************,15000CO00148--1-----,1,North,3,F,0,9.09,57.5,51.01,48.99,6.2211,https://maps.roads.maryland.gov/itms_public/?stationid=S2012150698,,,19480,19521,19462,19973,20354,20845,19590,19591,,,21040,21081,20822,21373,21784,22305,20960,20771,,,,,,,NO ERROR,,,,,,,,,,,3,9.09,57.5,51.01,48.99,N/A,N/A,"19,480","19,521","19,462","19,973","20,354","20,845","19,590","19,591",N/A,N/A,"21,040","21,081","20,822","21,373","21,784","22,305","20,960","20,771",N/A,N/A,N/A,N/A,N/A,N/A,N/A
-8584794.2317,4713972.9283,6862,S2012150789,15,Montgomery,0,None,Brookes La                              ,CO,1234,  ,0.19,0,0.28,Brookes La - Between Sangamore Rd & Locust La,Sangamore Rd To Sangamore Rd,Urban,5,Major Collector,15000CO01234  01SS**************,15000CO01234--1-----,1,North,2,F,0,9.44,58.82,68.15,31.85,0.0338,https://maps.roads.maryland.gov/itms_public/?stationid=S2012150789,,,320,321,322,333,344,355,330,331,,,350,351,352,363,374,385,350,361,,,,,,,NO ERROR,,,,,,,,,,,2,9.44,58.82,68.15,31.85,N/A,N/A,320,321,322,333,344,355,330,331,N/A,N/A,350,351,352,363,374,385,350,361,N/A,N/A,N/A,N/A,N/A,N/A,N/A
-8585067.1385,4722041.3821,6866,S2012150772,15,Montgomery,0,None,Lindale Dr                              ,CO,1009,  ,0.52,0,0.56,Lindale Dr - Between Bradmoor Dr & Sonoma Rd,Melvern Dr To Bradmoor Dr,Urban,5,Major Collector,15000CO01009  01SS**************,15000CO01009--1-----,1,North,2,F,0,13.44,70.03,49.9,50.1,0.503,https://maps.roads.maryland.gov/itms_public/?stationid=S2012150772,,,2460,2471,2462,2533,2584,2655,2460,2461,,,2660,2671,2632,2713,2774,2815,2610,2711,,,,,,,NO ERROR,,,,,,,,,,,2,13.44,70.03,49.9,50.1,N/A,N/A,"2,460","2,471","2,462","2,533","2,584","2,655","2,460","2,461",N/A,N/A,"2,660","2,671","2,632","2,713","2,774","2,815","2,610","2,711",N/A,N/A,N/A,N/A,N/A,N/A,N/A
-8594164.2876,4738842.508,6877,S2015150152,15,Montgomery,0,None,No Name,IS,370,  ,0.18,0,0.43,Is 370 - Between Is 270 & Washingtonian Blvd,Sameighwy(back) To Is 270,Urban,1,Interstate,15000IS00370  01EE**************,15000IS00370--1-----,1,East,5,F,0,8.63,51.58,50.96,49.04,11.3494,https://maps.roads.maryland.gov/itms_public/?stationid=S2015150152,,,,,,,,72240,71811,72312,,,,,,,,75130,74681,75202,,,,,,,NO ERROR,,,,,,,,,,,5,8.63,51.58,50.96,49.04,N/A,N/A,N/A,N/A,N/A,N/A,N/A,"72,240","71,811","72,312",N/A,N/A,N/A,N/A,N/A,N/A,N/A,"75,130","74,681","75,202",N/A,N/A,N/A,N/A,N/A,N/A,N/A
-8577777.3802,4729606.9548,6887,S2012150780,15,Montgomery,0,None,Judson Rd,CO,1151,  ,0.23,0,0.794,Judson Rd - Between Randolph Rd & Newton St,Randolph Rd To Parker Ave,Urban,6,Minor Collector,15000CO01151  01SS**************,15000CO01151--1-----,1,North,3,F,0,11.63,81.82,80.01,19.99,0.2263,https://maps.roads.maryland.gov/itms_public/?stationid=S2012150780,,,780,781,782,803,824,845,780,781,,,840,841,842,863,884,905,830,861,,,,,,,NO ERROR,,,,,,,,,,,3,11.63,81.82,80.01,19.99,N/A,N/A,780,781,782,803,824,845,780,781,N/A,N/A,840,841,842,863,884,905,830,861,N/A,N/A,N/A,N/A,N/A,N/A,N/A
-8563279.4732,4739467.7746,6888,S2010150042,15,Montgomery,0,None,Ramp 8 Fr Us 29 Sb To Dustin Rd,RP,29,  ,0.2,0,0.318,Exit 11b Ramp 8 Fr Us 29 Sb To Dustin Rd,Exit 11 Ramp 08 Columbia Pike To Columbia Pike (ahead),Urban,2,Principal Arterial Other Freeways and Expressways,15000RP00029  02SSUS11B       08,15000RP00029--111B08,2,South,1,F,0,9.15,100,0,100,0.9939,https://maps.roads.maryland.gov/itms_public/?stationid=S2010150042,8640,8681,8612,8633,8614,8845,8440,8641,8562,8563,9250,9381,9302,9323,9224,9465,9030,9251,9162,9083,,,,,,,NO ERROR,,,,,,,,,,,1,9.15,100,0,100,"8,640","8,681","8,612","8,633","8,614","8,845","8,440","8,641","8,562","8,563","9,250","9,381","9,302","9,323","9,224","9,465","9,030","9,251","9,162","9,083",N/A,N/A,N/A,N/A,N/A,N/A,N/A
-8584704.7877,4723632.7834,6901,B2804,15,Montgomery,0,None,Old Georgetown Rd,MD,187,  ,2.49,0.91,2.64,Md187-.15 Mi S Of Is495,Huntington Pkwy To Is 495,Urban,3,Principal Arterial Other,15000MD00187  01NN**************,15000MD00187--1-----,1,South,5,F,0,8.11,62.76,48.38,51.62,26.68,https://maps.roads.maryland.gov/itms_public/?stationid=B2804,40802,44450,44091,44182,42550,43661,44492,42630,42251,42252,43662,48010,47621,47722,45530,46721,47612,45610,45211,44792,36,37746,3089,223,945,213,NO ERROR,1158,,,0.00085203,0.89335416,0.07310897,0.00527786,0.02236581,0.00504118,0.02740699,5,8.11,62.76,48.38,51.62,"40,802","44,450","44,091","44,182","42,550","43,661","44,492","42,630","42,251","42,252","43,662","48,010","47,621","47,722","45,530","46,721","47,612","45,610","45,211","44,792",36,"37,746",223,"3,089",945,213,1158
-8607730.151,4761480.9053,6906,S2007150040,15,Montgomery,0,None,Ramp 5 Fr Is 270 Sb To Md 109 Eb,RP,270,  ,0.19,0.17,0.21,Exit 22 Ramp 5 Fr Is 270 Sb To Md 109 Eb ,Exit 22 Ramp 05 Ramp 8 Fr Ramp 5 (fr Is270) To Md 109 Wb To Old Hundred Rd,Rural,1,Interstate,15000RP00270  02SSIS22        05,15000RP00270--102205,2,East,1,F,0,8.22,100,100,0,0.008,https://maps.roads.maryland.gov/itms_public/?stationid=S2007150040,423,424,435,470,471,482,493,514,550,551,433,454,465,500,501,512,523,544,570,571,,,,,,,NO ERROR,,,,,,,,,,,1,8.22,100,100,0,423,424,435,470,471,482,493,514,550,551,433,454,465,500,501,512,523,544,570,571,N/A,N/A,N/A,N/A,N/A,N/A,N/A
-8575020.0775,4720870.9755,6920,B150049,15,Montgomery,0,None,Colesville Rd,MD,384,  ,0.35,0.25,0.53,Md384-.10 Mi E Of Md410,Md 410 To Us 29/md 97,Urban,3,Principal Arterial Other,15000MD00384  01EE**************,15000MD00384--1-----,1,East,7,F,1,7.45,60.1,49.02,50.98,2.9569,https://maps.roads.maryland.gov/itms_public/?stationid=B150049,30622,29180,28951,29012,29340,30101,30672,29190,28931,28932,32772,31510,31271,31332,31390,32211,32822,31230,30961,30672,217,24769,2263,234,1211,238,NO ERROR,1449,,,0.00750035,0.85611088,0.07821789,0.00808793,0.04185677,0.00822619,0.05008295,7,7.45,60.1,49.02,50.98,"30,622","29,180","28,951","29,012","29,340","30,101","30,672","29,190","28,931","28,932","32,772","31,510","31,271","31,332","31,390","32,211","32,822","31,230","30,961","30,672",217,"24,769",234,"2,263","1,211",238,1449
-8595398.4853,4742271.3861,6926,B2967,15,Montgomery,0,None,Eisenhower Memorial Hwy,IS,270,  ,11.07,10.85,11.47,Is270-.30 Mi S Of Md124,Md 117 To Md 124,Urban,1,Interstate,15000IS00270  01NN**************,15000IS00270--1-----,1,North,10,F,1,6.68,55.98,51.3,48.7,42.427,https://maps.roads.maryland.gov/itms_public/?stationid=B2967,172631,172802,178150,179751,179572,174910,178581,182872,186180,187481,182991,183172,188840,190541,188552,183660,187511,190192,193630,194981,193,152875,24131,1216,5483,3583,NO ERROR,9066,,,0.00102944,0.81541596,0.12871171,0.00648599,0.02924563,0.01911127,0.0483569,10,6.68,55.98,51.3,48.7,"172,631","172,802","178,150","179,751","179,572","174,910","178,581","182,872","186,180","187,481","182,991","183,172","188,840","190,541","188,552","183,660","187,511","190,192","193,630","194,981",193,"152,875","1,216","24,131",5483,3583,"9,066"
-8574948.5623,4731048.6323,6932,S2012150663,15,Montgomery,0,None,Kemp Mill Rd,CO,123,  ,0.08,0,1.12,Kemp Mill Rd - .10 Mile South Of Randolph Rd,Randolph Rd To Stonington Rd,Urban,4,Minor Arterial,15000CO00123  01SS**************,15000CO00123--1-----,1,South,2,F,0,11.43,74.34,51.03,48.97,3.5488,https://maps.roads.maryland.gov/itms_public/?stationid=S2012150663,,,8270,8291,8272,8493,8654,8865,8680,8681,,,8930,8951,8852,9093,9264,9495,9290,9201,,,,,,,NO ERROR,,,,,,,,,,,2,11.43,74.34,51.03,48.97,N/A,N/A,"8,270","8,291","8,272","8,493","8,654","8,865","8,680","8,681",N/A,N/A,"8,930","8,951","8,852","9,093","9,264","9,495","9,290","9,201",N/A,N/A,N/A,N/A,N/A,N/A,N/A
-8592753.7368,4744249.6297,6936,B150003,15,Montgomery,0,None,Midcounty Hwy,MD,124,  ,5.02,4.34,6.01,Md124-.10 Mi N Of Goshen Rd,Montgomery Village Ave To Midcounty Hwy,Urban,3,Principal Arterial Other,15000MD00124  01NN**************,15000MD00124--1-----,1,South,4,F,0,8.4,57.67,50.34,49.66,14.2159,https://maps.roads.maryland.gov/itms_public/?stationid=B150003,23791,23892,23570,23621,23560,24171,24632,23530,23321,23322,25461,25802,25460,25511,25210,25861,26362,25180,24951,24722,87,20468,1992,87,590,98,NO ERROR,688,,,0.00373038,0.87762628,0.08541291,0.00373038,0.025298,0.00420204,0.02950004,4,8.4,57.67,50.34,49.66,"23,791","23,892","23,570","23,621","23,560","24,171","24,632","23,530","23,321","23,322","25,461","25,802","25,460","25,511","25,210","25,861","26,362","25,180","24,951","24,722",87,"20,468",87,"1,992",590,98,688
-8590754.6233,4734145.2724,6940,S2000150024,15,Montgomery,0,None,Ramp 2 Fr Md 28 Wb To Is 270 Nb,RP,270,  ,0.1,0,0.23,Exit 6 Ramp 2 Fr Md 28 Wb To Is 270 Nb,Exit 6  Ramp 02 W Montgomery Ave To Eisenhower Memorial Hwy,Urban,1,Interstate,15000RP00270  02NNIS6         02,15000RP00270--100602,2,North,1,F,0,8.35,100,100,0,0.6297,https://maps.roads.maryland.gov/itms_public/?stationid=S2000150024,8464,8790,8040,8111,8102,8303,8484,8695,7450,7501,8974,9320,8520,8601,8512,8723,8914,9045,7750,7801,,,,,,,NO ERROR,,,,,,,,,,,1,8.35,100,100,0,"8,464","8,790","8,040","8,111","8,102","8,303","8,484","8,695","7,450","7,501","8,974","9,320","8,520","8,601","8,512","8,723","8,914","9,045","7,750","7,801",N/A,N/A,N/A,N/A,N/A,N/A,N/A
-8603191.7532,4746303.8625,6950,B150110,15,Montgomery,0,None,Father Hurley Blvd,CO,4556,  ,2.3,1.42,2.629,Father Hurley Blvd-.10 Mi S Of Dawson Farm Rd,Wisteria Dr To Waterford Hills Blvd,Urban,3,Principal Arterial Other,15000CO04556  01SS**************,15000CO04556--1-----,1,South,4,F,0,8.68,53.27,43.34,56.66,4.047,https://maps.roads.maryland.gov/itms_public/?stationid=B150110,4521,4542,7710,7731,7712,10080,10271,10522,9170,9171,4841,4912,8330,8351,8252,10790,10991,11262,9810,9721,18,8080,834,26,191,22,NO ERROR,213,,,0.00196271,0.88103805,0.09093883,0.00283502,0.02082652,0.00239887,0.02322538,4,8.68,53.27,43.34,56.66,"4,521","4,542","7,710","7,731","7,712","10,080","10,271","10,522","9,170","9,171","4,841","4,912","8,330","8,351","8,252","10,790","10,991","11,262","9,810","9,721",18,"8,080",26,834,191,22,213
-8584785.6925,4723848.4538,6958,S2000150139,15,Montgomery,0,None,Ramp 4 Fr Md 187 Nb To Is 495 Eb,RP,495,  ,0.02,0,0.03,Exit 36 Ramp 4 Fr Md 187 Nb To Is 495 Eb,Exit 36 Ramp 04 Old Georgetown Rd To Ramp 5 Fr Md 187 Sb To Ramp 4 (to Is495),Urban,1,Interstate,15000RP00495  02NNIS36        04,15000RP00495--103604,2,North,1,F,0,7.46,100,100,0,0.0216,https://maps.roads.maryland.gov/itms_public/?stationid=S2000150139,1753,1940,1951,1972,1973,2024,2075,1960,1951,1972,1863,2060,2071,2092,2073,2134,2185,2040,2031,2052,,,,,,,NO ERROR,,,,,,,,,,,1,7.46,100,100,0,"1,753","1,940","1,951","1,972","1,973","2,024","2,075","1,960","1,951","1,972","1,863","2,060","2,071","2,092","2,073","2,134","2,185","2,040","2,031","2,052",N/A,N/A,N/A,N/A,N/A,N/A,N/A
-8574630.3319,4721296.0901,6994,B2720,15,Montgomery,0,None,Colesville Rd,US,29,  ,0.91,0.82,1.51,Us29-.10 Mi N Of Md97/md384(reversable Lanes 3&4),Md 97/md 384 To Dale Dr,Urban,3,Principal Arterial Other,15000US00029  01NN**************,15000US00029--1-----,1,South,7,F,1,7.75,73.43,47.18,52.82,7.0521,https://maps.roads.maryland.gov/itms_public/?stationid=B2720,34930,35071,34792,33360,33261,34132,34783,35624,28000,28001,37380,37881,37582,36030,35591,36522,37223,38124,29960,29681,107,23320,2724,848,843,159,NO ERROR,1002,,,0.00382129,0.8328274,0.09728224,0.03028463,0.03010607,0.00567837,0.03578444,7,7.75,73.43,47.18,52.82,"34,930","35,071","34,792","33,360","33,261","34,132","34,783","35,624","28,000","28,001","37,380","37,881","37,582","36,030","35,591","36,522","37,223","38,124","29,960","29,681",107,"23,320",848,"2,724",843,159,1002
-8603667.796,4743828.2488,6997,S2012150898,15,Montgomery,0,None,Richter Farm Rd,CO,6603,  ,0.81,0.76,2.684,Richter Farm Rd - .10 Mi West Of Md 118,Md 118 To Md 117,Urban,5,Major Collector,15000CO06603  01WW**************,15000CO06603--1-----,1,East,3,C,0,9.57,71.88,49.95,50.05,5.4214,https://maps.roads.maryland.gov/itms_public/?stationid=S2012150898,,,6890,7430,7411,7602,7753,7944,7875,7720,,,7440,8020,7931,8132,8303,8424,8355,8490,47,6995,390,7,237,44,NO ERROR,281,,,0.00608808,0.90608808,0.05051813,0.00090674,0.03069948,0.00569948,0.03639896,3,9.57,71.88,49.95,50.05,N/A,N/A,"6,890","7,430","7,411","7,602","7,753","7,944","7,875","7,720",N/A,N/A,"7,440","8,020","7,931","8,132","8,303","8,424","8,355","8,490",47,"6,995",7,390,237,44,281
-8595503.1592,4741832.4295,7001,S1999150034,15,Montgomery,0,None,Ramp 6 Fr Md 117 Eb To Is 270 Sb,RP,270,  ,0.05,0,0.1,Exit 10 Ramp 6 Fr Md 117 Eb To Is 270 Sb,Exit 10 Ramp 06 W Diamond Ave To Ramp 7 Fr Md 117 Wb To Ramp 6 (to Is270),Urban,1,Interstate,15000RP00270  02EEIS10        06,15000RP00270--101006,2,South,2,F,0,8.64,100,0,100,0.6392,https://maps.roads.maryland.gov/itms_public/?stationid=S1999150034,13262,13283,13354,13475,14390,14741,15052,15413,17390,17511,14062,14083,14164,14285,15110,15481,15812,16033,18090,18211,,,,,,,NO ERROR,,,,,,,,,,,2,8.64,100,0,100,"13,262","13,283","13,354","13,475","14,390","14,741","15,052","15,413","17,390","17,511","14,062","14,083","14,164","14,285","15,110","15,481","15,812","16,033","18,090","18,211",N/A,N/A,N/A,N/A,N/A,N/A,N/A
-8565843.4369,4733796.8745,7002,S2010150031,15,Montgomery,0,None,Ramp 6 Fr Briggs Chaney Rd To Us 29 Sb,RP,29,  ,0.1,0,0.171,Exit 8 Ramp 6 Fr Briggs Chaney Rd To Us 29 Sb ,Exit 8  Ramp 06 Briggs Chaney Rd To Columbia Pike,Urban,2,Principal Arterial Other Freeways and Expressways,15000RP00029  02NNUS8         06,15000RP00029--100806,2,North,2,F,0,7.83,100,100,0,0.3384,https://maps.roads.maryland.gov/itms_public/?stationid=S2010150031,5000,5021,5790,5801,5782,5933,6054,6205,5420,5421,5350,5421,6250,6271,6192,6353,6484,6645,5800,5751,,,,,,,NO ERROR,,,,,,,,,,,2,7.83,100,100,0,"5,000","5,021","5,790","5,801","5,782","5,933","6,054","6,205","5,420","5,421","5,350","5,421","6,250","6,271","6,192","6,353","6,484","6,645","5,800","5,751",N/A,N/A,N/A,N/A,N/A,N/A,N/A
-8583692.5929,4747990.1567,7007,S2014150334,15,Montgomery,0,None,Brookeville Rd,CO,63,  ,0.1,0,2.8,Brookeville Rd - .10 Mile East Of Md 108,Md 108 To Md 97,Urban,6,Minor Collector,15000CO00063  01EE**************,15000CO00063--1-----,1,East,2,F,0,10.93,55.45,33.74,66.26,3.7967,https://maps.roads.maryland.gov/itms_public/?stationid=S2014150334,,,,,3440,3521,3602,3683,3664,3715,,,,,3650,3731,3852,3903,3884,3945,,,,,,,NO ERROR,,,,,,,,,,,2,10.93,55.45,33.74,66.26,N/A,N/A,N/A,N/A,"3,440","3,521","3,602","3,683","3,664","3,715",N/A,N/A,N/A,N/A,"3,650","3,731","3,852","3,903","3,884","3,945",N/A,N/A,N/A,N/A,N/A,N/A,N/A
-8586436.2462,4726288.634,7010,S2005150096,15,Montgomery,0,None,Ramp 8 Fr Md 187b Sb To Is 270 Wb,RP,270,  ,0.1,0,0.219,Exit 1b Ramp 8 Fr Md 187b Sb To Is 270 Wb,Exit 1b Ramp 08 Rockledge Blvd To Eisenhower Memorial Hwy,Urban,1,Interstate,15000RP00270  02NNIS1B        08,15000RP00270--101B08,2,North,2,F,0,13.08,100,100,0,0.8219,https://maps.roads.maryland.gov/itms_public/?stationid=S2005150096,10805,15880,15961,16112,16103,16494,16845,10270,10211,10282,11505,16830,16921,17082,16913,17324,17695,10680,10621,10692,,,,,,,NO ERROR,,,,,,,,,,,2,13.08,100,100,0,"10,805","15,880","15,961","16,112","16,103","16,494","16,845","10,270","10,211","10,282","11,505","16,830","16,921","17,082","16,913","17,324","17,695","10,680","10,621","10,692",N/A,N/A,N/A,N/A,N/A,N/A,N/A
-8612525.2485,4757538.8098,7014,B2732,15,Montgomery,0,None,Comus Rd,CO,200,  ,0.99,0,1.99,Comus Rd-1.0 Mi W Of Md109,Frederick Co/l To Md 109,Rural,6,Minor Collector,15000CO00200  01EE**************,15000CO00200--1-----,1,West,2,F,0,8.47,59.68,49.18,50.82,0.5411,https://maps.roads.maryland.gov/itms_public/?stationid=B2732,755,745,755,755,670,691,712,733,734,745,805,815,805,815,710,731,762,783,784,795,,,,,,,NO ERROR,,,,,,,,,,,2,8.47,59.68,49.18,50.82,755,745,755,755,670,691,712,733,734,745,805,815,805,815,710,731,762,783,784,795,N/A,N/A,N/A,N/A,N/A,N/A,N/A
-8589834.802,4732276.9287,7015,S2005150084,15,Montgomery,0,None,Ramp 1 Fr Ramp 4 (fr Is270) To Md 189 Wb,RP,270,  ,0.03,0,0.06,Exit 5 Ramp 1 Fr Ramp 4 (fr Is 270 Nb) To Md 189 Wb,Exit 5  Ramp 01 Ramp 4 Fr Is 270 Nb To Md 189 Eb To Falls Rd,Urban,1,Interstate,15000RP00270  02WWIS5         01,15000RP00270--100501,2,West,2,F,0,10.03,100,0,100,0.0572,https://maps.roads.maryland.gov/itms_public/?stationid=S2005150084,2694,2690,2701,2732,2733,2804,2865,2460,2590,2611,2864,2850,2861,2902,2873,2944,3015,2560,2690,2721,,,,,,,NO ERROR,,,,,,,,,,,2,10.03,100,0,100,"2,694","2,690","2,701","2,732","2,733","2,804","2,865","2,460","2,590","2,611","2,864","2,850","2,861","2,902","2,873","2,944","3,015","2,560","2,690","2,721",N/A,N/A,N/A,N/A,N/A,N/A,N/A
-8577986.0804,4743295.7318,7031,S2012150689,15,Montgomery,0,None,Prince Philip Dr                        ,CO,146,  ,1.24,1.16,2.04,Prince Philip Dr - Between Md 108 & Brooke Farm Dr,Md 108 To Md 97,Urban,5,Major Collector,15000CO00146  01NN**************,15000CO00146--1-----,1,North,2,F,0,8.3,51.51,49.84,50.16,2.6277,https://maps.roads.maryland.gov/itms_public/?stationid=S2012150689,,,8030,8051,8032,8243,8404,8615,8180,8181,,,8670,8701,8592,8823,8994,9135,8670,9001,,,,,,,NO ERROR,,,,,,,,,,,2,8.3,51.51,49.84,50.16,N/A,N/A,"8,030","8,051","8,032","8,243","8,404","8,615","8,180","8,181",N/A,N/A,"8,670","8,701","8,592","8,823","8,994","9,135","8,670","9,001",N/A,N/A,N/A,N/A,N/A,N/A,N/A
-8570355.1102,4739219.9599,7049,B2919,15,Montgomery,0,None,New Hampshire Ave,MD,650,  ,11.1,11,13.5,Md650-.10 Mi N Of Md198,Md 198 To Md 108,Urban,4,Minor Arterial,15000MD00650  01NN**************,15000MD00650--1-----,1,North,3,F,2,9.4,66.38,50.92,49.08,11.6718,https://maps.roads.maryland.gov/itms_public/?stationid=B2919,13921,13982,12040,12061,12032,11940,12171,12462,12790,12791,14901,15102,13000,13031,12872,12780,13021,13332,13690,13561,,,,,,,NO ERROR,,,,,,,,,,,3,9.4,66.38,50.92,49.08,"13,921","13,982","12,040","12,061","12,032","11,940","12,171","12,462","12,790","12,791","14,901","15,102","13,000","13,031","12,872","12,780","13,021","13,332","13,690","13,561",N/A,N/A,N/A,N/A,N/A,N/A,N/A
-8573559.863,4724092.322,7056,S2000150182,15,Montgomery,0,None,Ramp 8 Fr Us 29 Sb To Is 495 Wb,RP,495,  ,0.1,0,0.23,Exit 30 Ramp 8 Fr Us 29 Sb To Is 495 Wb,Exit 30 Ramp 08 Colesville Rd To Capital Beltway,Urban,1,Interstate,15000RP00495  02SSIS30        08,15000RP00495--103008,2,West,1,F,0,9.1,100,0,100,1.3879,https://maps.roads.maryland.gov/itms_public/?stationid=S2000150182,15540,15561,15642,15783,15774,16155,16120,16511,16412,16533,16470,16501,16582,16733,16564,16965,16930,17171,17072,17193,,,,,,,NO ERROR,,,,,,,,,,,1,9.1,100,0,100,"15,540","15,561","15,642","15,783","15,774","16,155","16,120","16,511","16,412","16,533","16,470","16,501","16,582","16,733","16,564","16,965","16,930","17,171","17,072","17,193",N/A,N/A,N/A,N/A,N/A,N/A,N/A
-8595937.7569,4733296.9609,7057,S2012150722,15,Montgomery,0,None,Piney Meetinghouse Rd,CO,197,  ,3.64,1.21,4.08,Piney Meetinghouse Rd - .10 Mile South Of Cavanaugh Dr,Glen Rd To Travilah Rd,Urban,5,Major Collector,15000CO00197  01NN**************,15000CO00197--1-----,1,South,2,F,0,10.78,59.84,48.76,51.24,7.3234,https://maps.roads.maryland.gov/itms_public/?stationid=S2012150722,,,6590,6601,6582,6753,6884,7055,6990,6991,,,7120,7131,7042,7233,7374,7485,7410,7691,,,,,,,NO ERROR,,,,,,,,,,,2,10.78,59.84,48.76,51.24,N/A,N/A,"6,590","6,601","6,582","6,753","6,884","7,055","6,990","6,991",N/A,N/A,"7,120","7,131","7,042","7,233","7,374","7,485","7,410","7,691",N/A,N/A,N/A,N/A,N/A,N/A,N/A
-8565809.5976,4733840.9246,7059,S2010150030,15,Montgomery,0,None,Ramp 5 Fr Us 29 Sb To Briggs Chaney Rd,RP,29,  ,0.1,0,0.233,Exit 8 Ramp 5 Fr Us 29 Sb To Briggs Chaney Rd,Exit 8  Ramp 05 Columbia Pike To Briggs Chaney Rd,Urban,2,Principal Arterial Other Freeways and Expressways,15000RP00029  02SSUS8         05,15000RP00029--100805,2,South,1,F,0,8.89,100,0,100,0.2977,https://maps.roads.maryland.gov/itms_public/?stationid=S2010150030,4750,4771,4340,4351,4342,4463,4554,4665,3500,3501,5080,5151,4690,4701,4652,4783,4874,4995,3750,3711,,,,,,,NO ERROR,,,,,,,,,,,1,8.89,100,0,100,"4,750","4,771","4,340","4,351","4,342","4,463","4,554","4,665","3,500","3,501","5,080","5,151","4,690","4,701","4,652","4,783","4,874","4,995","3,750","3,711",N/A,N/A,N/A,N/A,N/A,N/A,N/A
-8593471.8115,4736577.9785,7074,S2017150265,15,Montgomery,0,None,Medical Center Dr,CO,4911,  ,1.04,0,1.14,Medical Center Dr - .10 Mile West Of Md 28,Great Seneca Hwy To Md 28,Urban,6,Minor Collector,15000CO04911  01EE**************,15000CO04911--1-----,1,West,4,F,0,10.37,87.56,44.33,55.67,3.8123,https://maps.roads.maryland.gov/itms_public/?stationid=S2017150265,,,,,,,,9240,9161,9162,,,,,,,,9790,9711,10082,,,,,,,NO ERROR,,,,,,,,,,,4,10.37,87.56,44.33,55.67,N/A,N/A,N/A,N/A,N/A,N/A,N/A,"9,240","9,161","9,162",N/A,N/A,N/A,N/A,N/A,N/A,N/A,"9,790","9,711","10,082",N/A,N/A,N/A,N/A,N/A,N/A,N/A
-8617820.2156,4747706.6164,7090,B2974,15,Montgomery,0,None,Darnestown Rd,MD,28,  ,4.15,0.91,4.35,Md28-.20 Mi W Of Md109,Mt Ephraim Rd To Md 109,Rural,4,Minor Arterial,15000MD00028  01EE**************,15000MD00028--1-----,1,East,2,F,2,13.41,92.43,51.29,48.71,9.2174,https://maps.roads.maryland.gov/itms_public/?stationid=B2974,5091,4992,5930,5901,5902,6240,6381,6522,7250,7341,5351,5392,6290,6311,6262,6610,6831,6852,7610,7641,12,5554,1272,16,355,132,NO ERROR,487,,,0.00163465,0.75657267,0.1732734,0.00217954,0.04835853,0.0179812,0.06633974,2,13.41,92.43,51.29,48.71,"5,091","4,992","5,930","5,901","5,902","6,240","6,381","6,522","7,250","7,341","5,351","5,392","6,290","6,311","6,262","6,610","6,831","6,852","7,610","7,641",12,"5,554",16,"1,272",355,132,487
-8572980.0169,4743400.2972,7095,B2920,15,Montgomery,0,None,New Hampshire Ave,MD,650,  ,13.65,13.5,19.85,Md650-.15 Mi N Of Md108 (ashton),Md 108 To Md 97,Rural,5,Major Collector,15000MD00650  01NN**************,15000MD00650--1-----,1,North,2,F,2,10.23,69.03,50.71,49.29,17.4388,https://maps.roads.maryland.gov/itms_public/?stationid=B2920,7721,7572,7593,7564,7565,7150,7311,7472,7433,7524,8111,8182,8053,8094,8025,7580,7821,7922,7883,7984,419,5406,1171,20,316,192,NO ERROR,508,,,0.05568846,0.7185008,0.1556353,0.00265816,0.04199894,0.02551834,0.06751728,2,10.23,69.03,50.71,49.29,"7,721","7,572","7,593","7,564","7,565","7,150","7,311","7,472","7,433","7,524","8,111","8,182","8,053","8,094","8,025","7,580","7,821","7,922","7,883","7,984",419,"5,406",20,"1,171",316,192,508
-8581118.9209,4727793.7062,7098,S2012150782,15,Montgomery,0,None,Garrett Park Rd                         ,CO,1191,  ,0.45,0,0.56,Garrett Park Rd - Between Dewey Rd & Ivy Glen Rd,Dahill Rd To Garrett Park Rd (ahead),Urban,7,Local,15000CO01191  01SS**************,15000CO01191--1-----,1,South,2,F,0,13.53,79.49,48.1,51.9,0.7524,https://maps.roads.maryland.gov/itms_public/?stationid=S2012150782,,,3410,3421,3412,3503,3574,3665,3680,3681,,,3680,3701,3652,3753,3824,3895,3900,4051,,,,,,,NO ERROR,,,,,,,,,,,2,13.53,79.49,48.1,51.9,N/A,N/A,"3,410","3,421","3,412","3,503","3,574","3,665","3,680","3,681",N/A,N/A,"3,680","3,701","3,652","3,753","3,824","3,895","3,900","4,051",N/A,N/A,N/A,N/A,N/A,N/A,N/A
-8585696.1231,4726170.1946,7107,S2005150059,15,Montgomery,0,None,Ramp 8 Fr Md 187 Sb To Ramp 9 (to Is270),RP,270,  ,0.02,0,0.046,Exit 1a Ramp 8 Fr Md 187 Sb To Is 270 Wb ,Exit 1a Ramp 08 Old Georgetown Rd To Ramp 9 Fr Md 187 Nb To Md 187b Sb,Urban,1,Interstate,15000RP00270  02SSIS1A        08,15000RP00270--101A08,2,South,1,F,0,11.02,100,0,100,0.1149,https://maps.roads.maryland.gov/itms_public/?stationid=S2005150059,6105,6790,6821,6882,6883,7054,7205,6830,6791,6842,6505,7200,7231,7302,7233,7414,7575,7100,7061,7122,,,,,,,NO ERROR,,,,,,,,,,,1,11.02,100,0,100,"6,105","6,790","6,821","6,882","6,883","7,054","7,205","6,830","6,791","6,842","6,505","7,200","7,231","7,302","7,233","7,414","7,575","7,100","7,061","7,122",N/A,N/A,N/A,N/A,N/A,N/A,N/A
-8602390.1863,4755886.0516,7114,B150116,15,Montgomery,0,None,Stringtown Rd,CO,15,  ,3.03,0,3.13,Stringtown Rd-.10 Mi N Of Md355,Kings Valley Rd To Md 355,Urban,7,Local,15000CO00015  01SS**************,15000CO00015--1-----,1,North,3,F,0,9.12,57.88,51.86,48.14,9.6091,https://maps.roads.maryland.gov/itms_public/?stationid=B150116,8921,8962,8500,8521,8502,8260,8421,8622,8410,8411,9551,9682,9180,9201,9102,8840,9011,9232,9000,8921,39,7012,985,74,278,23,NO ERROR,301,,,0.00463679,0.83367019,0.11710855,0.008798,0.03305196,0.00273451,0.03578647,3,9.12,57.88,51.86,48.14,"8,921","8,962","8,500","8,521","8,502","8,260","8,421","8,622","8,410","8,411","9,551","9,682","9,180","9,201","9,102","8,840","9,011","9,232","9,000","8,921",39,"7,012",74,985,278,23,301
-8572010.3745,4735350.9497,7119,B150059,15,Montgomery,0,None,Bonifant Rd,CO,76,  ,0.1,0,2.47,Bonifant Rd-.10 Mi W Of Md650 ,Md 650 To Md 182,Urban,4,Minor Arterial,15000CO00076  01WW**************,15000CO00076--1-----,1,East,3,F,0,9.31,52.45,49.99,50.01,11.2342,https://maps.roads.maryland.gov/itms_public/?stationid=B150059,14031,14092,12010,12031,12002,12313,12554,12865,12460,12461,15011,15222,12970,12991,12842,13183,13434,13775,13330,13211,,,,,,,NO ERROR,,,,,,,,,,,3,9.31,52.45,49.99,50.01,"14,031","14,092","12,010","12,031","12,002","12,313","12,554","12,865","12,460","12,461","15,011","15,222","12,970","12,991","12,842","13,183","13,434","13,775","13,330","13,211",N/A,N/A,N/A,N/A,N/A,N/A,N/A
-8585168.4971,4728072.5606,7129,S2012150813,15,Montgomery,0,None,Tilden La,CO,3016,  ,1.41,0,1.48,Tilden La - .10 Mi West Of Md 187,Cul De Sac To Old Georgetown Rd,Urban,5,Major Collector,15000CO03016  01EE**************,15000CO03016--1-----,1,East,2,F,0,10.58,55.3,49.52,50.48,3.1229,https://maps.roads.maryland.gov/itms_public/?stationid=S2012150813,,,5690,5701,5682,5833,5944,6095,5780,5781,,,6150,6161,6082,6243,6364,6465,6130,6361,,,,,,,NO ERROR,,,,,,,,,,,2,10.58,55.3,49.52,50.48,N/A,N/A,"5,690","5,701","5,682","5,833","5,944","6,095","5,780","5,781",N/A,N/A,"6,150","6,161","6,082","6,243","6,364","6,465","6,130","6,361",N/A,N/A,N/A,N/A,N/A,N/A,N/A
-8598189.1837,4754836.3451,7146,S2014150346,15,Montgomery,0,None,Ridge Rd,CO,7730,  ,0.1,0,1.526,Little Seneca Pkwy - .10 Mile West Of Md 27,Md 27 To Md 355,Urban,4,Minor Arterial,15000CO07730  01WW**************,15000CO07730--1-----,1,West,3,F,0,8.74,66.56,48.26,51.74,1.8726,https://maps.roads.maryland.gov/itms_public/?stationid=S2014150346,,,,,3520,3611,3682,3390,3361,3362,,,,,3770,3861,3942,3630,3601,3562,14,2873,236,10,214,15,NO ERROR,229,,,0.00416419,0.85455086,0.07019631,0.00297442,0.06365259,0.00446163,0.06811422,3,8.74,66.56,48.26,51.74,N/A,N/A,N/A,N/A,"3,520","3,611","3,682","3,390","3,361","3,362",N/A,N/A,N/A,N/A,"3,770","3,861","3,942","3,630","3,601","3,562",14,"2,873",10,236,214,15,229
-8595444.7715,4737344.2634,7147,B150006,15,Montgomery,0,None,Great Seneca Hwy,MD,119,  ,0.61,0.51,0.8,Md119-.10 Mi N Of Sam Eig Hwy,Sam Eig Hwy To Muddy Branch Rd,Urban,3,Principal Arterial Other,15000MD00119  01NN**************,15000MD00119--1-----,1,South,6,F,0,8.93,75.95,49.28,50.72,4.5994,https://maps.roads.maryland.gov/itms_public/?stationid=B150006,39822,43050,42711,42802,42440,43541,44372,43840,43451,43452,42612,46490,46131,46232,45410,46591,47482,46910,46491,46062,66,37561,4396,182,1023,224,NO ERROR,1247,,,0.00151892,0.86442511,0.10116911,0.00418853,0.02354322,0.00515511,0.02869833,6,8.93,75.95,49.28,50.72,"39,822","43,050","42,711","42,802","42,440","43,541","44,372","43,840","43,451","43,452","42,612","46,490","46,131","46,232","45,410","46,591","47,482","46,910","46,491","46,062",66,"37,561",182,"4,396","1,023",224,1247
-8589691.9595,4717717.0881,7148,B150076,15,Montgomery,0,None,Clara Barton Pkwy,GV,6,  ,2.57,1.67,3.37,Clara Barton Pkwy-.90 Mi S Of Is495,Is 495 To Is 495x (cabin John Pkwy),Urban,2,Principal Arterial Other Freeways and Expressways,15000GV00006  01SS**************,15000GV00006--1-----,1,North,4,F,0,10.99,61.97,47.29,52.71,11.4681,https://maps.roads.maryland.gov/itms_public/?stationid=B150076,13171,15590,15471,15502,16010,16431,16742,18650,18481,18482,14091,16840,16711,16742,17130,17581,17912,19960,19781,19592,24,16540,1716,12,180,10,NO ERROR,190,,,0.00129856,0.89492479,0.09284709,0.00064928,0.00973921,0.00054107,0.01028027,4,10.99,61.97,47.29,52.71,"13,171","15,590","15,471","15,502","16,010","16,431","16,742","18,650","18,481","18,482","14,091","16,840","16,711","16,742","17,130","17,581","17,912","19,960","19,781","19,592",24,"16,540",12,"1,716",180,10,190
-8589596.59,4720472.4042,7175,S2012150693,15,Montgomery,0,None,Seven Locks Rd,CO,148,  ,1.18,0.94,1.24,Seven Locks Rd - .10 Mile South Of Md 190,Lilly Stone Dr To Md 190,Urban,5,Major Collector,15000CO00148  01NN**************,15000CO00148--1-----,1,North,2,F,0,11.5,65.15,52.5,47.5,1.071,https://maps.roads.maryland.gov/itms_public/?stationid=S2012150693,,,9100,9121,9092,9333,9514,9745,9780,9781,,,9830,9851,9732,9993,10184,10335,10370,10761,,,,,,,NO ERROR,,,,,,,,,,,2,11.5,65.15,52.5,47.5,N/A,N/A,"9,100","9,121","9,092","9,333","9,514","9,745","9,780","9,781",N/A,N/A,"9,830","9,851","9,732","9,993","10,184","10,335","10,370","10,761",N/A,N/A,N/A,N/A,N/A,N/A,N/A
-8587263.009,4757984.9374,7182,B2973,15,Montgomery,0,None,Damascus Rd,MD,650,  ,24.88,19.85,25.08,Md650-.20 Mi S Of Md108 (etchison),Md 97 To Md 108,Rural,6,Minor Collector,15000MD00650  01NN**************,15000MD00650--1-----,1,North,2,F,2,11.66,81.08,51.93,48.07,5.4291,https://maps.roads.maryland.gov/itms_public/?stationid=B2973,2801,2752,2763,2754,2755,2690,2751,2812,2803,2844,2941,2972,2933,2954,2925,2850,2941,2982,2973,3024,,,,,,,NO ERROR,,,,,,,,,,,2,11.66,81.08,51.93,48.07,"2,801","2,752","2,763","2,754","2,755","2,690","2,751","2,812","2,803","2,844","2,941","2,972","2,933","2,954","2,925","2,850","2,941","2,982","2,973","3,024",N/A,N/A,N/A,N/A,N/A,N/A,N/A
-8590159.1062,4731962.5556,7188,B2952,15,Montgomery,0,None,Falls Rd,MD,189,  ,4.67,4.44,4.86,Md189-.20 Mi S Of Is270,Wootten Pkwy To Is 270,Urban,4,Minor Arterial,15000MD00189  01NN**************,15000MD00189--1-----,1,North,4,F,0,8.15,57.89,48.98,51.02,4.2253,https://maps.roads.maryland.gov/itms_public/?stationid=B2952,27632,27750,27531,27592,27513,28234,28775,26690,26451,27562,29572,29970,29731,29802,29443,30214,30805,28560,28301,28042,,,,,,,NO ERROR,,,,,,,,,,,4,8.15,57.89,48.98,51.02,"27,632","27,750","27,531","27,592","27,513","28,234","28,775","26,690","26,451","27,562","29,572","29,970","29,731","29,802","29,443","30,214","30,805","28,560","28,301","28,042",N/A,N/A,N/A,N/A,N/A,N/A,N/A
-8576274.4594,4736053.1494,7201,S2012151270,15,Montgomery,0,None,Ramp 8 Fr Md 182 Sb To Md 200 Wb,RP,200,  ,0.02,0,0.31,Exit 10 Ramp 8 Fr Md 182 Sb To Md 200 Wb,Exit 10 Ramp 08 Md 182 Sb To Md 200 Wb,Urban,2,Principal Arterial Other Freeways and Expressways,15000RP00200  02SSMD10        08,15000RP00200--101008,2,South,1,F,0,17.57,100,0,100,0.1223,https://maps.roads.maryland.gov/itms_public/?stationid=S2012151270,,,350,351,352,363,374,385,1080,1081,,,380,381,382,393,404,415,1160,1151,,,,,,,NO ERROR,,,,,,,,,,,1,17.57,100,0,100,N/A,N/A,350,351,352,363,374,385,"1,080","1,081",N/A,N/A,380,381,382,393,404,415,"1,160","1,151",N/A,N/A,N/A,N/A,N/A,N/A,N/A
-8600511.7411,4748153.9639,7210,S2012150844,15,Montgomery,0,None,Century Blvd,CO,3597,  ,0.35,0,1.125,Century Blvd - .10 Mi North Of Aircraft Dr,Pinnacle Dr To Road End,Urban,5,Major Collector,15000CO03597  01NN**************,15000CO03597--1-----,1,South,3,F,0,9.42,51.05,53.18,46.82,1.4787,https://maps.roads.maryland.gov/itms_public/?stationid=S2012150844,,,3180,3191,3182,3273,3344,3425,3600,3601,,,3430,3451,3412,3503,3584,3635,3820,3961,,,,,,,NO ERROR,,,,,,,,,,,3,9.42,51.05,53.18,46.82,N/A,N/A,"3,180","3,191","3,182","3,273","3,344","3,425","3,600","3,601",N/A,N/A,"3,430","3,451","3,412","3,503","3,584","3,635","3,820","3,961",N/A,N/A,N/A,N/A,N/A,N/A,N/A
-8575822.6311,4722422.667,7211,B2733,15,Montgomery,0,None,Georgia Ave,MD,97,  ,0.82,0,1.1,Md97-.10 Mi S Of Md390,Us 29/md 384 To Seminary Road,Urban,3,Principal Arterial Other,15000MD00097  01NN**************,15000MD00097--1-----,1,South,6,F,1,7.55,62.83,47.04,52.96,13.3904,https://maps.roads.maryland.gov/itms_public/?stationid=B2733,36141,35070,34000,34071,33972,37790,38511,39442,33350,33351,38671,37880,36720,36801,36352,40440,41211,42202,35690,35351,246,29233,2553,590,589,140,NO ERROR,729,,,0.00737609,0.87652544,0.07654943,0.01769062,0.01766064,0.00419778,0.02185842,6,7.55,62.83,47.04,52.96,"36,141","35,070","34,000","34,071","33,972","37,790","38,511","39,442","33,350","33,351","38,671","37,880","36,720","36,801","36,352","40,440","41,211","42,202","35,690","35,351",246,"29,233",590,"2,553",589,140,729
-8593292.1048,4739321.699,7217,S2005150076,15,Montgomery,0,None,Ramp 2 Fr Is 370 Wb To Is 270 Nb,RP,270,  ,0.15,0,0.45,Exit 9 Ramp 2 Fr Is 370 Wb To Is 270 Nb,Exit 9  Ramp 02 No Name To Eisenhower Memorial Hwy,Urban,1,Interstate,15000RP00270  02WWIS9         02,15000RP00270--100902,2,North,1,F,0,8.29,100,100,0,3.3427,https://maps.roads.maryland.gov/itms_public/?stationid=S2005150076,12905,12850,12911,13032,13023,18530,18921,19382,20210,20351,13705,13620,13691,13812,13673,19460,19871,20162,21020,21171,,,,,,,NO ERROR,,,,,,,,,,,1,8.29,100,100,0,"12,905","12,850","12,911","13,032","13,023","18,530","18,921","19,382","20,210","20,351","13,705","13,620","13,691","13,812","13,673","19,460","19,871","20,162","21,020","21,171",N/A,N/A,N/A,N/A,N/A,N/A,N/A
-8598473.0957,4749285.9167,7219,B150106,15,Montgomery,0,None,Germantown Rd,CO,6377,  ,0.1,0,0.993,Germantown Rd-.10 Mi E Of Md355,Md 355 To Watkins Mill Rd,Urban,4,Minor Arterial,15000CO06377  01NN**************,15000CO06377--1-----,1,East,3,F,0,9.01,56.9,50.99,49.01,4.3029,https://maps.roads.maryland.gov/itms_public/?stationid=B150106,11482,10760,10671,10692,11650,11951,12182,11980,11871,11872,12292,11620,11531,11552,12470,12791,13042,12820,12701,12582,28,10776,830,10,169,59,NO ERROR,228,,,0.00235849,0.90768194,0.0699124,0.00084232,0.01423518,0.00496968,0.01920485,3,9.01,56.9,50.99,49.01,"11,482","10,760","10,671","10,692","11,650","11,951","12,182","11,980","11,871","11,872","12,292","11,620","11,531","11,552","12,470","12,791","13,042","12,820","12,701","12,582",28,"10,776",10,830,169,59,228
-8589000.9152,4729956.0079,7221,S2001150115,15,Montgomery,0,None,Ramp 7 Fr Md 927 Wb To Is 270 Sb,RP,270,  ,0.1,0,0.21,Exit 4 Ramp 7 Fr Md 927 Wb (montrose Rd) To Is 270 Sb,Exit 4  Ramp 07 Montrose Rd To Eisenhower Memorial Hwy,Urban,1,Interstate,15000RP00270  02WWIS4         07,15000RP00270--100407,2,West,1,F,0,7.98,100,0,100,0.8418,https://maps.roads.maryland.gov/itms_public/?stationid=S2001150115,7405,8200,8241,8322,8313,10810,11041,10970,10901,10982,7805,8690,8741,8822,8733,11350,11591,11410,11341,11422,,,,,,,NO ERROR,,,,,,,,,,,1,7.98,100,0,100,"7,405","8,200","8,241","8,322","8,313","10,810","11,041","10,970","10,901","10,982","7,805","8,690","8,741","8,822","8,733","11,350","11,591","11,410","11,341","11,422",N/A,N/A,N/A,N/A,N/A,N/A,N/A
-8593195.0543,4741563.1668,7234,S2012150925,15,Montgomery,63,Gaithersburg,S Summit Ave,MU,360,  ,0.18,0,0.43,S Summit Ave - Between Md 355 & Hutton St,Road End To E Diamond Ave,Urban,4,Minor Arterial,15063MU00360  01NN**************,15063MU00360--1-----,1,North,3,F,0,8.48,63.28,52.6,47.4,1.419,https://maps.roads.maryland.gov/itms_public/?stationid=S2012150925,,,9320,9341,9312,9553,9744,9985,9040,9041,,,10070,10091,9962,10223,10434,10685,9670,9581,,,,,,,NO ERROR,,,,,,,,,,,3,8.48,63.28,52.6,47.4,N/A,N/A,"9,320","9,341","9,312","9,553","9,744","9,985","9,040","9,041",N/A,N/A,"10,070","10,091","9,962","10,223","10,434","10,685","9,670","9,581",N/A,N/A,N/A,N/A,N/A,N/A,N/A
-8589488.2159,4739845.1735,7236,S2013150315,15,Montgomery,0,None,Metro Access Rd,MD,200,A ,0.5,0,0.515,Md 200a - Ent To Shady Grove Metro,Ramps To & Fr Is 370 To Ent To Shady Grove Metro,Urban,3,Principal Arterial Other,15000MD00200A 01SS**************,15000MD00200A-1-----,1,North,4,C,0,11.2,77.85,61.38,38.62,4.2144,https://maps.roads.maryland.gov/itms_public/?stationid=S2013150315,,,,21780,21721,22292,22000,22531,22332,22420,,,,23520,23241,23852,23540,24111,23902,23770,31,18940,2092,729,587,41,NO ERROR,628,,,0.00138269,0.84478145,0.09330955,0.03251561,0.02618198,0.00182872,0.0280107,4,11.2,77.85,61.38,38.62,N/A,N/A,N/A,"21,780","21,721","22,292","22,000","22,531","22,332","22,420",N/A,N/A,N/A,"23,520","23,241","23,852","23,540","24,111","23,902","23,770",31,"18,940",729,"2,092",587,41,628
-8570809.6279,4727762.6279,7242,S2001150034,15,Montgomery,0,None,Ramp 5 Fr Md 650 Sb To Us 29 Eb,RP,29,  ,0.1,0,0.13,Exit 3 Ramp 5 Fr Md 650 Sb To Us 29 Eb,Exit 3  Ramp 05 New Hampshire Ave To Columbia Pike,Urban,3,Principal Arterial Other,15000RP00029  02SSUS3         05,15000RP00029--100305,2,South,1,F,0,8.38,100,0,100,0.0632,https://maps.roads.maryland.gov/itms_public/?stationid=S2001150034,1164,1290,1260,1261,1262,1303,1334,1375,1330,1331,1254,1390,1360,1361,1352,1393,1434,1475,1420,1411,,,,,,,NO ERROR,,,,,,,,,,,1,8.38,100,0,100,"1,164","1,290","1,260","1,261","1,262","1,303","1,334","1,375","1,330","1,331","1,254","1,390","1,360","1,361","1,352","1,393","1,434","1,475","1,420","1,411",N/A,N/A,N/A,N/A,N/A,N/A,N/A
-8576368.3281,4736179.9458,7261,S2012150895,15,Montgomery,0,None,Park Vista Dr,CO,6171,  ,0.12,0,0.85,Park Vista Dr - .10 Mi West Of Md 182,Layhill Rd To Longmead Crossing Dr,Urban,5,Major Collector,15000CO06171  01WW**************,15000CO06171--1-----,1,West,2,F,0,8.74,64.22,50.21,49.79,0.6891,https://maps.roads.maryland.gov/itms_public/?stationid=S2012150895,,,2010,2011,2012,2063,2104,2155,2220,2221,,,2170,2171,2152,2213,2254,2285,2350,2441,,,,,,,NO ERROR,,,,,,,,,,,2,8.74,64.22,50.21,49.79,N/A,N/A,"2,010","2,011","2,012","2,063","2,104","2,155","2,220","2,221",N/A,N/A,"2,170","2,171","2,152","2,213","2,254","2,285","2,350","2,441",N/A,N/A,N/A,N/A,N/A,N/A,N/A
-8576240.1256,4736011.929,7262,S2012151272,15,Montgomery,0,None,Ramp 2 Fr Md 200 Wb To Md 182,RP,200,  ,0.22,0,0.225,Exit 10 Ramp 2 Fr Md 200 Wb To Md 182,Exit 10 Ramp 02 Md 200 Wb To Md 182,Urban,2,Principal Arterial Other Freeways and Expressways,15000RP00200  02WWMD10        02,15000RP00200--101002,2,West,2,F,0,15.95,100,0,100,0.267,https://maps.roads.maryland.gov/itms_public/?stationid=S2012151272,,,200,201,202,213,224,2730,3250,3251,,,220,221,222,233,244,2920,3480,3451,,,,,,,NO ERROR,,,,,,,,,,,2,15.95,100,0,100,N/A,N/A,200,201,202,213,224,"2,730","3,250","3,251",N/A,N/A,220,221,222,233,244,"2,920","3,480","3,451",N/A,N/A,N/A,N/A,N/A,N/A,N/A
-8588660.9959,4741524.6146,7265,B150064,15,Montgomery,0,None,Shady Grove Rd,CO,212,  ,5.72,4.97,5.92,Shady Grove Rd-.20 Mi S Of Midcounty Hwy ,Md 200-a To Midcounty Hwy,Urban,3,Principal Arterial Other,15000CO00212  01NN**************,15000CO00212--1-----,1,North,6,F,0,8.24,67.95,50.14,49.86,17.2338,https://maps.roads.maryland.gov/itms_public/?stationid=B150064,53331,53542,48820,48921,48772,48850,49781,50982,49700,49701,57061,57832,52730,52841,52192,52270,53271,54552,53180,52681,,,,,,,NO ERROR,,,,,,,,,,,6,8.24,67.95,50.14,49.86,"53,331","53,542","48,820","48,921","48,772","48,850","49,781","50,982","49,700","49,701","57,061","57,832","52,730","52,841","52,192","52,270","53,271","54,552","53,180","52,681",N/A,N/A,N/A,N/A,N/A,N/A,N/A
-8597615.5352,4749117.366,7275,S2012150891,15,Montgomery,0,None,Scenery Dr,CO,5562,  ,1.4,0,1.711,Scenery Dr - .10 Mi West Of Germantown Rd,Frederick Rd To Neelsville Church Rd,Urban,6,Minor Collector,15000CO05562  01EE**************,15000CO05562--1-----,1,East,2,F,0,9.73,51.56,49.99,50.01,2.0241,https://maps.roads.maryland.gov/itms_public/?stationid=S2012150891,,,3230,3241,3232,3323,3394,3485,3240,3241,,,3490,3501,3462,3563,3634,3695,3430,3571,,,,,,,NO ERROR,,,,,,,,,,,2,9.73,51.56,49.99,50.01,N/A,N/A,"3,230","3,241","3,232","3,323","3,394","3,485","3,240","3,241",N/A,N/A,"3,490","3,501","3,462","3,563","3,634","3,695","3,430","3,571",N/A,N/A,N/A,N/A,N/A,N/A,N/A
-8591475.2105,4734421.7128,7281,S2012150953,15,Montgomery,130,Rockville,Hurley Ave,MU,1475,  ,0.04,0,0.83,Hurley Ave - Between Md 28 & Watts Branch Pkwy,W Montgomery Ave To Eton Overlook,Urban,6,Minor Collector,15130MU01475  01SS**************,15130MU01475--1-----,1,South,3,F,0,8.7,54.92,48.29,51.71,1.7998,https://maps.roads.maryland.gov/itms_public/?stationid=S2012150953,,,6210,6221,6202,6363,6484,6645,5940,5941,,,6710,6721,6642,6813,6944,7045,6300,6541,,,,,,,NO ERROR,,,,,,,,,,,3,8.7,54.92,48.29,51.71,N/A,N/A,"6,210","6,221","6,202","6,363","6,484","6,645","5,940","5,941",N/A,N/A,"6,710","6,721","6,642","6,813","6,944","7,045","6,300","6,541",N/A,N/A,N/A,N/A,N/A,N/A,N/A
-8579780.6568,4728932.5127,7290,B2907,15,Montgomery,0,None,Veirs Mill Rd,MD,586,  ,4.11,4.01,5.36,Md586-.10 Mi E Of Md185,Md 185 To Md 193,Urban,3,Principal Arterial Other,15000MD00586  01EE**************,15000MD00586--1-----,1,East,6,F,0,8.5,52.12,49.39,50.61,18.7841,https://maps.roads.maryland.gov/itms_public/?stationid=B2907,37690,37841,37542,36410,36301,37700,38421,39342,38120,38121,40330,40871,40552,39320,38841,40340,41111,42102,40790,40411,,,,,,,NO ERROR,,,,,,,,,,,6,8.5,52.12,49.39,50.61,"37,690","37,841","37,542","36,410","36,301","37,700","38,421","39,342","38,120","38,121","40,330","40,871","40,552","39,320","38,841","40,340","41,111","42,102","40,790","40,411",N/A,N/A,N/A,N/A,N/A,N/A,N/A
-8600354.7633,4753501.7739,7291,S2012150441,15,Montgomery,0,None,Newcut Rd,CO,23,  ,0.13,0,1.29,Newcut Rd -.10 Mi E Of Md 355,Md 355 To Skylark Rd,Urban,7,Local,15000CO00023  01EE**************,15000CO00023--1-----,1,East,2,F,0,8.63,52.05,42.05,57.95,0.363,https://maps.roads.maryland.gov/itms_public/?stationid=S2012150441,,,420,421,422,433,444,465,770,771,,,450,461,452,463,484,505,820,821,0,687,65,1,18,0,NO ERROR,18,,,0,0.89105058,0.0843061,0.00129702,0.0233463,0,0.0233463,2,8.63,52.05,42.05,57.95,N/A,N/A,420,421,422,433,444,465,770,771,N/A,N/A,450,461,452,463,484,505,820,821,0,687,1,65,18,0,18
-8581482.7473,4718401.1516,7314,B2826,15,Montgomery,0,None,Bradley La,MD,191,  ,6.53,6.43,7.16,Md191-.10 Mi N Of Md355,Md 355 To Md 185,Urban,4,Minor Arterial,15000MD00191  01NN**************,15000MD00191--1-----,1,North,2,C,0,9.05,66.39,50.8,49.2,3.8715,https://maps.roads.maryland.gov/itms_public/?stationid=B2826,12851,13820,13000,12520,12481,12812,13063,13384,13265,14530,13751,14930,14040,13520,13361,13712,13983,14324,14195,15400,,,,,,,NO ERROR,,,,,,,,,,,2,9.05,66.39,50.8,49.2,"12,851","13,820","13,000","12,520","12,481","12,812","13,063","13,384","13,265","14,530","13,751","14,930","14,040","13,520","13,361","13,712","13,983","14,324","14,195","15,400",N/A,N/A,N/A,N/A,N/A,N/A,N/A
-8583326.9568,4718492.5367,7317,S2012150779,15,Montgomery,0,None,Glenbrook Rd,CO,1126,  ,0.15,0,1.34,Glenbrook Rd - Between Md 191 & Manning Dr,Fairfax Rd To Road End,Urban,5,Major Collector,15000CO01126  01NN**************,15000CO01126--1-----,1,South,2,F,0,8.91,51.22,49.29,50.71,1.233,https://maps.roads.maryland.gov/itms_public/?stationid=S2012150779,,,1980,1981,1982,2033,2074,2125,2520,2521,,,2140,2141,2122,2183,2224,2255,2670,2771,,,,,,,NO ERROR,,,,,,,,,,,2,8.91,51.22,49.29,50.71,N/A,N/A,"1,980","1,981","1,982","2,033","2,074","2,125","2,520","2,521",N/A,N/A,"2,140","2,141","2,122","2,183","2,224","2,255","2,670","2,771",N/A,N/A,N/A,N/A,N/A,N/A,N/A
-8600312.1578,4747999.3249,7331,S2009150030,15,Montgomery,0,None,Ramp 8 Fr Is 270 Sb To Md 118 Wb,RP,270,  ,0.3,0.24,0.36,Exit 15 Ramp 8 Fr Is 270 Sb To Md 118 Wb,Exit 15 Ramp 08 Ramp 5 Fr Ramp 8 (fr Is270) To Md 118 Eb To Germantown Rd,Urban,1,Interstate,15000RP00270  02SSIS15        08,15000RP00270--101508,2,West,1,F,0,8.82,100,0,100,0.1363,https://maps.roads.maryland.gov/itms_public/?stationid=S2009150030,3141,3142,3163,3194,3195,2920,2981,3052,3090,3111,3331,3332,3353,3394,3365,3070,3131,3172,3210,3241,,,,,,,NO ERROR,,,,,,,,,,,1,8.82,100,0,100,"3,141","3,142","3,163","3,194","3,195","2,920","2,981","3,052","3,090","3,111","3,331","3,332","3,353","3,394","3,365","3,070","3,131","3,172","3,210","3,241",N/A,N/A,N/A,N/A,N/A,N/A,N/A
-8582964.1947,4724815.1329,7345,S2012150911,15,Montgomery,0,None,No Name,GV,53,  ,0.01,0,0.015,No Name/spur - Between No Name/(grosvenor La ) & Beach Dr,Gv 48 (start Of Inventory) To Beach Dr,Urban,5,Major Collector,15000GV00053  01EE**************,15000GV00053--1-----,1,East,2,F,0,12.82,64.18,43.17,56.83,0.038,https://maps.roads.maryland.gov/itms_public/?stationid=S2012150911,,,6520,6531,6512,6683,6814,6985,6925,6935,,,7040,7051,6972,7153,7294,7405,7345,7635,,,,,,,NO ERROR,,,,,,,,,,,2,12.82,64.18,43.17,56.83,N/A,N/A,"6,520","6,531","6,512","6,683","6,814","6,985","6,925","6,935",N/A,N/A,"7,040","7,051","6,972","7,153","7,294","7,405","7,345","7,635",N/A,N/A,N/A,N/A,N/A,N/A,N/A
-8592169.0747,4748419.7547,7350,S2012150862,15,Montgomery,0,None,Snouffers School Rd,CO,4140,  ,0.14,0,1.4,Snouffers School Rd - .10 Mi South Of Goshen Rd,Gosen Rd To Centerway Rd,Urban,4,Minor Arterial,15000CO04140  01SS**************,15000CO04140--1-----,1,North,2,F,0,7.82,62.7,53.1,46.9,6.8684,https://maps.roads.maryland.gov/itms_public/?stationid=S2012150862,,,11940,11961,11932,12243,12484,12785,13440,13441,,,12900,12921,12772,13103,13364,13685,14380,14251,,,,,,,NO ERROR,,,,,,,,,,,2,7.82,62.7,53.1,46.9,N/A,N/A,"11,940","11,961","11,932","12,243","12,484","12,785","13,440","13,441",N/A,N/A,"12,900","12,921","12,772","13,103","13,364","13,685","14,380","14,251",N/A,N/A,N/A,N/A,N/A,N/A,N/A
-8572928.5445,4718064.9267,7367,B2838,15,Montgomery,0,None,Carroll Ave,MD,195,  ,0.1,0,1.14,Md195-.10 Mi N Of Wash Dc Line,Washington Dc/l To Md 787,Urban,4,Minor Arterial,15000MD00195  01NN**************,15000MD00195--1-----,1,North,2,F,0,9.16,66.81,50.95,49.05,3.9908,https://maps.roads.maryland.gov/itms_public/?stationid=B2838,9591,9632,10230,10251,10222,9680,9861,10102,9590,9591,10261,10402,11050,11071,10942,10360,10551,10812,10260,10171,42,7448,1505,168,346,82,NO ERROR,428,,,0.00437911,0.77656136,0.15691794,0.01751642,0.03607549,0.00854968,0.04462517,2,9.16,66.81,50.95,49.05,"9,591","9,632","10,230","10,251","10,222","9,680","9,861","10,102","9,590","9,591","10,261","10,402","11,050","11,071","10,942","10,360","10,551","10,812","10,260","10,171",42,"7,448",168,"1,505",346,82,428
-8595898.9306,4742953.575,7389,S1999150041,15,Montgomery,0,None,Ramp 7 Fr Md 124 Wb To Is 270 Sb,RP,270,  ,0.03,0,0.06,Exit 11 Ramp 7 Fr Md 124 Wb To Is 270 Sb,Exit 11 Ramp 07 Quince Orchard Rd To Ramp 6 Fr Md 124 Eb To Ramp 7 (to Is270),Urban,1,Interstate,15000RP00270  02SSIS11        07,15000RP00270--101107,2,South,1,F,0,7.73,100,0,100,0.402,https://maps.roads.maryland.gov/itms_public/?stationid=S1999150041,16371,16392,16473,16624,16615,17530,17901,18332,18223,18354,17351,17382,17463,17624,17455,18410,18801,19072,18953,19094,,,,,,,NO ERROR,,,,,,,,,,,1,7.73,100,0,100,"16,371","16,392","16,473","16,624","16,615","17,530","17,901","18,332","18,223","18,354","17,351","17,382","17,463","17,624","17,455","18,410","18,801","19,072","18,953","19,094",N/A,N/A,N/A,N/A,N/A,N/A,N/A
-8592689.6451,4721246.8645,7400,S2012150717,15,Montgomery,0,None,Oaklyn Dr,CO,189,  ,2.49,0,2.55,Oaklyn Dr - Between Crimson Leaf Terr & Persimmon Tree Rd,Falls Rd To Persimmon Tree Rd,Urban,5,Major Collector,15000CO00189  01SS**************,15000CO00189--1-----,1,North,2,F,0,8.07,55.1,48.52,51.48,4.8501,https://maps.roads.maryland.gov/itms_public/?stationid=S2012150717,,,5100,5111,5102,5243,5344,5475,5210,5211,,,5510,5521,5462,5613,5724,5805,5520,5731,,,,,,,NO ERROR,,,,,,,,,,,2,8.07,55.1,48.52,51.48,N/A,N/A,"5,100","5,111","5,102","5,243","5,344","5,475","5,210","5,211",N/A,N/A,"5,510","5,521","5,462","5,613","5,724","5,805","5,520","5,731",N/A,N/A,N/A,N/A,N/A,N/A,N/A
-8587369.003,4725663.14,7402,S2010150046,15,Montgomery,0,None,Ramp 3 Fr Westlake Terr To Is 270y Nb,RP,270,Y ,0.1,0,0.244,Exit 2 Ramp 3 Fr Westlake Terr To Is 270y Nb ,Exit 2  Ramp 03 Westlake Terr To No Name,Urban,1,Interstate,15000RP00270Y 02NNIS2         03,15000RP00270Y-100203,2,North,1,F,0,12.71,100,100,0,0.4713,https://maps.roads.maryland.gov/itms_public/?stationid=S2010150046,4640,4651,4672,4713,4714,4930,5031,5280,5251,5292,4920,4931,4952,5003,4954,5180,5281,5490,5461,5502,,,,,,,NO ERROR,,,,,,,,,,,1,12.71,100,100,0,"4,640","4,651","4,672","4,713","4,714","4,930","5,031","5,280","5,251","5,292","4,920","4,931","4,952","5,003","4,954","5,180","5,281","5,490","5,461","5,502",N/A,N/A,N/A,N/A,N/A,N/A,N/A
-8584712.768,4722966.4639,7406,S2012150774,15,Montgomery,0,None,Wilmett Rd                              ,CO,1034,  ,0.08,0,0.96,Wilmett Rd - Between Beech Ave & Kentstone Dr,Beech Ave To Friars Rd,Urban,7,Local,15000CO01034  01WW**************,15000CO01034--1-----,1,East,2,F,0,11.41,50.84,50.62,49.38,0.5084,https://maps.roads.maryland.gov/itms_public/?stationid=S2012150774,,,1380,1381,1382,1423,1454,1495,1450,1451,,,1490,1491,1482,1523,1564,1595,1540,1601,,,,,,,NO ERROR,,,,,,,,,,,2,11.41,50.84,50.62,49.38,N/A,N/A,"1,380","1,381","1,382","1,423","1,454","1,495","1,450","1,451",N/A,N/A,"1,490","1,491","1,482","1,523","1,564","1,595","1,540","1,601",N/A,N/A,N/A,N/A,N/A,N/A,N/A
-8587645.4878,4742185.7947,7411,B150026,15,Montgomery,0,None,Redland Rd,CO,1936,  ,0.2,0,2.61,Redland Rd-.20 Mi S Of Md115,Md 115 To Md 355,Urban,5,Major Collector,15000CO01936  01SS**************,15000CO01936--1-----,1,South,3,F,0,10.7,90.41,46.09,53.91,11.0526,https://maps.roads.maryland.gov/itms_public/?stationid=B150026,10262,11020,10931,10952,10780,11061,11272,11700,11601,11602,10982,11900,11811,11832,11540,11841,12062,12400,12301,12762,35,9136,1611,59,502,259,NO ERROR,761,,,0.00301672,0.78745044,0.13885537,0.00508533,0.0432684,0.02232374,0.06559214,3,10.7,90.41,46.09,53.91,"10,262","11,020","10,931","10,952","10,780","11,061","11,272","11,700","11,601","11,602","10,982","11,900","11,811","11,832","11,540","11,841","12,062","12,400","12,301","12,762",35,"9,136",59,"1,611",502,259,761
-8577865.0951,4737263.2772,7420,T0009,15,Montgomery,0,None,Intercounty Connector,MD,200,  ,9.46,8.204,10.445,Md 200 - Between Md 97 & Md 182,Md 97 To Md 182,Urban,2,Principal Arterial Other Freeways and Expressways,15000MD00200  01EE**************,15000MD00200--1-----,1,West,6,C,1,12.8,54,50,50,49.1679,https://maps.roads.maryland.gov/itms_public/?stationid=T0009,,,26551,33395,39312,46017,52740,55943,57779,60110,,,29387,37457,44061,51571,59308,62830,64868,67597,,,,,,,NO ERROR,,,,,,,,,,,6,12.8,54,50,50,N/A,N/A,"26,551","33,395","39,312","46,017","52,740","55,943","57,779","60,110",N/A,N/A,"29,387","37,457","44,061","51,571","59,308","62,830","64,868","67,597",N/A,N/A,N/A,N/A,N/A,N/A,N/A
-8578655.5375,4730873.4645,7432,B150034,15,Montgomery,0,None,Hathaway Dr,CO,4349,  ,0.09,0,0.4,Hathaway Dr-.10 Mi S Of Weller Rd,Valleywood Dr To Md 97,Urban,5,Major Collector,15000CO04349  01NN**************,15000CO04349--1-----,1,South,2,C,0,12.12,69.38,49.43,50.57,0.4322,https://maps.roads.maryland.gov/itms_public/?stationid=B150034,1810,1821,1812,1950,1941,1992,2033,2084,2075,2960,1940,1971,1962,2110,2081,2132,2183,2214,2205,3260,13,2392,405,1,134,15,NO ERROR,149,,,0.00439189,0.80810811,0.13682432,0.00033784,0.04527027,0.00506757,0.05033784,2,12.12,69.38,49.43,50.57,"1,810","1,821","1,812","1,950","1,941","1,992","2,033","2,084","2,075","2,960","1,940","1,971","1,962","2,110","2,081","2,132","2,183","2,214","2,205","3,260",13,"2,392",1,405,134,15,149
-8572987.0113,4717997.5696,7455,S2012150982,15,Montgomery,143,Takoma Park,Laurel Ave                              ,MU,850,  ,0.02,0,0.05,Laurel Ave - 100ft South Of Md 195,Carroll Ave To Wash Dc Line,Urban,5,Major Collector,15143MU00850  01SS**************,15143MU00850--1-----,1,North,2,F,0,8.49,68.97,51.8,48.2,0.0951,https://maps.roads.maryland.gov/itms_public/?stationid=S2012150982,,,4890,4901,4892,5023,5124,5255,5210,5211,,,5280,5291,5232,5383,5484,5575,5520,5731,,,,,,,NO ERROR,,,,,,,,,,,2,8.49,68.97,51.8,48.2,N/A,N/A,"4,890","4,901","4,892","5,023","5,124","5,255","5,210","5,211",N/A,N/A,"5,280","5,291","5,232","5,383","5,484","5,575","5,520","5,731",N/A,N/A,N/A,N/A,N/A,N/A,N/A
-8578985.7394,4741361.7772,7459,S2017150267,15,Montgomery,0,None,Menden Farm Dr,CO,5702,  ,0.02,0,0.24,Menden Farm Dr - .02 Mile North Of Old Baltimore Rd,Old Baltimore Rd To Prince Philip Dr,Urban,6,Minor Collector,15000CO05702  01NN**************,15000CO05702--1-----,1,South,2,F,0,10.5,81.65,47.28,52.72,0.1701,https://maps.roads.maryland.gov/itms_public/?stationid=S2017150267,,,,,,,,1960,1941,1942,,,,,,,,2080,2061,2142,,,,,,,NO ERROR,,,,,,,,,,,2,10.5,81.65,47.28,52.72,N/A,N/A,N/A,N/A,N/A,N/A,N/A,"1,960","1,941","1,942",N/A,N/A,N/A,N/A,N/A,N/A,N/A,"2,080","2,061","2,142",N/A,N/A,N/A,N/A,N/A,N/A,N/A
-8582093.4799,4719560.1116,7469,B2864,15,Montgomery,0,None,Wisconsin Ave,MD,355,  ,1.74,1.7,2.55,Md355-.10 Mi N Of Md410,Md 410 To Jones Bridge Rd,Urban,3,Principal Arterial Other,15000MD00355  01NN**************,15000MD00355--1-----,1,North,6,F,1,7.6,64.76,52.13,47.87,10.4318,https://maps.roads.maryland.gov/itms_public/?stationid=B2864,32951,33082,35670,35741,35632,32500,33121,33922,33623,33624,35261,35732,38520,38601,38132,34780,35441,36302,35983,35644,532,29636,2751,130,415,160,NO ERROR,575,,,0.01582203,0.88139424,0.08181656,0.00386629,0.01234237,0.00475851,0.01710088,6,7.6,64.76,52.13,47.87,"32,951","33,082","35,670","35,741","35,632","32,500","33,121","33,922","33,623","33,624","35,261","35,732","38,520","38,601","38,132","34,780","35,441","36,302","35,983","35,644",532,"29,636",130,"2,751",415,160,575
-8566603.3375,4732071.9013,7475,S2012150656,15,Montgomery,0,None,Fairland Rd,CO,98,  ,2.41,2.35,3.59,Fairland Rd - .10 Mile North Of Us 29,Us 29 To Briggs Chaney Rd,Urban,4,Minor Arterial,15000CO00098  01NN**************,15000CO00098--1-----,1,North,3,F,0,8.49,57.31,48.05,51.95,3.2546,https://maps.roads.maryland.gov/itms_public/?stationid=S2012150656,,,7090,7101,7082,7273,7414,7595,7190,7191,,,7660,7671,7582,7783,7934,8135,7690,7621,,,,,,,NO ERROR,,,,,,,,,,,3,8.49,57.31,48.05,51.95,N/A,N/A,"7,090","7,101","7,082","7,273","7,414","7,595","7,190","7,191",N/A,N/A,"7,660","7,671","7,582","7,783","7,934","8,135","7,690","7,621",N/A,N/A,N/A,N/A,N/A,N/A,N/A
-8578665.3936,4720557.8354,7480,S2012150909,15,Montgomery,0,None,Beach Dr,GV,4,  ,0.07,0,1.06,Beach Dr - .10 Mi South Of Md 410,East West Hwy To Wash Dc Line,Urban,4,Minor Arterial,15000GV00004  01SS**************,15000GV00004--1-----,1,North,2,F,0,10.33,60.94,49.75,50.25,2.6932,https://maps.roads.maryland.gov/itms_public/?stationid=S2012150909,,,7050,7061,7042,7233,7374,7555,6960,6961,,,7610,7631,7542,7743,7894,8085,7450,7381,,,,,,,NO ERROR,,,,,,,,,,,2,10.33,60.94,49.75,50.25,N/A,N/A,"7,050","7,061","7,042","7,233","7,374","7,555","6,960","6,961",N/A,N/A,"7,610","7,631","7,542","7,743","7,894","8,085","7,450","7,381",N/A,N/A,N/A,N/A,N/A,N/A,N/A
-8563843.4059,4737656.2996,7497,B2843,15,Montgomery,0,None,Sandy Spring Rd,MD,198,  ,3.55,3.45,3.61,Md198-.10 Mi E Of Us29a,Us 29a To Us 29,Urban,3,Principal Arterial Other,15000MD00198  01EE**************,15000MD00198--1-----,1,West,5,F,1,7.86,51.34,46.82,53.18,2.1416,https://maps.roads.maryland.gov/itms_public/?stationid=B2843,38792,40870,40541,40622,35440,36361,37052,37000,36671,36672,41512,44140,43781,43872,37920,38911,39652,39590,39241,38872,53,30652,0,202,4113,1652,NO ERROR,5765,,,0.00144524,0.83584206,0,0.00550829,0.11215641,0.04504799,0.15720441,5,7.86,51.34,46.82,53.18,"38,792","40,870","40,541","40,622","35,440","36,361","37,052","37,000","36,671","36,672","41,512","44,140","43,781","43,872","37,920","38,911","39,652","39,590","39,241","38,872",53,"30,652",202,0,4113,1652,"5,765"
-8578693.5526,4749001.7684,7500,S2012150906,15,Montgomery,0,None,Bordly Dr,CO,7104,  ,1.28,0,1.386,Bordly Dr - .10 Mi East Of Md 97,Brighton Dam Rd To Georgia Ave,Rural,5,Major Collector,15000CO07104  01WW**************,15000CO07104--1-----,1,East,2,F,0,9.46,60.82,49.6,50.4,0.9313,https://maps.roads.maryland.gov/itms_public/?stationid=S2012150906,,,1600,1591,1592,1633,1674,1715,1820,1841,,,1700,1701,1692,1733,1794,1825,1930,1951,,,,,,,NO ERROR,,,,,,,,,,,2,9.46,60.82,49.6,50.4,N/A,N/A,"1,600","1,591","1,592","1,633","1,674","1,715","1,820","1,841",N/A,N/A,"1,700","1,701","1,692","1,733","1,794","1,825","1,930","1,951",N/A,N/A,N/A,N/A,N/A,N/A,N/A
-8588579.5202,4717586.831,7502,S2009150019,15,Montgomery,0,None,Ramp 5 Fr Ramp 2 Fr Gv 31,RP,6,  ,0.01,0,0.02,Exit 2 Ramp 7 Fr Ramp 2 (fr Clara Barton Pkwy Wb) To Ericsson Rd Sb,Exit 2  Ramp 07 Ramp 2 Fr C Barton Pkwy To Ericsson Rd To Ericsson Rd,Urban,2,Principal Arterial Other Freeways and Expressways,15000RP00006  02WWGV2         07,15000RP00006--100207,2,South,1,F,0,16.07,100,0,100,0.0004,https://maps.roads.maryland.gov/itms_public/?stationid=S2009150019,,51,51,52,53,50,51,52,53,54,,0,61,62,63,50,61,62,63,64,,,,,,,NO ERROR,,,,,,,,,,,1,16.07,100,0,100,N/A,51,51,52,53,50,51,52,53,54,N/A,0,61,62,63,50,61,62,63,64,N/A,N/A,N/A,N/A,N/A,N/A,N/A
-8583402.377,4724351.8824,7509,S2000150151,15,Montgomery,0,None,Ramp 6 Fr Is 495 Eb To Md 355 Sb,RP,495,  ,0.1,0,0.41,Exit 34 Ramp 6 Fr Is 495 Eb To Md 355 Sb,Exit 34 Ramp 06 Capital Beltway To Rockville Pike,Urban,1,Interstate,15000RP00495  02EEIS34        06,15000RP00495--103406,2,South,2,F,0,8.92,100,0,100,0.7933,https://maps.roads.maryland.gov/itms_public/?stationid=S2000150151,5053,4880,4901,4952,4953,5074,5185,5315,5260,5301,5363,5170,5201,5252,5203,5334,5445,5535,5470,5511,,,,,,,NO ERROR,,,,,,,,,,,2,8.92,100,0,100,"5,053","4,880","4,901","4,952","4,953","5,074","5,185","5,315","5,260","5,301","5,363","5,170","5,201","5,252","5,203","5,334","5,445","5,535","5,470","5,511",N/A,N/A,N/A,N/A,N/A,N/A,N/A
-8572190.6815,4723973.3669,7513,S2000150186,15,Montgomery,0,None,Ramp 2 Fr Is 495 Wb To Md 193 Nb,RP,495,  ,0.2,0.19,0.21,Exit 29 Ramp 2 Fr Is 495 Wb To Md 193 Nb,Exit 29 Ramp 02 Ramp 7 Fr Rp 2 (fr Is495 Wb) To 193 To University Blvd E,Urban,1,Interstate,15000RP00495  02WWIS29        02,15000RP00495--102902,2,West,2,F,0,9.05,100,0,100,0.0471,https://maps.roads.maryland.gov/itms_public/?stationid=S2000150186,7005,8380,8421,6020,6011,6160,6291,6442,6403,6454,7405,8880,8931,6380,6311,6470,6611,6702,6663,6714,,,,,,,NO ERROR,,,,,,,,,,,2,9.05,100,0,100,"7,005","8,380","8,421","6,020","6,011","6,160","6,291","6,442","6,403","6,454","7,405","8,880","8,931","6,380","6,311","6,470","6,611","6,702","6,663","6,714",N/A,N/A,N/A,N/A,N/A,N/A,N/A
-8592852.2353,4737585.0767,7518,S2000150035,15,Montgomery,0,None,Ramp 10 Fr Ramp 5 To Omega Dr,RP,270,  ,0.05,0,0.1,Exit 8 Ramp 10 Fr Ramp 5 (fr Is 270 Sb) To Omega Dr,Exit 8  Ramp 10 Ramp 5 Fr Is 270 Sb To Shady Grove Rd To Omega Dr,Urban,1,Interstate,15000RP00270  02WWIS8         10,15000RP00270--100810,2,South,1,F,0,13.6,100,0,100,0.0936,https://maps.roads.maryland.gov/itms_public/?stationid=S2000150035,1605,1680,1691,1712,1713,2440,2491,2552,2543,2564,1705,1780,1791,1822,1803,2560,2621,2652,2653,2674,,,,,,,NO ERROR,,,,,,,,,,,1,13.6,100,0,100,"1,605","1,680","1,691","1,712","1,713","2,440","2,491","2,552","2,543","2,564","1,705","1,780","1,791","1,822","1,803","2,560","2,621","2,652","2,653","2,674",N/A,N/A,N/A,N/A,N/A,N/A,N/A
-8603739.1991,4756879.8487,7533,B2876,15,Montgomery,0,None,Frederick Rd,MD,355,  ,23.44,22.9,23.88,Md355-.40 Mi S Of Comus Rd,Md 121 To Comus Rd,Urban,5,Major Collector,15000MD00355  01NN**************,15000MD00355--1-----,1,North,2,F,1,10.1,76.97,53.32,46.68,3.7963,https://maps.roads.maryland.gov/itms_public/?stationid=B2876,11090,10881,10902,10853,10844,11105,10310,10541,10482,10613,11650,11751,11562,11613,11504,11775,11030,11171,11112,11253,,,,,,,NO ERROR,,,,,,,,,,,2,10.1,76.97,53.32,46.68,"11,090","10,881","10,902","10,853","10,844","11,105","10,310","10,541","10,482","10,613","11,650","11,751","11,562","11,613","11,504","11,775","11,030","11,171","11,112","11,253",N/A,N/A,N/A,N/A,N/A,N/A,N/A
-8589321.0518,4729805.6052,7575,S2017150195,15,Montgomery,0,None,Ramp 14 Fr Pk Potm Ave To Montrose Rd Eb,RP,270,  ,0.105,0,0.12,Exit 4 Ramp 14 Fr Pk Potm Ave To Montrose Rd Eb,Exit 4  Ramp 14 Fr Pk Potm Ave To Montrose Rd Eb,Urban,1,Interstate,15000RP00270  02SSIS4         14,15000RP00270--100414,2,South,1,F,0,12.2,100,0,100,0.0719,https://maps.roads.maryland.gov/itms_public/?stationid=S2017150195,,,,,,,,1640,1631,1642,,,,,,,,1710,1701,1712,,,,,,,NO ERROR,,,,,,,,,,,1,12.2,100,0,100,N/A,N/A,N/A,N/A,N/A,N/A,N/A,"1,640","1,631","1,642",N/A,N/A,N/A,N/A,N/A,N/A,N/A,"1,710","1,701","1,712",N/A,N/A,N/A,N/A,N/A,N/A,N/A
-8580088.9048,4721760.1322,7577,S2008150028,15,Montgomery,111,North Chevy Chase,Kensington Pkwy,MU,50,  ,1.97,1.63,2.02,Kensington Pkwy - Between Md 185/jones Bridge Rd & Montrose Dr,Kensington Pkwy (back) To Connecticut Ave,Urban,7,Local,15111MU00050  01SS**************,15111MU00050--1-----,1,South,2,F,0,13.93,83.97,40.85,59.15,0.3082,https://maps.roads.maryland.gov/itms_public/?stationid=S2008150028,2002,2013,2004,2015,2040,2091,2132,2183,2164,2165,2142,2173,2164,2185,2180,2241,2282,2313,2294,2385,,,,,,,NO ERROR,,,,,,,,,,,2,13.93,83.97,40.85,59.15,"2,002","2,013","2,004","2,015","2,040","2,091","2,132","2,183","2,164","2,165","2,142","2,173","2,164","2,185","2,180","2,241","2,282","2,313","2,294","2,385",N/A,N/A,N/A,N/A,N/A,N/A,N/A
-8592225.7053,4737305.6465,7585,S2006150038,15,Montgomery,0,None,Ramp 1 Fr Is 270 Nb To Shady Grove Rd Wb,RP,270,  ,0.03,0,0.05,Exit 8 Ramp 1 Fr Is 270 Nb To Shady Grove Rd Wb (includes Ramp 9 & Redland Rd),Exit 8  Ramp 01 Eisenhower Memorial Hwy To Ramp 9 Fr Ramp 1 To Redland Blvd,Urban,1,Interstate,15000RP00270  02WWIS8         01,15000RP00270--100801,2,West,2,F,0,10.03,100,0,100,0.5321,https://maps.roads.maryland.gov/itms_public/?stationid=S2006150038,26764,26795,26935,27185,27165,27825,28425,29115,28945,29155,28374,28405,28555,28825,28525,29225,29855,30285,30105,30325,,,,,,,NO ERROR,,,,,,,,,,,2,10.03,100,0,100,"26,764","26,795","26,935","27,185","27,165","27,825","28,425","29,115","28,945","29,155","28,374","28,405","28,555","28,825","28,525","29,225","29,855","30,285","30,105","30,325",N/A,N/A,N/A,N/A,N/A,N/A,N/A
-8583883.8748,4732057.7724,7616,B150098,15,Montgomery,0,None,Veirs Mill Rd,MD,586,  ,1.59,1.48,3.48,Md586-.10 Mi E Of Twinbrook Pkwy,Twinbrook Pkwy To Randolph Rd,Urban,3,Principal Arterial Other,15000MD00586  01EE**************,15000MD00586--1-----,1,East,5,F,0,8.71,63.46,51.16,48.84,32.2521,https://maps.roads.maryland.gov/itms_public/?stationid=B150098,46230,46421,46052,42350,42221,41870,42671,43702,44180,44181,49470,50141,49742,45740,45181,44800,45661,46762,47270,46831,104,38460,4104,390,953,170,NO ERROR,1123,,,0.00235395,0.87050995,0.09289061,0.00882732,0.02157036,0.00384781,0.02541817,5,8.71,63.46,51.16,48.84,"46,230","46,421","46,052","42,350","42,221","41,870","42,671","43,702","44,180","44,181","49,470","50,141","49,742","45,740","45,181","44,800","45,661","46,762","47,270","46,831",104,"38,460",390,"4,104",953,170,1123
-8591622.5671,4743085.4344,7632,S2012150927,15,Montgomery,63,Gaithersburg,Victory Farm Dr,MU,389,  ,0.57,0,0.63,Victory Farm - Between Saybrooke Oaks Blvd & Grandchester La,Road End To Saybrooke Oaks Blvd,Urban,5,Major Collector,15063MU00389  01EE**************,15063MU00389--1-----,1,West,4,F,0,9.23,60.17,48.41,51.59,0.7982,https://maps.roads.maryland.gov/itms_public/?stationid=S2012150927,,,3270,3281,3272,3363,3434,3525,3470,3471,,,3530,3541,3502,3603,3674,3745,3680,3821,,,,,,,NO ERROR,,,,,,,,,,,4,9.23,60.17,48.41,51.59,N/A,N/A,"3,270","3,281","3,272","3,363","3,434","3,525","3,470","3,471",N/A,N/A,"3,530","3,541","3,502","3,603","3,674","3,745","3,680","3,821",N/A,N/A,N/A,N/A,N/A,N/A,N/A
-8570236.1103,4719944.5194,7633,B3305,15,Montgomery,0,None,New Hampshire Ave,MD,650,  ,0.97,0,1.04,Md650-between Holton La & Md193,P.g. Co/l (md 410) To P.g. Co/l (md193),Urban,3,Principal Arterial Other,15000MD00650  01NN**************,15000MD00650--1-----,1,South,6,F,2,6.97,65.89,48.46,51.54,14.9604,https://maps.roads.maryland.gov/itms_public/?stationid=B3305,35661,35802,33700,33771,33672,35100,35771,36632,37820,39411,38161,38672,36400,36471,36032,37560,38281,39202,40470,40091,,,,,,,NO ERROR,,,,,,,,,,,6,6.97,65.89,48.46,51.54,"35,661","35,802","33,700","33,771","33,672","35,100","35,771","36,632","37,820","39,411","38,161","38,672","36,400","36,471","36,032","37,560","38,281","39,202","40,470","40,091",N/A,N/A,N/A,N/A,N/A,N/A,N/A
-8588822.3483,4735489.1983,7646,S2012150958,15,Montgomery,130,Rockville,Mannakee St,MU,1902,  ,0.97,0,1.05,Mannakee St - .10 Mi South Of Md 355,Henderson Cir To Hungerford Dr,Urban,6,Minor Collector,15130MU01902  01NN**************,15130MU01902--1-----,1,North,2,F,0,8.02,53.61,51.26,48.74,3.5761,https://maps.roads.maryland.gov/itms_public/?stationid=S2012150958,,,8990,9011,8982,9223,9404,9635,9330,9331,,,9710,9731,9612,9873,10064,10215,9890,10261,,,,,,,NO ERROR,,,,,,,,,,,2,8.02,53.61,51.26,48.74,N/A,N/A,"8,990","9,011","8,982","9,223","9,404","9,635","9,330","9,331",N/A,N/A,"9,710","9,731","9,612","9,873","10,064","10,215","9,890","10,261",N/A,N/A,N/A,N/A,N/A,N/A,N/A
-8580033.6073,4738616.0137,7653,S2012151311,15,Montgomery,0,None,Ramp 3 Fr Md 200 Eb To Md 97 Nb,RP,200,  ,0.27,0,0.645,Exit 9 Ramp 3 Fr Md 200 Eb To Md 97 Nb,Exit 8  Ramp 03 Md 200 Eb To Md 97 Nb,Urban,2,Principal Arterial Other Freeways and Expressways,15000RP00200  02EEMD8         03,15000RP00200--100803,2,North,1,F,0,10.36,100,100,0,0.9233,https://maps.roads.maryland.gov/itms_public/?stationid=S2012151311,,,2220,2221,2212,2273,2324,3960,3921,3922,,,2400,2401,2372,2433,2494,4240,4201,4162,,,,,,,NO ERROR,,,,,,,,,,,1,10.36,100,100,0,N/A,N/A,"2,220","2,221","2,212","2,273","2,324","3,960","3,921","3,922",N/A,N/A,"2,400","2,401","2,372","2,433","2,494","4,240","4,201","4,162",N/A,N/A,N/A,N/A,N/A,N/A,N/A
-8586825.5345,4732232.2314,7667,S2012150946,15,Montgomery,130,Rockville,W Edmonston Dr,MU,1015,  ,0.08,0,0.19,W Edmonston Dr - .10 Mi South Of Md 355,Rockville Pike To Wootton Pkwy,Urban,5,Major Collector,15130MU01015  01SS**************,15130MU01015--1-----,1,South,3,F,0,8.85,51.11,45.71,54.29,1.1686,https://maps.roads.maryland.gov/itms_public/?stationid=S2012150946,,,15670,15701,15652,16063,16374,16775,16650,16851,,,16920,16961,16752,17193,17524,17785,17650,18321,,,,,,,NO ERROR,,,,,,,,,,,3,8.85,51.11,45.71,54.29,N/A,N/A,"15,670","15,701","15,652","16,063","16,374","16,775","16,650","16,851",N/A,N/A,"16,920","16,961","16,752","17,193","17,524","17,785","17,650","18,321",N/A,N/A,N/A,N/A,N/A,N/A,N/A
-8584849.1323,4730947.6065,7674,S2012150949,15,Montgomery,130,Rockville,Halpine Rd                              ,MU,1330,  ,0.26,0.07,0.43,Halpine Rd - Between Halpine Walk Ct & Lewis Ave,Halpine Ave (back) To Road End,Urban,5,Major Collector,15130MU01330  01WW**************,15130MU01330--1-----,1,West,2,F,0,9.76,50.22,49.92,50.08,0.2695,https://maps.roads.maryland.gov/itms_public/?stationid=S2012150949,,,1900,1901,1902,1953,1994,2045,2050,2051,,,2050,2051,2042,2093,2134,2175,2170,2261,,,,,,,NO ERROR,,,,,,,,,,,2,9.76,50.22,49.92,50.08,N/A,N/A,"1,900","1,901","1,902","1,953","1,994","2,045","2,050","2,051",N/A,N/A,"2,050","2,051","2,042","2,093","2,134","2,175","2,170","2,261",N/A,N/A,N/A,N/A,N/A,N/A,N/A
-8585596.5931,4718224.861,7675,S2012150792,15,Montgomery,0,None,Whittier Blvd                           ,CO,1279,  ,1.5,0.59,1.52,Whittier Blvd - Between Md 190 & Highboro Dr,Md 188 To Md 190,Urban,5,Major Collector,15000CO01279  01SS**************,15000CO01279--1-----,1,North,2,F,0,9,51.4,51.39,48.61,1.9624,https://maps.roads.maryland.gov/itms_public/?stationid=S2012150792,,,6140,6151,6132,6293,6414,6575,5780,5781,,,6630,6641,6562,6733,6864,6975,6130,6361,,,,,,,NO ERROR,,,,,,,,,,,2,9,51.4,51.39,48.61,N/A,N/A,"6,140","6,151","6,132","6,293","6,414","6,575","5,780","5,781",N/A,N/A,"6,630","6,641","6,562","6,733","6,864","6,975","6,130","6,361",N/A,N/A,N/A,N/A,N/A,N/A,N/A
-8584204.1546,4719751.313,7693,B2810,15,Montgomery,0,None,Wilson La,MD,188,  ,2.46,2.34,3.25,Md188-.10 Mi E Of Md191,Md 191 To Md 187,Urban,4,Minor Arterial,15000MD00188  01EE**************,15000MD00188--1-----,1,West,3,C,0,9.25,62.37,49.01,50.99,2.903,https://maps.roads.maryland.gov/itms_public/?stationid=B2810,9230,9271,9202,9010,8981,9222,9390,9621,9532,8740,9880,10011,9942,9730,9611,9872,10050,10291,10202,9260,52,7550,875,14,222,27,NO ERROR,249,,,0.00594966,0.86384439,0.10011442,0.00160183,0.02540046,0.00308924,0.0284897,3,9.25,62.37,49.01,50.99,"9,230","9,271","9,202","9,010","8,981","9,222","9,390","9,621","9,532","8,740","9,880","10,011","9,942","9,730","9,611","9,872","10,050","10,291","10,202","9,260",52,"7,550",14,875,222,27,249
-8564362.2711,4737380.5232,7709,B2842,15,Montgomery,0,None,Old Columbia Pike,MD,198,  ,3.25,3.11,3.45,Md198-.20 Mi W Of Us29a,Old Columbia Pike To Us 29a,Urban,3,Principal Arterial Other,15000MD00198  01EE**************,15000MD00198--1-----,1,East,5,F,1,8.04,55.42,54.46,45.54,3.9094,https://maps.roads.maryland.gov/itms_public/?stationid=B2842,31372,35050,34771,34842,30560,31361,31962,31790,31501,31502,33572,37850,37551,37632,32700,33561,34202,34020,33711,33392,38,26402,0,155,3682,1225,NO ERROR,4907,,,0.00120627,0.83810552,0,0.00492032,0.11688147,0.03888642,0.15576789,5,8.04,55.42,54.46,45.54,"31,372","35,050","34,771","34,842","30,560","31,361","31,962","31,790","31,501","31,502","33,572","37,850","37,551","37,632","32,700","33,561","34,202","34,020","33,711","33,392",38,"26,402",155,0,3682,1225,"4,907"
-8588216.2389,4742669.9149,7712,B150065,15,Montgomery,0,None,Shady Grove Rd,CO,212,  ,6.32,5.92,6.52,Shady Grove Rd-.20 Mi S Of Md115,Midcounty Hwy To Md 115,Urban,4,Minor Arterial,15000CO00212  01NN**************,15000CO00212--1-----,1,North,5,F,0,7.8,57.15,51.17,48.83,7.5513,https://maps.roads.maryland.gov/itms_public/?stationid=B150065,38251,38402,32190,32251,32152,32993,33624,34435,34480,34481,40931,41472,34770,34831,34402,35303,35984,36855,36890,36551,,,,,,,NO ERROR,,,,,,,,,,,5,7.8,57.15,51.17,48.83,"38,251","38,402","32,190","32,251","32,152","32,993","33,624","34,435","34,480","34,481","40,931","41,472","34,770","34,831","34,402","35,303","35,984","36,855","36,890","36,551",N/A,N/A,N/A,N/A,N/A,N/A,N/A
-8570829.7263,4727969.6625,7747,S2001150031,15,Montgomery,0,None,Ramp 7 Fr Us 29 Wb To Md 650 Sb,RP,29,  ,0.1,0,0.165,Exit 3 Ramp 7 Fr Us 29 Wb To Md 650 Sb,Exit 3  Ramp 07 Columbia Pike To New Hampshire Ave,Urban,3,Principal Arterial Other,15000RP00029  02WWUS3         07,15000RP00029--100307,2,West,1,F,0,10.88,100,0,100,0.415,https://maps.roads.maryland.gov/itms_public/?stationid=S2001150031,6504,6610,6680,6691,6672,6853,6984,7155,6890,6891,6964,7140,7210,7231,7142,7333,7474,7665,7370,7301,,,,,,,NO ERROR,,,,,,,,,,,1,10.88,100,0,100,"6,504","6,610","6,680","6,691","6,672","6,853","6,984","7,155","6,890","6,891","6,964","7,140","7,210","7,231","7,142","7,333","7,474","7,665","7,370","7,301",N/A,N/A,N/A,N/A,N/A,N/A,N/A
-8618188.9879,4742515.3099,7753,S2014150586,15,Montgomery,0,None,W Willard Rd,CO,273,  ,0.08,0,4.44,W Willard Rd - .10 Mi S Of Fisher Ave,Fisher Ave To River Rd,Rural,6,Minor Collector,15000CO00273  01SS**************,15000CO00273--1-----,1,South,2,F,0,14.94,60.27,50.6,49.4,4.3351,https://maps.roads.maryland.gov/itms_public/?stationid=S2014150586,,,,,2460,2521,2582,2643,2634,2675,,,,,2610,2671,2762,2803,2794,2845,,,,,,,NO ERROR,,,,,,,,,,,2,14.94,60.27,50.6,49.4,N/A,N/A,N/A,N/A,"2,460","2,521","2,582","2,643","2,634","2,675",N/A,N/A,N/A,N/A,"2,610","2,671","2,762","2,803","2,794","2,845",N/A,N/A,N/A,N/A,N/A,N/A,N/A
-8567438.5325,4730606.3686,7756,S2006150072,15,Montgomery,0,None,Ramp 4 Fr Us 29 Nb To Cherry Hill Rd Eb,RP,29,  ,0.18,0.175,0.195,Exit 7 Ramp 4 Fr Us 29 Nb To Cherry Hill Rd Eb,Exit 7  Ramp 04 Ramp 1 Fr Ramp 4 (us29)to Cherry Hill Rd To Cherry Hill Rd,Urban,2,Principal Arterial Other Freeways and Expressways,15000RP00029  02NNUS7         04,15000RP00029--100704,2,East,2,F,0,9.09,100,100,0,0.0202,https://maps.roads.maryland.gov/itms_public/?stationid=S2006150072,2714,2980,2660,2671,2662,2733,2794,2865,2770,2771,2904,3220,2870,2891,2852,2923,2994,3075,2960,2941,,,,,,,NO ERROR,,,,,,,,,,,2,9.09,100,100,0,"2,714","2,980","2,660","2,671","2,662","2,733","2,794","2,865","2,770","2,771","2,904","3,220","2,870","2,891","2,852","2,923","2,994","3,075","2,960","2,941",N/A,N/A,N/A,N/A,N/A,N/A,N/A
-8594414.7368,4763591.3321,7763,B2702,15,Montgomery,0,None,Ridge Rd,MD,27,  ,6.81,6.56,7.65,Md27-.20 Mi N Of Md108,Md 108 To Gue Rd,Urban,3,Principal Arterial Other,15000MD00027  01NN**************,15000MD00027--1-----,1,North,3,C,1,7.58,59.6,49.81,50.19,4.7265,https://maps.roads.maryland.gov/itms_public/?stationid=B2702,20800,20881,20712,20230,20171,20702,11940,12231,12122,11880,22260,22551,22372,21850,21581,22152,12780,13091,12972,12590,25,8938,2104,63,604,146,NO ERROR,750,,,0.00210438,0.7523569,0.17710438,0.00530303,0.05084175,0.01228956,0.06313131,3,7.58,59.6,49.81,50.19,"20,800","20,881","20,712","20,230","20,171","20,702","11,940","12,231","12,122","11,880","22,260","22,551","22,372","21,850","21,581","22,152","12,780","13,091","12,972","12,590",25,"8,938",63,"2,104",604,146,750
-8567502.5217,4730687.4435,7764,S2006150076,15,Montgomery,0,None,Ramp 8 Fr Us 29 Sb To E Randolph Rd Wb,RP,29,  ,0.2,0.19,0.21,Exit 7 Ramp 8 Fr Us 29 Sb To E Randolph Rd Wb,Exit 7  Ramp 08 Ramp 5 Fr Ramp 8 (us29sb) To Randolph Rd To E Randolph Rd,Urban,2,Principal Arterial Other Freeways and Expressways,15000RP00029  02SSUS7         08,15000RP00029--100708,2,West,1,F,0,10.64,100,0,100,0.0119,https://maps.roads.maryland.gov/itms_public/?stationid=S2006150076,2104,1610,1560,1561,1562,1603,1634,1675,1630,1631,2254,1740,1690,1691,1672,1723,1754,1795,1740,1731,,,,,,,NO ERROR,,,,,,,,,,,1,10.64,100,0,100,"2,104","1,610","1,560","1,561","1,562","1,603","1,634","1,675","1,630","1,631","2,254","1,740","1,690","1,691","1,672","1,723","1,754","1,795","1,740","1,731",N/A,N/A,N/A,N/A,N/A,N/A,N/A
-8576279.6987,4736041.7617,7767,S2012151271,15,Montgomery,0,None,Ramp 1 Fr Md182 Nb To Rp 8 (to Md200 Wb),RP,200,  ,0.015,0,0.02,Exit 10 Ramp 1 Fr Md 182 Nb To Ramp 8 (to Md 200 Wb),Exit 10 Ramp 01 Md 182 Nb To Ramp 8 (to Md 200 Wb),Urban,2,Principal Arterial Other Freeways and Expressways,15000RP00200  02WWMD10        01,15000RP00200--101001,2,West,2,F,0,11.61,100,0,100,0.0153,https://maps.roads.maryland.gov/itms_public/?stationid=S2012151271,,,790,791,792,813,834,855,2090,2091,,,850,851,852,873,894,925,2240,2221,,,,,,,NO ERROR,,,,,,,,,,,2,11.61,100,0,100,N/A,N/A,790,791,792,813,834,855,"2,090","2,091",N/A,N/A,850,851,852,873,894,925,"2,240","2,221",N/A,N/A,N/A,N/A,N/A,N/A,N/A
-8577599.7979,4727270.8569,7768,B2908,15,Montgomery,0,None,Veirs Mill Rd,MD,586,  ,5.46,5.36,5.55,Md586-.10 Mi E Of Md193,Md 193 To Grandview Ave,Urban,3,Principal Arterial Other,15000MD00586  01EE**************,15000MD00586--1-----,1,East,5,C,0,8.22,51.98,53.67,46.33,1.5729,https://maps.roads.maryland.gov/itms_public/?stationid=B2908,24410,24511,24322,23880,23811,24432,23120,23681,23472,22680,26120,26471,26272,25790,25481,26142,24740,25341,25122,24040,,,,,,,NO ERROR,,,,,,,,,,,5,8.22,51.98,53.67,46.33,"24,410","24,511","24,322","23,880","23,811","24,432","23,120","23,681","23,472","22,680","26,120","26,471","26,272","25,790","25,481","26,142","24,740","25,341","25,122","24,040",N/A,N/A,N/A,N/A,N/A,N/A,N/A
-8584814.6894,4728103.2525,7790,B150032,15,Montgomery,0,None,Nicholson La,CO,4242,  ,0.1,0,0.46,Nicholson La-.10 Mi E Of Md187,Md 187 To Md 355,Urban,5,Major Collector,15000CO04242  01EE**************,15000CO04242--1-----,1,West,4,F,0,9.06,51.48,46.02,53.98,2.309,https://maps.roads.maryland.gov/itms_public/?stationid=B150032,14442,14080,13971,14002,14810,15201,15492,13870,13751,13752,15452,15210,15091,15122,15850,16271,16582,14700,14581,15132,38,12352,913,102,196,151,NO ERROR,347,,,0.00276323,0.89819663,0.06639034,0.0074171,0.01425247,0.01098022,0.02523269,4,9.06,51.48,46.02,53.98,"14,442","14,080","13,971","14,002","14,810","15,201","15,492","13,870","13,751","13,752","15,452","15,210","15,091","15,122","15,850","16,271","16,582","14,700","14,581","15,132",38,"12,352",102,913,196,151,347
-8578626.5994,4718875.9561,7792,B150022,15,Montgomery,0,None,Winnett Rd,CO,1222,  ,0.2,0,0.29,Winnett Rd-.10 Mi W Of Wash Dc Line,Brennon La To Washington Dc/l,Urban,7,Local,15000CO01222  01EE**************,15000CO01222--1-----,1,East,2,F,0,10.52,59.46,51.66,48.34,0.1039,https://maps.roads.maryland.gov/itms_public/?stationid=B150022,922,930,921,922,890,911,932,990,981,982,992,1000,1001,1002,950,981,1002,1050,1041,1082,1,858,98,2,12,11,NO ERROR,23,,,0.00101833,0.87372709,0.09979633,0.00203666,0.01221996,0.01120163,0.02342159,2,10.52,59.46,51.66,48.34,922,930,921,922,890,911,932,990,981,982,992,"1,000","1,001","1,002",950,981,"1,002","1,050","1,041","1,082",1,858,2,98,12,11,23
-8576313.408,4735829.0931,7796,S2012151273,15,Montgomery,0,None,Ramp 4 Fr Md 182 Nb To Md 200 Eb,RP,200,  ,0.02,0,0.2,Exit 10 Ramp 4 Fr Md 182 Nb To Md 200 Eb,Exit 10 Ramp 04 Md 182 Nb To Md 200 Eb,Urban,2,Principal Arterial Other Freeways and Expressways,15000RP00200  02NNMD10        04,15000RP00200--101004,2,North,1,F,0,13.39,100,100,0,0.0315,https://maps.roads.maryland.gov/itms_public/?stationid=S2012151273,,,1050,1051,1052,1083,1104,1135,430,431,,,1130,1141,1132,1163,1184,1215,460,461,,,,,,,NO ERROR,,,,,,,,,,,1,13.39,100,100,0,N/A,N/A,"1,050","1,051","1,052","1,083","1,104","1,135",430,431,N/A,N/A,"1,130","1,141","1,132","1,163","1,184","1,215",460,461,N/A,N/A,N/A,N/A,N/A,N/A,N/A
-8577249.2955,4730503.8587,7799,B2784,15,Montgomery,0,None,Layhill Rd,MD,182,  ,0.1,0,0.21,Md182-.10 Mi N Of Md97,Md 97 To Glenallan Rd,Urban,3,Principal Arterial Other,15000MD00182  01NN**************,15000MD00182--1-----,1,North,5,F,0,8.29,64.9,54.42,45.58,1.4964,https://maps.roads.maryland.gov/itms_public/?stationid=B2784,20512,20010,19851,19892,18770,19261,19632,18900,18731,19522,21952,21610,21441,21482,20080,20611,21012,20220,20041,19852,,,,,,,NO ERROR,,,,,,,,,,,5,8.29,64.9,54.42,45.58,"20,512","20,010","19,851","19,892","18,770","19,261","19,632","18,900","18,731","19,522","21,952","21,610","21,441","21,482","20,080","20,611","21,012","20,220","20,041","19,852",N/A,N/A,N/A,N/A,N/A,N/A,N/A
-8593021.6035,4743503.3836,7822,B150011,15,Montgomery,0,None,Goshen Rd,CO,33,  ,0.1,0,0.49,Goshen Rd-.10 Mi N Of Girard St,Girard St To Md 124,Urban,4,Minor Arterial,15000CO00033  01NN**************,15000CO00033--1-----,1,North,3,C,0,7.76,53.82,49.21,50.79,3.3946,https://maps.roads.maryland.gov/itms_public/?stationid=B150011,19870,19951,19792,19990,19931,20452,19180,19641,19462,18980,21260,21551,21382,21590,21331,21882,20520,21021,20822,20120,63,16135,2239,93,373,77,NO ERROR,450,,,0.00331928,0.85010537,0.11796628,0.00489989,0.01965227,0.0040569,0.02370917,3,7.76,53.82,49.21,50.79,"19,870","19,951","19,792","19,990","19,931","20,452","19,180","19,641","19,462","18,980","21,260","21,551","21,382","21,590","21,331","21,882","20,520","21,021","20,822","20,120",63,"16,135",93,"2,239",373,77,450
-8605563.837,4747669.5605,7823,B2764,15,Montgomery,0,None,Clopper Rd,MD,117,  ,5.73,5.23,7.57,Md117-.50 Mi E Of Md121,Md 121 To Md 118,Rural,5,Major Collector,15000MD00117  01EE**************,15000MD00117--1-----,1,West,3,C,0,10.88,80.45,49.16,50.84,6.9182,https://maps.roads.maryland.gov/itms_public/?stationid=B2764,7103,6974,6995,7510,7501,7682,7890,8061,8012,8100,7463,7534,7425,8040,7951,8142,8440,8551,8492,8590,,,,,,,NO ERROR,,,,,,,,,,,3,10.88,80.45,49.16,50.84,"7,103","6,974","6,995","7,510","7,501","7,682","7,890","8,061","8,012","8,100","7,463","7,534","7,425","8,040","7,951","8,142","8,440","8,551","8,492","8,590",N/A,N/A,N/A,N/A,N/A,N/A,N/A
-8589977.9917,4732236.2995,7824,S2005150088,15,Montgomery,0,None,Ramp 5 Fr Ramp 8 (fr Is270) To Md 189 Eb,RP,270,  ,0.03,0,0.05,Exit 5 Ramp 5 Fr Ramp 8 (fr Is 270 Sb) To Md 189 Eb,Exit 5  Ramp 05 Ramp 8 Fr Is 270 Sb To Md 189 Wb To Falls Rd,Urban,1,Interstate,15000RP00270  02SSIS5         05,15000RP00270--100505,2,South,1,F,0,9.56,100,0,100,0.0623,https://maps.roads.maryland.gov/itms_public/?stationid=S2005150088,3605,3510,3531,3562,3563,3654,3735,3400,3381,3412,3805,3720,3741,3782,3743,3844,3925,3540,3521,3552,,,,,,,NO ERROR,,,,,,,,,,,1,9.56,100,0,100,"3,605","3,510","3,531","3,562","3,563","3,654","3,735","3,400","3,381","3,412","3,805","3,720","3,741","3,782","3,743","3,844","3,925","3,540","3,521","3,552",N/A,N/A,N/A,N/A,N/A,N/A,N/A
-8584533.7708,4734162.3247,7850,B150040,15,Montgomery,130,Rockville,Baltimore Rd,MU,242,  ,1.69,0.02,1.73,Baltimore Rd-.20 Mi E Of Twinbrook Pkwy,Stonestreet Ave To Baltimore Rd (ahead),Urban,5,Major Collector,15130MU00242  01EE**************,15130MU00242--1-----,1,West,3,F,0,9.46,70.96,49.45,50.55,5.6997,https://maps.roads.maryland.gov/itms_public/?stationid=B150040,11022,10570,10491,10512,10060,10321,10522,9210,9131,9132,11792,11420,11331,11352,10760,11041,11262,9860,9771,9682,16,8186,581,3,297,49,NO ERROR,346,,,0.00175208,0.89640823,0.06362243,0.00032852,0.032523,0.00536575,0.03788874,3,9.46,70.96,49.45,50.55,"11,022","10,570","10,491","10,512","10,060","10,321","10,522","9,210","9,131","9,132","11,792","11,420","11,331","11,352","10,760","11,041","11,262","9,860","9,771","9,682",16,"8,186",3,581,297,49,346
-8592343.9223,4737682.1399,7851,S2000150027,15,Montgomery,0,None,Ramp 4 Fr Ramp 1 To Shady Grove Rd,RP,270,  ,0.02,0,0.09,Exit 8 Ramp 4 Fr Is 270 Nb To Shady Grove Rd Eb,Exit 8  Ramp 04 Ramp 1 Fr Is 270 Nb To Shady Grove Rd Wb To Shady Grove Rd,Urban,1,Interstate,15000RP00270  02EEIS8         04,15000RP00270--100804,2,North,1,C,0,8.81,100,100,0,0.2865,https://maps.roads.maryland.gov/itms_public/?stationid=S2000150027,9905,9820,9871,9962,9953,9460,9661,9892,9833,8720,10505,10410,10461,10562,10453,9930,10141,10292,10233,9070,,,,,,,NO ERROR,,,,,,,,,,,1,8.81,100,100,0,"9,905","9,820","9,871","9,962","9,953","9,460","9,661","9,892","9,833","8,720","10,505","10,410","10,461","10,562","10,453","9,930","10,141","10,292","10,233","9,070",N/A,N/A,N/A,N/A,N/A,N/A,N/A
-8584907.4473,4724080.6273,7853,S2000150137,15,Montgomery,0,None,Ramp 2 Fr Is 495 Wb To Md 187 Nb,RP,495,  ,0.19,0.16,0.23,Exit 36 Ramp 2 Fr Is 495 Wb To Md 187 Nb,Exit 36 Ramp 02 Ramp 7 Fr Ramp 2 (fr Is495) To Md 187 Sb To Old Georgetown Rd,Urban,1,Interstate,15000RP00495  02WWIS36        02,15000RP00495--103602,2,North,1,F,0,9.69,100,100,0,0.0979,https://maps.roads.maryland.gov/itms_public/?stationid=S2000150137,3173,3500,3521,3552,3553,3644,3725,3500,3800,3831,3363,3710,3731,3772,3733,3834,3915,3640,3950,3981,,,,,,,NO ERROR,,,,,,,,,,,1,9.69,100,100,0,"3,173","3,500","3,521","3,552","3,553","3,644","3,725","3,500","3,800","3,831","3,363","3,710","3,731","3,772","3,733","3,834","3,915","3,640","3,950","3,981",N/A,N/A,N/A,N/A,N/A,N/A,N/A
-8574093.1214,4719197.3376,7858,B2962,15,Montgomery,0,None,Blair Rd,CO,7067,  ,0.26,0,0.36,Blair Rd-.10 Mi W Of Wash Dc Line,Georgia Ave To Washington Dc/l,Urban,4,Minor Arterial,15000CO07067  01EE**************,15000CO07067--1-----,1,East,2,F,0,7.24,51.63,48.5,51.5,1.3497,https://maps.roads.maryland.gov/itms_public/?stationid=B2962,10612,10070,9991,10012,9950,10211,10412,10360,10271,10272,11362,10880,10791,10812,10650,10931,11142,11090,10991,10892,28,9231,843,14,128,28,NO ERROR,156,,,0.00272586,0.89865654,0.08206776,0.00136293,0.01246106,0.00272586,0.01518692,2,7.24,51.63,48.5,51.5,"10,612","10,070","9,991","10,012","9,950","10,211","10,412","10,360","10,271","10,272","11,362","10,880","10,791","10,812","10,650","10,931","11,142","11,090","10,991","10,892",28,"9,231",14,843,128,28,156
-8594309.5642,4768035.1963,7876,B2730,15,Montgomery,0,None,Kemptown Rd,MD,80,  ,0.94,0.89,1.42,Md80-.50 Mi W Of Md27,Moxley Rd To Md 27,Rural,5,Major Collector,15000MD00080  01EE**************,15000MD00080--1-----,1,West,2,F,2,9.51,74.49,48.63,51.37,0.9311,https://maps.roads.maryland.gov/itms_public/?stationid=B2730,5060,4961,4972,4953,4954,5075,4680,4781,4752,4813,5310,5361,5272,5303,5254,5385,5010,5071,5042,5103,13,3389,1063,24,248,76,NO ERROR,324,,,0.00270102,0.70413464,0.22086017,0.00498649,0.05152711,0.01579057,0.06731768,2,9.51,74.49,48.63,51.37,"5,060","4,961","4,972","4,953","4,954","5,075","4,680","4,781","4,752","4,813","5,310","5,361","5,272","5,303","5,254","5,385","5,010","5,071","5,042","5,103",13,"3,389",24,"1,063",248,76,324
-8594831.604,4762396.9231,7879,B150113,15,Montgomery,0,None,Bethesda Church Rd,CO,3,  ,3.45,3.349,3.88,Bethesda Church Rd-.10 Mi E Of Md27,Md 27 To Md 124,Urban,5,Major Collector,15000CO00003  01EE**************,15000CO00003--1-----,1,East,2,F,0,9.54,53.99,48.72,51.28,0.8297,https://maps.roads.maryland.gov/itms_public/?stationid=B150113,4321,4342,4350,4361,4352,4280,4361,4472,4280,4281,4621,4692,4700,4711,4662,4580,4671,4792,4580,4541,8,3331,663,7,257,15,NO ERROR,272,,,0.00186872,0.77808923,0.15487036,0.00163513,0.0600327,0.00350385,0.06353656,2,9.54,53.99,48.72,51.28,"4,321","4,342","4,350","4,361","4,352","4,280","4,361","4,472","4,280","4,281","4,621","4,692","4,700","4,711","4,662","4,580","4,671","4,792","4,580","4,541",8,"3,331",7,663,257,15,272
-8573256.0301,4724106.263,7894,S2000150177,15,Montgomery,0,None,Ramp 1 Fr Us 29 Nb To Is 495 Wb,RP,495,  ,0.05,0,0.12,Exit 30 Ramp 1 Fr Us 29 Nb To Is 495 Wb,Exit 30 Ramp 01 Colesville Rd To Capital Beltway,Urban,1,Interstate,15000RP00495  02NNIS30        01,15000RP00495--103001,2,West,1,F,0,10.5,100,0,100,0.1412,https://maps.roads.maryland.gov/itms_public/?stationid=S2000150177,2600,2601,2612,2643,2644,2715,3140,3221,3202,3223,2760,2761,2772,2803,2784,2855,3300,3351,3332,3353,,,,,,,NO ERROR,,,,,,,,,,,1,10.5,100,0,100,"2,600","2,601","2,612","2,643","2,644","2,715","3,140","3,221","3,202","3,223","2,760","2,761","2,772","2,803","2,784","2,855","3,300","3,351","3,332","3,353",N/A,N/A,N/A,N/A,N/A,N/A,N/A
-8570509.7661,4718941.8396,7896,S2012150908,15,Montgomery,0,None,Sligo Creek Pkwy,GV,3,  ,0.05,0,1.01,Sligo Creek Pkwy - Between Md 650 & Glengary,New Hampshire Ave To Maple Ave,Urban,7,Local,15000GV00003  01WW**************,15000GV00003--1-----,1,West,2,F,0,9.54,65.1,48.15,51.85,2.2086,https://maps.roads.maryland.gov/itms_public/?stationid=S2012150908,,,5590,5601,5582,5733,5844,5985,5990,5991,,,6040,6051,5972,6133,6254,6345,6350,6591,,,,,,,NO ERROR,,,,,,,,,,,2,9.54,65.1,48.15,51.85,N/A,N/A,"5,590","5,601","5,582","5,733","5,844","5,985","5,990","5,991",N/A,N/A,"6,040","6,051","5,972","6,133","6,254","6,345","6,350","6,591",N/A,N/A,N/A,N/A,N/A,N/A,N/A
-8577043.6523,4725945.8936,7897,S2012150733,15,Montgomery,0,None,Plyers Mill Rd                          ,CO,293,  ,0.4,0,1.5,Plyers Mill Rd - Between Md 97 & Douglas Ave,Glenhaven Dr To Plyers Mill Rd (ahead),Urban,4,Minor Arterial,15000CO00293  01WW**************,15000CO00293--1-----,1,West,2,F,0,8.33,63.43,46.78,53.22,2.9187,https://maps.roads.maryland.gov/itms_public/?stationid=S2012150733,,,5790,5801,5782,5933,6054,6205,5330,5331,,,6250,6271,6192,6353,6484,6645,5700,5651,,,,,,,NO ERROR,,,,,,,,,,,2,8.33,63.43,46.78,53.22,N/A,N/A,"5,790","5,801","5,782","5,933","6,054","6,205","5,330","5,331",N/A,N/A,"6,250","6,271","6,192","6,353","6,484","6,645","5,700","5,651",N/A,N/A,N/A,N/A,N/A,N/A,N/A
-8580820.8086,4724955.2186,7903,S2012150740,15,Montgomery,0,None,Cedar La,CO,319,  ,2.2,1.32,2.28,Cedar La - .10 Mile West Of Summit Ave,Parkwood Dr To Summit Ave,Urban,4,Minor Arterial,15000CO00319  01EE**************,15000CO00319--1-----,1,East,3,F,0,8.52,71.33,50.86,49.14,3.3677,https://maps.roads.maryland.gov/itms_public/?stationid=S2012150740,,,9970,9991,9962,10223,10424,10675,9610,9611,,,10770,10791,10662,10943,11154,11425,10280,10191,,,,,,,NO ERROR,,,,,,,,,,,3,8.52,71.33,50.86,49.14,N/A,N/A,"9,970","9,991","9,962","10,223","10,424","10,675","9,610","9,611",N/A,N/A,"10,770","10,791","10,662","10,943","11,154","11,425","10,280","10,191",N/A,N/A,N/A,N/A,N/A,N/A,N/A
-8594621.3771,4738443.4595,7906,S2009150003,15,Montgomery,0,None,Ramp 6 Fr Nb Co 6271 To Co 7401,RP,6271,  ,0.05,0,0.098,Exit 1 Ramp 6 Fr Sam Eig Hwy To Wash. Blvd ,Exit 1  Ramp 06 Sam Eig Hwy To Washingtonian Blvd,Urban,2,Principal Arterial Other Freeways and Expressways,15000RP06271  02NNCO1         06,15000RP06271--100106,2,East,1,F,0,9.58,100,100,0,0.0709,https://maps.roads.maryland.gov/itms_public/?stationid=S2009150003,901,912,913,924,925,1000,1021,1052,1980,1981,961,992,993,1004,995,1070,1091,1132,2120,2101,,,,,,,NO ERROR,,,,,,,,,,,1,9.58,100,100,0,901,912,913,924,925,"1,000","1,021","1,052","1,980","1,981",961,992,993,"1,004",995,"1,070","1,091","1,132","2,120","2,101",N/A,N/A,N/A,N/A,N/A,N/A,N/A
-8580301.0598,4722234.2528,7909,S2000150162,15,Montgomery,0,None,Ramp 6 Fr Ramp 3 (fr Is495) To Md 185 Sb,RP,495,  ,0.04,0,0.083,Exit 33 Ramp 6 Fr Ramp 3 (fr Is 495 Eb) To Md 185 Sb,Exit 33 Ramp 06 Ramp 3 Fr Is 495 Eb To Md 185 Nb To Connecticut Ave,Urban,1,Interstate,15000RP00495  02EEIS33        06,15000RP00495--103306,2,East,1,F,0,8.83,100,100,0,0.2431,https://maps.roads.maryland.gov/itms_public/?stationid=S2000150162,5983,5980,6011,6072,6073,6224,7820,8011,7962,8023,6343,6340,6371,6442,6383,6544,8210,8331,8282,8343,,,,,,,NO ERROR,,,,,,,,,,,1,8.83,100,100,0,"5,983","5,980","6,011","6,072","6,073","6,224","7,820","8,011","7,962","8,023","6,343","6,340","6,371","6,442","6,383","6,544","8,210","8,331","8,282","8,343",N/A,N/A,N/A,N/A,N/A,N/A,N/A
-8585367.3447,4732795.7327,7920,S2012150938,15,Montgomery,130,Rockville,Broadwood Dr,MU,420,  ,0.48,0,1.06,Broadwood Dr - Between Md 586 & Grandin Ave,Baltimore Rd To Lewis Ave,Urban,6,Minor Collector,15130MU00420  01SS**************,15130MU00420--1-----,1,South,3,F,0,9.44,69.52,47.77,52.23,1.0914,https://maps.roads.maryland.gov/itms_public/?stationid=S2012150938,,,2570,2581,2572,2643,2694,2765,2820,2821,,,2780,2791,2752,2833,2884,2935,2990,3101,,,,,,,NO ERROR,,,,,,,,,,,3,9.44,69.52,47.77,52.23,N/A,N/A,"2,570","2,581","2,572","2,643","2,694","2,765","2,820","2,821",N/A,N/A,"2,780","2,791","2,752","2,833","2,884","2,935","2,990","3,101",N/A,N/A,N/A,N/A,N/A,N/A,N/A
-8601579.8662,4737903.1154,7926,B2710,15,Montgomery,0,None,Darnestown Rd,MD,28,  ,14.67,14.64,15.7,Md28-.10 Mi W Of Jones La,Ancient Oak Dr To Md 124,Urban,4,Minor Arterial,15000MD00028  01EE**************,15000MD00028--1-----,1,West,3,F,2,9.36,69.56,49.89,50.11,5.8116,https://maps.roads.maryland.gov/itms_public/?stationid=B2710,15241,15302,14840,14871,14832,15280,15571,15952,15020,15021,16311,16532,16030,16061,15872,16350,16661,17072,16070,15921,84,11811,2209,77,702,138,NO ERROR,840,,,0.00559217,0.78629918,0.14706078,0.00512616,0.04673457,0.00918714,0.05592171,3,9.36,69.56,49.89,50.11,"15,241","15,302","14,840","14,871","14,832","15,280","15,571","15,952","15,020","15,021","16,311","16,532","16,030","16,061","15,872","16,350","16,661","17,072","16,070","15,921",84,"11,811",77,"2,209",702,138,840
-8607476.7563,4761657.1202,7929,S2007150038,15,Montgomery,0,None,Ramp 3 Fr Md 109 Eb To Ramp 2 (to Is270),RP,270,  ,0.005,0,0.01,Exit 22 Ramp 3 Fr Md 109 Eb To Ramp 2 (to Is 270 Nb),Exit 22 Ramp 03 Old Hundred Rd To Ramp 2 Fr Md 109 Wb To Is 270 Nb,Rural,1,Interstate,15000RP00270  02NNIS22        03,15000RP00270--102203,2,North,1,F,0,13.72,100,100,0,0.0013,https://maps.roads.maryland.gov/itms_public/?stationid=S2007150038,,473,471,470,471,482,513,524,350,351,,0,471,480,471,482,513,534,350,341,,,,,,,NO ERROR,,,,,,,,,,,1,13.72,100,100,0,N/A,473,471,470,471,482,513,524,350,351,N/A,0,471,480,471,482,513,534,350,341,N/A,N/A,N/A,N/A,N/A,N/A,N/A
-8595055.6947,4743993.6383,7932,S2012150924,15,Montgomery,63,Gaithersburg,Russell Ave,MU,340,  ,1.33,1.22,1.74,Russell Ave - .10 Mi North Of Md 124,Md 124 To Watkins Mill Rd,Urban,5,Major Collector,15063MU00340  01NN**************,15063MU00340--1-----,1,North,4,F,0,9.43,62.64,50.42,49.58,1.9324,https://maps.roads.maryland.gov/itms_public/?stationid=S2012150924,,,10060,10081,10052,10313,10514,10775,10180,10181,,,10870,10891,10762,11043,11254,11425,10790,11201,,,,,,,NO ERROR,,,,,,,,,,,4,9.43,62.64,50.42,49.58,N/A,N/A,"10,060","10,081","10,052","10,313","10,514","10,775","10,180","10,181",N/A,N/A,"10,870","10,891","10,762","11,043","11,254","11,425","10,790","11,201",N/A,N/A,N/A,N/A,N/A,N/A,N/A
-8565863.1658,4733485.7721,7946,S2012151298,15,Montgomery,0,None,Ramp 1 Fr Us29 Nb To Briggs Chaney Rd Wb,RP,200,  ,0.43,0,0.47,Exit 17 Ramp 1 Fr Us 29 Nb To Briggs Chaney Rd,Exit 17 Ramp 01 Us 29 Nb To Briggs Chaney Rd,Urban,2,Principal Arterial Other Freeways and Expressways,15000RP00200  02NNMD17        01,15000RP00200--101701,2,North,2,F,0,12.57,100,100,0,0.3656,https://maps.roads.maryland.gov/itms_public/?stationid=S2012151298,,,1420,1421,1422,1463,1494,1535,2130,2131,,,1530,1541,1522,1573,1604,1645,2280,2261,,,,,,,NO ERROR,,,,,,,,,,,2,12.57,100,100,0,N/A,N/A,"1,420","1,421","1,422","1,463","1,494","1,535","2,130","2,131",N/A,N/A,"1,530","1,541","1,522","1,573","1,604","1,645","2,280","2,261",N/A,N/A,N/A,N/A,N/A,N/A,N/A
-8574567.2444,4719678.7394,7950,B150055,15,Montgomery,0,None,Georgia Ave,US,29,  ,0.1,0,0.18,Us 29-.10 Mi N Of Wash Dc Line,Washington Dc/l To Md 410,Urban,3,Principal Arterial Other,15000US00029  01NN**************,15000US00029--1-----,1,North,6,C,1,7.66,64.33,51.97,48.03,2.2364,https://maps.roads.maryland.gov/itms_public/?stationid=B150055,33090,33221,32962,30480,30391,31182,31310,32061,31772,34040,35410,35881,35602,32920,32521,33372,33500,34311,34002,36080,,,,,,,NO ERROR,,,,,,,,,,,6,7.66,64.33,51.97,48.03,"33,090","33,221","32,962","30,480","30,391","31,182","31,310","32,061","31,772","34,040","35,410","35,881","35,602","32,920","32,521","33,372","33,500","34,311","34,002","36,080",N/A,N/A,N/A,N/A,N/A,N/A,N/A
-8603450.0379,4754850.7019,7951,S2007150050,15,Montgomery,0,None,Ramp 6 Fr Md 121 Eb To Ramp 7 (to Is270),RP,270,  ,0.02,0,0.04,Exit 18 Ramp 6 Fr Md 121 Eb To Ramp 7 (to Is 270 Sb),Exit 18 Ramp 06 Clarksburg Rd To Ramp 7 Fr Md 121 Wb To Is 270 Sb,Urban,1,Interstate,15000RP00270  02SSIS18        06,15000RP00270--101806,2,East,1,F,0,10.44,100,0,100,0.0078,https://maps.roads.maryland.gov/itms_public/?stationid=S2007150050,913,904,905,480,481,492,523,534,535,535,933,904,915,490,481,492,523,544,535,515,,,,,,,NO ERROR,,,,,,,,,,,1,10.44,100,0,100,913,904,905,480,481,492,523,534,535,535,933,904,915,490,481,492,523,544,535,515,N/A,N/A,N/A,N/A,N/A,N/A,N/A
-8574604.5876,4721569.2596,7953,S2012150757,15,Montgomery,0,None,Spring St,CO,598,  ,0.14,0.09,0.47,Spring St - Between Us 29 & Cameron St,Us29 (colesville Rd) To Md97 (georgia Ave),Urban,4,Minor Arterial,15000CO00598  01WW**************,15000CO00598--1-----,1,West,3,F,0,8.59,71.21,53.22,46.78,1.4329,https://maps.roads.maryland.gov/itms_public/?stationid=S2012150757,,,11440,11461,11432,11733,11964,12255,10330,10331,,,12360,12381,12232,12553,12804,13115,11050,10951,,,,,,,NO ERROR,,,,,,,,,,,3,8.59,71.21,53.22,46.78,N/A,N/A,"11,440","11,461","11,432","11,733","11,964","12,255","10,330","10,331",N/A,N/A,"12,360","12,381","12,232","12,553","12,804","13,115","11,050","10,951",N/A,N/A,N/A,N/A,N/A,N/A,N/A
-8594220.0324,4744163.7546,7965,S2017150261,15,Montgomery,0,None,Lost Knife Rd,CO,4119,  ,0.1,0,0.51,Lost Knife Rd - .10 Mile South Of Md 124,Md 124 To Odendhal Ave,Urban,6,Minor Collector,15000CO04119  01SS**************,15000CO04119--1-----,1,North,4,F,0,8.3,57.78,53.67,46.33,3.1147,https://maps.roads.maryland.gov/itms_public/?stationid=S2017150261,,,,,,,,16880,16731,16732,,,,,,,,17890,17741,18412,138,14070,2033,142,315,34,NO ERROR,349,,,0.00824767,0.84090366,0.12150371,0.00848673,0.0188262,0.00203203,0.02085824,4,8.3,57.78,53.67,46.33,N/A,N/A,N/A,N/A,N/A,N/A,N/A,"16,880","16,731","16,732",N/A,N/A,N/A,N/A,N/A,N/A,N/A,"17,890","17,741","18,412",138,"14,070",142,"2,033",315,34,349
-8585796.5049,4717072.4903,7968,B2887,15,Montgomery,0,None,Massachusetts Ave,MD,396,  ,0.25,0,0.71,Md396-.25 Mi E Of Md614,Md 614 To Sangamore Rd,Urban,4,Minor Arterial,15000MD00396  01EE**************,15000MD00396--1-----,1,West,3,F,0,9.46,53.35,52.44,47.56,3.7686,https://maps.roads.maryland.gov/itms_public/?stationid=B2887,14642,14610,14491,14522,14483,14864,15155,14670,14541,14542,15672,15780,15651,15682,15503,15904,16235,15700,15561,15422,,,,,,,NO ERROR,,,,,,,,,,,3,9.46,53.35,52.44,47.56,"14,642","14,610","14,491","14,522","14,483","14,864","15,155","14,670","14,541","14,542","15,672","15,780","15,651","15,682","15,503","15,904","16,235","15,700","15,561","15,422",N/A,N/A,N/A,N/A,N/A,N/A,N/A
-8590793.4311,4744900.0309,7970,B150120,15,Montgomery,0,None,Mountain Laurel La,CO,5195,  ,0.16,0,0.72,Mountain Laurel La-.02 Mi S Of Flower Hill Way,Cul De Sac To Flower Hill Way,Urban,7,Local,15000CO05195  01SS**************,15000CO05195--1-----,1,North,2,F,0,11.61,58.9,50.4,49.6,0.1587,https://maps.roads.maryland.gov/itms_public/?stationid=B150120,551,552,553,554,555,570,581,602,603,604,591,602,603,604,595,610,621,642,643,664,,,,,,,NO ERROR,,,,,,,,,,,2,11.61,58.9,50.4,49.6,551,552,553,554,555,570,581,602,603,604,591,602,603,604,595,610,621,642,643,664,N/A,N/A,N/A,N/A,N/A,N/A,N/A
-8564104.1709,4736726.2699,7980,B2728,15,Montgomery,0,None,Columbia Pike,US,29,  ,10.22,8.46,10.72,Us29-.50 Mi S Of Md198,Briggs Chaney Rd To Md 198,Urban,2,Principal Arterial Other Freeways and Expressways,15000US00029  01NN**************,15000US00029--1-----,1,North,5,C,1,8.12,52.81,50.72,49.28,54.6661,https://maps.roads.maryland.gov/itms_public/?stationid=B2728,63480,63731,63222,61210,61031,62622,64890,66451,65852,66270,67920,68831,68282,66110,65301,67012,69430,71101,70462,70250,54,58367,5990,414,1202,243,NO ERROR,1445,,,0.00081485,0.88074544,0.09038781,0.00624717,0.01813792,0.00366682,0.02180474,5,8.12,52.81,50.72,49.28,"63,480","63,731","63,222","61,210","61,031","62,622","64,890","66,451","65,852","66,270","67,920","68,831","68,282","66,110","65,301","67,012","69,430","71,101","70,462","70,250",54,"58,367",414,"5,990","1,202",243,1445
-8583187.9868,4731695.6129,7982,S2012150682,15,Montgomery,0,None,Aspen Hill Rd,CO,142,  ,0.06,0,0.37,Aspen Hill Rd - Between Adrian St & Margot Dr,Md 586 To Arctic Ave,Urban,4,Minor Arterial,15000CO00142  01NN**************,15000CO00142--1-----,1,North,3,F,0,8.42,57.48,49.68,50.32,2.2379,https://maps.roads.maryland.gov/itms_public/?stationid=S2012150682,,,16420,16451,16402,16833,17154,17575,16570,16571,,,17730,17771,17552,18013,18364,18815,17730,17571,,,,,,,NO ERROR,,,,,,,,,,,3,8.42,57.48,49.68,50.32,N/A,N/A,"16,420","16,451","16,402","16,833","17,154","17,575","16,570","16,571",N/A,N/A,"17,730","17,771","17,552","18,013","18,364","18,815","17,730","17,571",N/A,N/A,N/A,N/A,N/A,N/A,N/A
-8590624.1657,4734063.9263,7985,S2012150964,15,Montgomery,130,Rockville,Nelson St,MU,2210,  ,0.05,0,1.3,Nelson St - .10 Mi North Of Md 28,W Montgomery Ave To Mannakee St,Urban,5,Major Collector,15130MU02210  01NN**************,15130MU02210--1-----,1,North,3,F,0,9.46,51.53,49.72,50.28,5.5664,https://maps.roads.maryland.gov/itms_public/?stationid=S2012150964,,,11070,11091,11062,11353,11574,11855,11730,11731,,,11960,11981,11842,12153,12384,12575,12430,12901,,,,,,,NO ERROR,,,,,,,,,,,3,9.46,51.53,49.72,50.28,N/A,N/A,"11,070","11,091","11,062","11,353","11,574","11,855","11,730","11,731",N/A,N/A,"11,960","11,981","11,842","12,153","12,384","12,575","12,430","12,901",N/A,N/A,N/A,N/A,N/A,N/A,N/A
-8563228.4002,4739373.2399,7991,S2010150041,15,Montgomery,0,None,Ramp 2 Fr Dustin Rd To Us 29 Nb,RP,29,  ,0.1,0,0.232,Exit 11b Ramp 2 Fr Dustin Rd To Us 29 Nb,Exit 11 Ramp 02 Dustin Rd To Columbia Pike,Urban,2,Principal Arterial Other Freeways and Expressways,15000RP00029  02NNUS11B       02,15000RP00029--111B02,2,North,1,F,0,12.74,100,100,0,0.217,https://maps.roads.maryland.gov/itms_public/?stationid=S2010150041,2540,2551,2532,2543,2544,2615,2520,2581,2562,2563,2720,2761,2742,2753,2724,2805,2700,2761,2742,2723,,,,,,,NO ERROR,,,,,,,,,,,1,12.74,100,100,0,"2,540","2,551","2,532","2,543","2,544","2,615","2,520","2,581","2,562","2,563","2,720","2,761","2,742","2,753","2,724","2,805","2,700","2,761","2,742","2,723",N/A,N/A,N/A,N/A,N/A,N/A,N/A
-8572938.7813,4724709.2208,8014,B2723,15,Montgomery,0,None,Colesville Rd,US,29,  ,2.82,2.7,3.88,Us29-.10 Mi N Of Md193,Md 193 Eb/l To Lockwood Dr,Urban,3,Principal Arterial Other,15000US00029  01NN**************,15000US00029--1-----,1,North,7,C,1,7.23,55.71,49.06,50.94,31.1052,https://maps.roads.maryland.gov/itms_public/?stationid=B2723,59340,59581,59102,66300,66101,67822,66650,68251,67642,72220,63490,64351,63832,71600,70731,72572,71320,73031,72382,76550,84,64628,5202,524,1451,331,NO ERROR,1782,,,0.00116311,0.89487677,0.07202991,0.00725561,0.02009139,0.00458322,0.02467461,7,7.23,55.71,49.06,50.94,"59,340","59,581","59,102","66,300","66,101","67,822","66,650","68,251","67,642","72,220","63,490","64,351","63,832","71,600","70,731","72,572","71,320","73,031","72,382","76,550",84,"64,628",524,"5,202","1,451",331,1782
-8563708.1376,4738105.907,8048,S2010150039,15,Montgomery,0,None,Ramp 8 Fr Us 29 Sb To Park & Ride,RP,29,  ,0.1,0,0.152,Exit 11a Ramp 8 Fr Us 29 Sb To Park & Ride,Exit 11 Ramp 08 Columbia Pike To No Name,Urban,2,Principal Arterial Other Freeways and Expressways,15000RP00029  02SSUS11A       08,15000RP00029--111A08,2,South,1,F,0,19.78,100,0,100,0.0279,https://maps.roads.maryland.gov/itms_public/?stationid=S2010150039,530,470,471,472,473,494,505,500,501,502,570,510,511,512,513,534,545,540,541,532,,,,,,,NO ERROR,,,,,,,,,,,1,19.78,100,0,100,530,470,471,472,473,494,505,500,501,502,570,510,511,512,513,534,545,540,541,532,N/A,N/A,N/A,N/A,N/A,N/A,N/A
-8589108.6933,4751857.462,8069,S2012150438,15,Montgomery,0,None,Brink Rd,CO,27,  ,5.46,4.8,6.27,Brink Rd - Between Md 124 & Md 108,Md 108 To Md 108,Urban,5,Major Collector,15000CO00027  01EE**************,15000CO00027--1-----,1,East,2,F,0,10.15,53.33,49.99,50.01,3.8476,https://maps.roads.maryland.gov/itms_public/?stationid=S2012150438,,,6910,6881,6872,7043,7204,7365,7080,7171,,,7330,7361,7282,7473,7714,7815,7510,7601,,,,,,,NO ERROR,,,,,,,,,,,2,10.15,53.33,49.99,50.01,N/A,N/A,"6,910","6,881","6,872","7,043","7,204","7,365","7,080","7,171",N/A,N/A,"7,330","7,361","7,282","7,473","7,714","7,815","7,510","7,601",N/A,N/A,N/A,N/A,N/A,N/A,N/A
-8580825.2533,4726944.213,8077,B150025,15,Montgomery,0,None,Wexford Dr,CO,1919,  ,0.1,0,0.15,Wexford Dr-.10 Mi N Of Beach Dr,Beach Dr To Decatur Ave,Urban,6,Minor Collector,15000CO01919  01NN**************,15000CO01919--1-----,1,North,2,F,0,11.77,74.16,52.8,47.2,0.3527,https://maps.roads.maryland.gov/itms_public/?stationid=B150025,5362,5450,5411,5422,5920,6071,6192,6500,6441,6442,5742,5890,5841,5862,6330,6501,6632,6890,6831,7092,17,5802,465,2,87,69,NO ERROR,156,,,0.00263893,0.90065197,0.07218255,0.00031046,0.01350512,0.01071096,0.02421608,2,11.77,74.16,52.8,47.2,"5,362","5,450","5,411","5,422","5,920","6,071","6,192","6,500","6,441","6,442","5,742","5,890","5,841","5,862","6,330","6,501","6,632","6,890","6,831","7,092",17,"5,802",2,465,87,69,156
-8580321.0633,4722264.5038,8083,S2000150159,15,Montgomery,0,None,Ramp 3 Fr Is 495 Eb To Md 185 Nb,RP,495,  ,0.15,0.12,0.211,Exit 33 Ramp 3 Fr Is 495 Eb To Md 185 Nb,Exit 33 Ramp 03 Ramp 6 Fr Ramp 3 (fr Is495) To Md 185 Sb To Connecticut Ave,Urban,1,Interstate,15000RP00495  02EEIS33        03,15000RP00495--103303,2,East,2,F,0,7.87,100,100,0,0.1947,https://maps.roads.maryland.gov/itms_public/?stationid=S2000150159,5723,4700,4721,4762,4763,4884,5710,5851,5822,5863,6073,4980,5001,5052,5003,5134,6000,6091,6062,6103,,,,,,,NO ERROR,,,,,,,,,,,2,7.87,100,100,0,"5,723","4,700","4,721","4,762","4,763","4,884","5,710","5,851","5,822","5,863","6,073","4,980","5,001","5,052","5,003","5,134","6,000","6,091","6,062","6,103",N/A,N/A,N/A,N/A,N/A,N/A,N/A
-8593807.8119,4739220.2126,8085,S2005150079,15,Montgomery,0,None,Ramp 5 Fr Is 270 Sb To Is 370 Eb,RP,270,  ,0.36,0.26,1.05,Exit 9 Ramp 5 Fr Is 270 Sb To Is 370 Eb,Exit 9 Ramp 5 Fr Ramp 8 To Is 370 Eb,Urban,1,Interstate,15000RP00270  02SSIS9         05,15000RP00270--100905,2,East,2,F,0,8.88,100,100,0,6.84,https://maps.roads.maryland.gov/itms_public/?stationid=S2005150079,13205,15070,15151,15292,15283,19840,20261,20752,23550,23721,14005,15970,16061,16212,16053,20830,21271,21582,24490,24671,,,,,,,NO ERROR,,,,,,,,,,,2,8.88,100,100,0,"13,205","15,070","15,151","15,292","15,283","19,840","20,261","20,752","23,550","23,721","14,005","15,970","16,061","16,212","16,053","20,830","21,271","21,582","24,490","24,671",N/A,N/A,N/A,N/A,N/A,N/A,N/A
-8587556.0969,4734179.1393,8094,S2012150951,15,Montgomery,130,Rockville,N Horners La,MU,1450,  ,0.03,0,0.75,N Horners La - Between Park Rd & Woodland Rd,Park Rd To N Horners La (ahead),Urban,5,Major Collector,15130MU01450  01NN**************,15130MU01450--1-----,1,North,2,F,0,9.46,69.06,48.44,51.56,2.2532,https://maps.roads.maryland.gov/itms_public/?stationid=S2012150951,,,7810,7831,7812,8023,8184,8385,8230,8231,,,8440,8461,8362,8593,8764,8895,8720,9051,,,,,,,NO ERROR,,,,,,,,,,,2,9.46,69.06,48.44,51.56,N/A,N/A,"7,810","7,831","7,812","8,023","8,184","8,385","8,230","8,231",N/A,N/A,"8,440","8,461","8,362","8,593","8,764","8,895","8,720","9,051",N/A,N/A,N/A,N/A,N/A,N/A,N/A
-8578381.8979,4723610.3787,8105,B150104,15,Montgomery,0,None,Newcastle Ave,CO,3210,  ,0.15,0,0.246,New Castle Ave-.10 Mi W Of Forest Glen Rd,Forest Glen Rd To Forsythe Ave,Urban,5,Major Collector,15000CO03210  01WW**************,15000CO03210--1-----,1,East,2,F,0,13.7,69.88,54.69,45.31,0.3109,https://maps.roads.maryland.gov/itms_public/?stationid=B150104,3072,2830,2811,2822,3040,3121,3182,3490,3461,3462,3292,3060,3041,3052,3250,3341,3412,3700,3671,3812,19,3063,344,8,26,2,NO ERROR,28,,,0.00548816,0.8847487,0.09936453,0.0023108,0.00751011,0.0005777,0.00808781,2,13.7,69.88,54.69,45.31,"3,072","2,830","2,811","2,822","3,040","3,121","3,182","3,490","3,461","3,462","3,292","3,060","3,041","3,052","3,250","3,341","3,412","3,700","3,671","3,812",19,"3,063",8,344,26,2,28
-8573329.5775,4721152.0413,8111,B2886,15,Montgomery,0,None,Dale Dr,CO,7074,  ,1.69,1.44,2.19,Dale Dr-.50 Mi W Of Md320,Wayne Ave To Md 320,Urban,4,Minor Arterial,15000CO07074  01EE**************,15000CO07074--1-----,1,West,2,F,0,8.58,52,50.71,49.29,1.1801,https://maps.roads.maryland.gov/itms_public/?stationid=B2886,4201,4222,4260,4271,4262,3970,4051,4152,4310,4311,4501,4562,4600,4611,4562,4250,4341,4442,4610,4571,48,3591,468,12,184,8,NO ERROR,192,,,0.01113431,0.83298539,0.1085595,0.00278358,0.04268151,0.00185572,0.04453723,2,8.58,52,50.71,49.29,"4,201","4,222","4,260","4,271","4,262","3,970","4,051","4,152","4,310","4,311","4,501","4,562","4,600","4,611","4,562","4,250","4,341","4,442","4,610","4,571",48,"3,591",12,468,184,8,192
-8595924.5864,4742944.3845,8121,S2009150022,15,Montgomery,0,None,Ramp 6 Fr Md 124 Eb To Ramp 7 (to Is270),RP,270,  ,0.03,0,0.06,Exit 11 Ramp 6 Fr Md 124 Eb To Ramp 7 (to Is 270 Sb) ,Exit 11 Ramp 06 Quince Orchard Rd To Ramp 7 Fr Md 124 Wb To Is 270 Sb,Urban,1,Interstate,15000RP00270  02NNIS11        06,15000RP00270--101106,2,South,1,F,0,14.84,100,0,100,0.0058,https://maps.roads.maryland.gov/itms_public/?stationid=S2009150022,171,172,173,184,185,230,241,252,253,264,181,182,183,204,195,240,251,262,263,284,,,,,,,NO ERROR,,,,,,,,,,,1,14.84,100,0,100,171,172,173,184,185,230,241,252,253,264,181,182,183,204,195,240,251,262,263,284,N/A,N/A,N/A,N/A,N/A,N/A,N/A
-8579907.3111,4738927.6114,8124,S2012151309,15,Montgomery,0,None,Ramp 8 Fr Md 97 Sb To Md 200 Wb,RP,200,  ,0.01,0,0.358,Exit 9 Ramp 8 Fr Md 97 Sb To Md 200 Wb,Exit 8  Ramp 08 Md 97 Sb To Md 200 Wb,Urban,2,Principal Arterial Other Freeways and Expressways,15000RP00200  02SSMD8         08,15000RP00200--100808,2,West,2,F,0,13.6,100,0,100,0.1718,https://maps.roads.maryland.gov/itms_public/?stationid=S2012151309,,,1210,1211,1212,1243,1274,1315,1305,1315,,,1310,1311,1302,1333,1364,1415,1405,1395,,,,,,,NO ERROR,,,,,,,,,,,2,13.6,100,0,100,N/A,N/A,"1,210","1,211","1,212","1,243","1,274","1,315","1,305","1,315",N/A,N/A,"1,310","1,311","1,302","1,333","1,364","1,415","1,405","1,395",N/A,N/A,N/A,N/A,N/A,N/A,N/A
-8588610.0847,4729560.1923,8133,S2001150112,15,Montgomery,0,None,Ramp 3 Fr Md 927 Eb To Is 270 Nb,RP,270,  ,0.1,0,0.18,Exit 4 Ramp 3 Fr Md 927 Eb (montrose Rd) To Is 270 Nb,Exit 4  Ramp 03 Montrose Rd To Eisenhower Memorial Hwy,Urban,1,Interstate,15000RP00270  02EEIS4         03,15000RP00270--100403,2,East,1,F,0,8.88,100,100,0,0.259,https://maps.roads.maryland.gov/itms_public/?stationid=S2001150112,2905,2980,3001,3032,3033,3900,3981,3930,3911,3942,3105,3160,3181,3212,3193,4100,4181,4090,4071,4102,,,,,,,NO ERROR,,,,,,,,,,,1,8.88,100,100,0,"2,905","2,980","3,001","3,032","3,033","3,900","3,981","3,930","3,911","3,942","3,105","3,160","3,181","3,212","3,193","4,100","4,181","4,090","4,071","4,102",N/A,N/A,N/A,N/A,N/A,N/A,N/A
-8591531.6293,4717510.825,8146,S2002150054,15,Montgomery,0,None,Capital Beltway,IS,495,  ,0.27,0,0.52,Is 495 - .20 Mile East Of Virginia St/l,Virginia St/l To Clara Barton Pkwy,Urban,1,Interstate,15000IS00495  01EE**************,15000IS00495--1-----,1,East,8,F,1,6.96,50.89,48.9,51.1,48.0103,https://maps.roads.maryland.gov/itms_public/?stationid=S2002150054,,,,,227350,232811,237702,252710,251191,252952,,,,,238720,244451,249592,262820,261241,263072,423,209667,27786,1741,5322,8013,NO ERROR,13335,,,0.00167225,0.82888058,0.10984693,0.00688273,0.02103956,0.03167795,0.05271751,8,6.96,50.89,48.9,51.1,N/A,N/A,N/A,N/A,"227,350","232,811","237,702","252,710","251,191","252,952",N/A,N/A,N/A,N/A,"238,720","244,451","249,592","262,820","261,241","263,072",423,"209,667","1,741","27,786",5322,8013,13335
-8590705.836,4719708.1162,8149,B150027,15,Montgomery,0,None,Lilly Stone Dr,CO,3428,  ,0.1,0,0.8,Lilly Stone Dr-.10 Mi N Of Persimmon Tree La,Persimmon Tree La To Seven Locks Rd,Urban,6,Minor Collector,15000CO03428  01NN**************,15000CO03428--1-----,1,North,2,F,0,11.06,57.14,55,45,0.2926,https://maps.roads.maryland.gov/itms_public/?stationid=B150027,982,950,941,942,1070,1101,1122,1010,1001,1002,1052,1030,1021,1022,1150,1181,1202,1070,1061,1102,3,818,137,0,33,11,NO ERROR,44,,,0.00299401,0.81636727,0.13672655,0,0.03293413,0.01097804,0.04391218,2,11.06,57.14,55,45,982,950,941,942,"1,070","1,101","1,122","1,010","1,001","1,002","1,052","1,030","1,021","1,022","1,150","1,181","1,202","1,070","1,061","1,102",3,818,0,137,33,11,44
-8585966.8611,4721069.2665,8154,S2012150791,15,Montgomery,0,None,Woodhaven Blvd                          ,CO,1276,  ,0.46,0,0.5,Woodhaven Blvd - Between Md 191 & Poe Rd,Thoreau Dr To Bradley Blvd,Urban,7,Local,15000CO01276  01NN**************,15000CO01276--1-----,1,North,2,F,0,9.33,52.52,48.87,51.13,0.5878,https://maps.roads.maryland.gov/itms_public/?stationid=S2012150791,,,2860,2871,2862,2943,3004,3085,3220,3221,,,3090,3101,3062,3153,3214,3275,3410,3541,,,,,,,NO ERROR,,,,,,,,,,,2,9.33,52.52,48.87,51.13,N/A,N/A,"2,860","2,871","2,862","2,943","3,004","3,085","3,220","3,221",N/A,N/A,"3,090","3,101","3,062","3,153","3,214","3,275","3,410","3,541",N/A,N/A,N/A,N/A,N/A,N/A,N/A
-8580001.7021,4719993.9261,8171,B2892,15,Montgomery,0,None,East West Hwy,MD,410,  ,1.11,1.01,1.38,Md410-.10 Mi E Of Md185,Md 185 To Md 186,Urban,3,Principal Arterial Other,15000MD00410  01EE**************,15000MD00410--1-----,1,East,4,F,1,8.29,62.86,52.71,47.29,2.7553,https://maps.roads.maryland.gov/itms_public/?stationid=B2892,20192,19800,19641,19682,19420,19931,20312,19760,19581,20402,21612,21380,21211,21262,20780,21331,21732,21140,20951,20762,,,,,,,NO ERROR,,,,,,,,,,,4,8.29,62.86,52.71,47.29,"20,192","19,800","19,641","19,682","19,420","19,931","20,312","19,760","19,581","20,402","21,612","21,380","21,211","21,262","20,780","21,331","21,732","21,140","20,951","20,762",N/A,N/A,N/A,N/A,N/A,N/A,N/A
-8594231.3857,4740051.6039,8185,B2966,15,Montgomery,0,None,Eisenhower Memorial Hwy,IS,270,  ,9.83,9.32,10.85,Is270-.50 Mi N Of Is370,Is 370 To Md 117,Urban,1,Interstate,15000IS00270  01NN**************,15000IS00270--1-----,1,North,10,F,1,6.86,53.24,49.93,50.07,128.3882,https://maps.roads.maryland.gov/itms_public/?stationid=B2966,217141,217362,204630,206471,206272,220110,224731,230132,228300,229901,230171,230402,216910,218861,216592,231120,235971,239342,237430,239101,263,182127,31253,2373,9519,4366,NO ERROR,13885,,,0.00114397,0.79219751,0.13594112,0.01032183,0.04140478,0.01899078,0.06039556,10,6.86,53.24,49.93,50.07,"217,141","217,362","204,630","206,471","206,272","220,110","224,731","230,132","228,300","229,901","230,171","230,402","216,910","218,861","216,592","231,120","235,971","239,342","237,430","239,101",263,"182,127","2,373","31,253",9519,4366,13885
-8587417.2724,4741391.6355,8194,T0008,15,Montgomery,0,None,Intercounty Connector,MD,200,  ,4.11,2.54,8.204,Md 200 - Between Is 370 & Md 97,Is 370 To Md 97,Urban,2,Principal Arterial Other Freeways and Expressways,15000MD00200  01EE**************,15000MD00200--1-----,1,East,6,C,1,12.8,75,50,50,120.6718,https://maps.roads.maryland.gov/itms_public/?stationid=T0008,,,28861,34640,39842,45754,51852,55048,57410,58370,,,31944,38383,44132,50727,57688,61102,63813,65410,,,,,,,NO ERROR,,,,,,,,,,,6,12.8,75,50,50,N/A,N/A,"28,861","34,640","39,842","45,754","51,852","55,048","57,410","58,370",N/A,N/A,"31,944","38,383","44,132","50,727","57,688","61,102","63,813","65,410",N/A,N/A,N/A,N/A,N/A,N/A,N/A
-8585884.0791,4720093.9139,8205,S2012150793,15,Montgomery,0,None,Whittier Blvd,CO,1279,  ,0.53,0,0.59,Whittier Blvd - .10 Mile North Of Md 188,Cul De Sac To  Md 188,Urban,6,Minor Collector,15000CO01279  01SS**************,15000CO01279--1-----,1,South,2,F,0,11.37,70.98,49.36,50.64,0.6097,https://maps.roads.maryland.gov/itms_public/?stationid=S2012150793,,,2540,2551,2542,2613,2664,2735,2830,2831,,,2740,2761,2722,2803,2854,2905,3000,3111,,,,,,,NO ERROR,,,,,,,,,,,2,11.37,70.98,49.36,50.64,N/A,N/A,"2,540","2,551","2,542","2,613","2,664","2,735","2,830","2,831",N/A,N/A,"2,740","2,761","2,722","2,803","2,854","2,905","3,000","3,111",N/A,N/A,N/A,N/A,N/A,N/A,N/A
-8584526.7014,4729307.6832,8210,S2010150043,15,Montgomery,0,None,Ramp 2 Fr Montrose Pkwy To Md 355 Nb,RP,355,  ,0.05,0,0.14,Exit 7 Ramp 2 Fr Montrose Pkwy To Md 355 Nb,Exit 7  Ramp 02 Montrose Pkwy To Rockville Pike,Urban,3,Principal Arterial Other,15000RP00355  02NNMD7         02,15000RP00355--100702,2,North,2,F,0,8.56,100,100,0,0.206,https://maps.roads.maryland.gov/itms_public/?stationid=S2010150043,4470,4491,3550,3561,3552,3643,3714,3805,4030,4031,4780,4851,3830,3851,3802,3903,3974,4075,4310,4271,,,,,,,NO ERROR,,,,,,,,,,,2,8.56,100,100,0,"4,470","4,491","3,550","3,561","3,552","3,643","3,714","3,805","4,030","4,031","4,780","4,851","3,830","3,851","3,802","3,903","3,974","4,075","4,310","4,271",N/A,N/A,N/A,N/A,N/A,N/A,N/A
-8600499.662,4753448.3774,8211,B2875,15,Montgomery,0,None,Frederick Rd,MD,355,  ,21.14,19.7,22.9,Md355-.20 Mi S Of New Cut Rd,Md 27 To Md 121,Urban,4,Minor Arterial,15000MD00355  01NN**************,15000MD00355--1-----,1,North,3,C,1,9.28,59.11,50.62,49.38,21.351,https://maps.roads.maryland.gov/itms_public/?stationid=B2875,14540,14601,14482,17180,17131,17582,17923,18354,18195,18280,15560,15771,15642,18550,18331,18812,19183,19644,19475,19380,,,,,,,NO ERROR,,,,,,,,,,,3,9.28,59.11,50.62,49.38,"14,540","14,601","14,482","17,180","17,131","17,582","17,923","18,354","18,195","18,280","15,560","15,771","15,642","18,550","18,331","18,812","19,183","19,644","19,475","19,380",N/A,N/A,N/A,N/A,N/A,N/A,N/A
-8583107.1883,4724519.1474,8215,S2000150152,15,Montgomery,0,None,Ramp 1 Fr Md 355 Nb To Is 270 Wb,RP,270,  ,0.13,0,0.25,Exit 35 Ramp 1 Fr Md 355 Nb To Is 270 Wb,Exit 35 Ramp 01 Rockville Pike To Eisenhower Memorial Hwy,Urban,1,Interstate,15000RP00270  02NNIS35        01,15000RP00270--103501,2,West,1,F,0,9.78,100,0,100,1.0832,https://maps.roads.maryland.gov/itms_public/?stationid=S2000150152,10073,10084,10135,9460,9451,9630,9831,10072,11790,11871,10683,10694,10745,10030,9921,10110,10321,10482,12260,12351,,,,,,,NO ERROR,,,,,,,,,,,1,9.78,100,0,100,"10,073","10,084","10,135","9,460","9,451","9,630","9,831","10,072","11,790","11,871","10,683","10,694","10,745","10,030","9,921","10,110","10,321","10,482","12,260","12,351",N/A,N/A,N/A,N/A,N/A,N/A,N/A
-8576692.1914,4722910.8096,8216,S2012150754,15,Montgomery,0,None,Brookville Rd,CO,534,  ,0.1,0,1.03,Brookville Rd - .10 Mile South Of Linden La,Seminary Rd To Brookville Rd (ahead),Urban,5,Major Collector,15000CO00534  01SS**************,15000CO00534--1-----,1,South,2,F,0,7.98,61.85,49.5,50.5,4.5231,https://maps.roads.maryland.gov/itms_public/?stationid=S2012150754,,,12260,12291,12252,12573,12814,13125,12030,12031,,,13240,13271,13112,13453,13714,13915,12750,13231,,,,,,,NO ERROR,,,,,,,,,,,2,7.98,61.85,49.5,50.5,N/A,N/A,"12,260","12,291","12,252","12,573","12,814","13,125","12,030","12,031",N/A,N/A,"13,240","13,271","13,112","13,453","13,714","13,915","12,750","13,231",N/A,N/A,N/A,N/A,N/A,N/A,N/A
-8596940.7681,4745385.6797,8224,B2872,15,Montgomery,0,None,Frederick Rd,MD,355,  ,16.68,15.43,18.02,Md355-150ft North Of Game Preserve Rd,Md 124 To Middlebrook Rd,Urban,3,Principal Arterial Other,15000MD00355  01NN**************,15000MD00355--1-----,1,North,5,F,1,8.98,69.57,49.4,50.6,33.0693,https://maps.roads.maryland.gov/itms_public/?stationid=B2872,31241,31372,33090,33161,33062,36270,36961,37852,34980,34981,33431,33882,35740,35811,35382,38810,39551,40502,37430,37081,,,,,,,NO ERROR,,,,,,,,,,,5,8.98,69.57,49.4,50.6,"31,241","31,372","33,090","33,161","33,062","36,270","36,961","37,852","34,980","34,981","33,431","33,882","35,740","35,811","35,382","38,810","39,551","40,502","37,430","37,081",N/A,N/A,N/A,N/A,N/A,N/A,N/A
-8595576.8528,4724885.1826,8229,B2816,15,Montgomery,0,None,River Rd,MD,190,  ,7.68,3.03,8.14,Md190-.50 Mi W Of Md189,Travilah Rd To Md 189/falls Rd,Urban,4,Minor Arterial,15000MD00190  01EE**************,15000MD00190--1-----,1,West,3,F,0,9.65,70.4,50.06,49.94,33.3694,https://maps.roads.maryland.gov/itms_public/?stationid=B2816,16983,15380,15261,15240,15191,15592,15893,16274,17170,17891,18173,16610,16481,16460,16251,16682,17013,17414,18370,18201,,,,,,,NO ERROR,,,,,,,,,,,3,9.65,70.4,50.06,49.94,"16,983","15,380","15,261","15,240","15,191","15,592","15,893","16,274","17,170","17,891","18,173","16,610","16,481","16,460","16,251","16,682","17,013","17,414","18,370","18,201",N/A,N/A,N/A,N/A,N/A,N/A,N/A
-8577197.89,4727005.8979,8233,B2737,15,Montgomery,0,None,Georgia Ave,MD,97,  ,3.17,3.07,3.47,Md97-.10 Mi N Of Md586,Md 586 To Md 193,Urban,3,Principal Arterial Other,15000MD00097  01NN**************,15000MD00097--1-----,1,South,6,F,1,7.16,77.64,47,53,4.9919,https://maps.roads.maryland.gov/itms_public/?stationid=B2737,40671,40832,40513,40594,40475,30620,31201,31952,34190,34191,43521,44102,43753,43844,43315,32760,33391,34192,36580,36241,98,30385,2779,182,626,121,NO ERROR,747,,,0.00286625,0.88868416,0.0812787,0.00532304,0.01830891,0.00353894,0.02184785,6,7.16,77.64,47,53,"40,671","40,832","40,513","40,594","40,475","30,620","31,201","31,952","34,190","34,191","43,521","44,102","43,753","43,844","43,315","32,760","33,391","34,192","36,580","36,241",98,"30,385",182,"2,779",626,121,747
-8570118.1467,4721854.7092,8236,B2859,15,Montgomery,0,None,Piney Branch Rd,MD,320,  ,2.58,2.09,2.68,Md320-.10 Mi W Of Prince Georges Co/l,Md 193 To Prince Georges Co/l,Urban,4,Minor Arterial,15000MD00320  01NN**************,15000MD00320--1-----,1,South,4,F,1,8.1,71.09,46.07,53.93,4.9024,https://maps.roads.maryland.gov/itms_public/?stationid=B2859,21920,22011,21842,21893,21440,22001,22422,22963,22764,22765,23450,23771,23592,23643,22940,23541,23992,24573,24364,24135,24,19535,2441,104,609,52,NO ERROR,661,,,0.00105425,0.85811553,0.107226,0.00456842,0.02675159,0.00228421,0.0290358,4,8.1,71.09,46.07,53.93,"21,920","22,011","21,842","21,893","21,440","22,001","22,422","22,963","22,764","22,765","23,450","23,771","23,592","23,643","22,940","23,541","23,992","24,573","24,364","24,135",24,"19,535",104,"2,441",609,52,661
-8595452.7691,4741803.6693,8243,S2008150007,15,Montgomery,0,None,Ramp 7 Fr Md 117 Wb To Ramp 6 (to Is270),RP,270,  ,0.02,0,0.03,Exit 10 Ramp 7 Fr Md 117 Wb To Ramp 6 (to Is 270 Sb) ,Exit 10 Ramp 07 W Diamond Ave To Ramp 6 Fr Md 117 Eb To Is 270 Sb,Urban,1,Interstate,15000RP00270  02SSIS10        07,15000RP00270--101007,2,South,1,F,0,8.31,100,0,100,0.0446,https://maps.roads.maryland.gov/itms_public/?stationid=S2008150007,3712,3723,3744,3785,4010,4111,4202,4303,4040,4071,3942,3953,3974,4015,4210,4321,4412,4483,4200,4231,,,,,,,NO ERROR,,,,,,,,,,,1,8.31,100,0,100,"3,712","3,723","3,744","3,785","4,010","4,111","4,202","4,303","4,040","4,071","3,942","3,953","3,974","4,015","4,210","4,321","4,412","4,483","4,200","4,231",N/A,N/A,N/A,N/A,N/A,N/A,N/A
-8578802.4516,4728160.9504,8247,S2012150690,15,Montgomery,0,None,Newport Mill Rd,CO,147,  ,0.75,0.73,0.91,Newport Mill Rd - Between Md 586 & Dawson Ave,Md 586 To Road End,Urban,6,Minor Collector,15000CO00147  01NN**************,15000CO00147--1-----,1,South,2,F,0,9.39,74.72,43.98,56.02,0.4885,https://maps.roads.maryland.gov/itms_public/?stationid=S2012150690,,,6990,7001,6982,7163,7304,7485,7425,7435,,,7550,7561,7472,7663,7824,7935,7875,8185,,,,,,,NO ERROR,,,,,,,,,,,2,9.39,74.72,43.98,56.02,N/A,N/A,"6,990","7,001","6,982","7,163","7,304","7,485","7,425","7,435",N/A,N/A,"7,550","7,561","7,472","7,663","7,824","7,935","7,875","8,185",N/A,N/A,N/A,N/A,N/A,N/A,N/A
-8591301.2786,4717947.9776,8281,S2000150115,15,Montgomery,0,None,Ramp 1 Fr Ramp 4 To Clara Barton Pkwy,RP,495,  ,0.05,0,0.11,Exit 41 Ramp 1 Fr Is 495 Nb To Clara Barton Pkwy Wb,Exit 41 Ramp 01 Ramp 4 Fr Is 495 Nb To Clara Barton Pkwy To Clara Barton Pkwy (out Of Sight Lane),Urban,1,Interstate,15000RP00495  02NNIS41        01,15000RP00495--104101,2,West,1,F,0,15.08,100,0,100,0.161,https://maps.roads.maryland.gov/itms_public/?stationid=S2000150115,3034,3045,3500,3531,3532,3623,3704,3795,3980,4011,3224,3235,3710,3741,3712,3803,3894,3955,4140,4171,,,,,,,NO ERROR,,,,,,,,,,,1,15.08,100,0,100,"3,034","3,045","3,500","3,531","3,532","3,623","3,704","3,795","3,980","4,011","3,224","3,235","3,710","3,741","3,712","3,803","3,894","3,955","4,140","4,171",N/A,N/A,N/A,N/A,N/A,N/A,N/A
-8579308.5563,4721490.7122,8282,S2008150024,15,Montgomery,0,None,Jones Bridge Rd,CO,537,  ,1.55,1.13,1.72,Jones Bridge Rd - Between Brierly Rd & Walnut Hill Rd,Md 185 To Co 4460 Jones Mill Rd,Urban,4,Minor Arterial,15000CO00537  01EE**************,15000CO00537--1-----,1,East,3,F,0,8.84,63.25,48.35,51.65,2.6176,https://maps.roads.maryland.gov/itms_public/?stationid=S2008150024,11702,11753,11664,11695,11450,11751,11972,12263,12154,12155,12522,12693,12604,12635,12250,12571,12812,13123,13014,12885,,,,,,,NO ERROR,,,,,,,,,,,3,8.84,63.25,48.35,51.65,"11,702","11,753","11,664","11,695","11,450","11,751","11,972","12,263","12,154","12,155","12,522","12,693","12,604","12,635","12,250","12,571","12,812","13,123","13,014","12,885",N/A,N/A,N/A,N/A,N/A,N/A,N/A
-8594436.4513,4738581.3176,8296,S2009150002,15,Montgomery,0,None,Ramp 4 Fr Washingtonian Blvd To Is370 Eb,RP,6271,  ,0.05,0,0.122,Exit 1 Ramp 4 Fr Washingtonian Blvd To Is 370 Eb,Exit 1  Ramp 04 Washingtonian Blvd To No Name,Urban,2,Principal Arterial Other Freeways and Expressways,15000RP06271  02EECO1         04,15000RP06271--100104,2,East,1,F,0,12.16,100,100,0,0.2931,https://maps.roads.maryland.gov/itms_public/?stationid=S2009150002,,5291,5251,5262,5253,5640,5751,5892,6580,6581,,0,5671,5682,5623,6040,6151,6302,7040,6981,,,,,,,NO ERROR,,,,,,,,,,,1,12.16,100,100,0,N/A,"5,291","5,251","5,262","5,253","5,640","5,751","5,892","6,580","6,581",N/A,0,"5,671","5,682","5,623","6,040","6,151","6,302","7,040","6,981",N/A,N/A,N/A,N/A,N/A,N/A,N/A
-8589419.9612,4723320.3717,8298,S2012150694,15,Montgomery,0,None,Seven Locks Rd,CO,148,  ,2.6,1.24,2.63,Seven Locks Rd - Between Rosehill Dr & Md 191,Md 190 To Md 191,Urban,4,Minor Arterial,15000CO00148  01NN**************,15000CO00148--1-----,1,North,2,F,0,11.02,58.39,51.34,48.66,5.8705,https://maps.roads.maryland.gov/itms_public/?stationid=S2012150694,,,11250,11271,11242,11533,11754,12045,11570,11571,,,12150,12171,12032,12343,12584,12895,12380,12271,,,,,,,NO ERROR,,,,,,,,,,,2,11.02,58.39,51.34,48.66,N/A,N/A,"11,250","11,271","11,242","11,533","11,754","12,045","11,570","11,571",N/A,N/A,"12,150","12,171","12,032","12,343","12,584","12,895","12,380","12,271",N/A,N/A,N/A,N/A,N/A,N/A,N/A
-8591167.3116,4734062.6989,8311,S2000150023,15,Montgomery,0,None,Ramp 6 Fr Md 28 Eb To Is 270 Sb,RP,270,  ,0.1,0,0.31,Exit 6 Ramp 6 Fr Md 28 Eb To Is 270 Sb,Exit 6  Ramp 06 W Montgomery Ave To Eisenhower Memorial Hwy,Urban,1,Interstate,15000RP00270  02SSIS6         06,15000RP00270--100606,2,South,1,F,0,8.27,100,0,100,1.617,https://maps.roads.maryland.gov/itms_public/?stationid=S2000150023,15854,16490,17210,17371,17352,17773,18154,18595,14190,14291,16814,17480,18240,18411,18222,18663,19064,19345,14760,14861,,,,,,,NO ERROR,,,,,,,,,,,1,8.27,100,0,100,"15,854","16,490","17,210","17,371","17,352","17,773","18,154","18,595","14,190","14,291","16,814","17,480","18,240","18,411","18,222","18,663","19,064","19,345","14,760","14,861",N/A,N/A,N/A,N/A,N/A,N/A,N/A
-8585122.4562,4730886.5145,8312,S2012150956,15,Montgomery,130,Rockville,Lewis Ave,MU,1690,  ,0.06,0,1.37,Lewis Ave - .10 Mi North Of Halpine Rd,Halpine Rd To Rockcrest Cir,Urban,5,Major Collector,15130MU01690  01NN**************,15130MU01690--1-----,1,North,2,F,0,10.09,62.69,51.37,48.63,0.8606,https://maps.roads.maryland.gov/itms_public/?stationid=S2012150956,,,1840,1841,1842,1893,1934,1985,1720,1721,,,1990,1991,1972,2033,2074,2105,1820,1891,,,,,,,NO ERROR,,,,,,,,,,,2,10.09,62.69,51.37,48.63,N/A,N/A,"1,840","1,841","1,842","1,893","1,934","1,985","1,720","1,721",N/A,N/A,"1,990","1,991","1,972","2,033","2,074","2,105","1,820","1,891",N/A,N/A,N/A,N/A,N/A,N/A,N/A
-8577388.0555,4727821.8019,8326,B2738,15,Montgomery,0,None,Georgia Ave,MD,97,  ,3.57,3.47,3.86,Md97-.10 Mi N Of Md193,Md 193 To Arcola Ave,Urban,3,Principal Arterial Other,15000MD00097  01NN**************,15000MD00097--1-----,1,South,6,F,1,6.69,77.95,42.72,57.28,5.5105,https://maps.roads.maryland.gov/itms_public/?stationid=B2738,38461,38622,38313,38394,38285,34200,34851,35692,38710,38711,41151,41712,41383,41474,40975,36590,37291,38192,41420,41031,70,33500,3273,244,1255,369,NO ERROR,1624,,,0.00180827,0.8653871,0.08454961,0.00630312,0.03241973,0.00953217,0.0419519,6,6.69,77.95,42.72,57.28,"38,461","38,622","38,313","38,394","38,285","34,200","34,851","35,692","38,710","38,711","41,151","41,712","41,383","41,474","40,975","36,590","37,291","38,192","41,420","41,031",70,"33,500",244,"3,273","1,255",369,1624
-8589143.3201,4729802.2766,8327,S2001150111,15,Montgomery,0,None,Ramp 6 Fr Montrose Rd Eb To Is 270 Sb,RP,270,  ,0.02,0,0.33,Exit 4 Ramp 6 Fr Montrose Rd Eb To Is 270 Sb,Exit 4  Ramp 06 Montrose Rd To Eisenhower Memorial Hwy,Urban,1,Interstate,15000RP00270  02EEIS4         06,15000RP00270--100406,2,East,1,F,0,13.12,100,100,0,0.5061,https://maps.roads.maryland.gov/itms_public/?stationid=S2001150111,4505,4750,4771,4812,4813,2740,5700,4190,4171,4202,4805,5040,5061,5102,5053,2880,5990,4360,4341,4372,,,,,,,NO ERROR,,,,,,,,,,,1,13.12,100,100,0,"4,505","4,750","4,771","4,812","4,813","2,740","5,700","4,190","4,171","4,202","4,805","5,040","5,061","5,102","5,053","2,880","5,990","4,360","4,341","4,372",N/A,N/A,N/A,N/A,N/A,N/A,N/A
-8579674.1743,4726591.9589,8350,S2012150870,15,Montgomery,0,None,Newport Mill Rd                         ,CO,4463,  ,0.03,0,0.2,Newport Mill Rd - Between Md 193 & Lawrence Ave,University Blvd W To Anderson Rd,Urban,6,Minor Collector,15000CO04463  01NN**************,15000CO04463--1-----,1,North,2,F,0,9.62,59.8,48.59,51.41,0.5512,https://maps.roads.maryland.gov/itms_public/?stationid=S2012150870,,,7100,7111,7092,7283,7424,7605,7550,7551,,,7670,7681,7592,7793,7944,8065,8000,8311,,,,,,,NO ERROR,,,,,,,,,,,2,9.62,59.8,48.59,51.41,N/A,N/A,"7,100","7,111","7,092","7,283","7,424","7,605","7,550","7,551",N/A,N/A,"7,670","7,681","7,592","7,793","7,944","8,065","8,000","8,311",N/A,N/A,N/A,N/A,N/A,N/A,N/A
-8600397.9039,4747874.1671,8360,B2769,15,Montgomery,0,None,Germantown Rd,MD,118,  ,5.96,5.42,6.2,Md118-.30 Mi S Of Is270,Middlebrook Rd To Is 270,Urban,3,Principal Arterial Other,15000MD00118  01NN**************,15000MD00118--1-----,1,North,5,F,0,7.91,53.18,49.31,50.69,12.0975,https://maps.roads.maryland.gov/itms_public/?stationid=B2769,42972,43450,43101,43192,43060,44181,45022,42880,42491,42492,45982,46930,46551,46652,46070,47271,48172,45880,45471,45042,340,36958,3475,351,1067,301,NO ERROR,1368,,,0.00800151,0.86976372,0.0817801,0.00826038,0.02511061,0.00708369,0.0321943,5,7.91,53.18,49.31,50.69,"42,972","43,450","43,101","43,192","43,060","44,181","45,022","42,880","42,491","42,492","45,982","46,930","46,551","46,652","46,070","47,271","48,172","45,880","45,471","45,042",340,"36,958",351,"3,475","1,067",301,1368
-8595823.4051,4744592.3513,8362,S2006150116,15,Montgomery,63,Gaithersburg,Watkins Mill Rd,MU,424,  ,0.1,0,0.63,Watkins Mill Rd - .10 Mile North Of Md 355,Md 355 To Watkins Mill Rd (ahead),Urban,4,Minor Arterial,15063MU00424  01NN**************,15063MU00424--1-----,1,North,3,F,0,7.54,50.05,49.57,50.43,2.6906,https://maps.roads.maryland.gov/itms_public/?stationid=S2006150116,10174,10225,10240,10261,10232,10503,10704,10965,11700,11701,10894,11045,11060,11081,10952,11243,11454,11735,12520,12401,22,10314,1106,27,198,34,NO ERROR,232,,,0.00188018,0.88146312,0.09452184,0.0023075,0.01692163,0.00290573,0.01982737,3,7.54,50.05,49.57,50.43,"10,174","10,225","10,240","10,261","10,232","10,503","10,704","10,965","11,700","11,701","10,894","11,045","11,060","11,081","10,952","11,243","11,454","11,735","12,520","12,401",22,"10,314",27,"1,106",198,34,232
-8575608.6173,4738598.8645,8387,B2787,15,Montgomery,0,None,Layhill Rd,MD,182,  ,4.212,2.23,4.412,Md182-.20 Mi S Of Md28/norbeck Rd,Bonifant Rd To Md 28,Urban,4,Minor Arterial,15000MD00182  01NN**************,15000MD00182--1-----,1,North,3,F,0,9.17,59.32,49.47,50.53,8.1722,https://maps.roads.maryland.gov/itms_public/?stationid=B2787,11312,11250,11161,9740,9711,9962,9880,10121,9850,10261,12102,12150,12051,10520,10391,10662,10570,10831,10540,10441,,,,,,,NO ERROR,,,,,,,,,,,3,9.17,59.32,49.47,50.53,"11,312","11,250","11,161","9,740","9,711","9,962","9,880","10,121","9,850","10,261","12,102","12,150","12,051","10,520","10,391","10,662","10,570","10,831","10,540","10,441",N/A,N/A,N/A,N/A,N/A,N/A,N/A
-8580829.7442,4737497.788,8389,B2949,15,Montgomery,0,None,Muncaster Mill Rd,MD,115,  ,5.62,4.66,5.83,Md115-.20 Mi W Of Md28,Emory La To Md 655,Urban,4,Minor Arterial,15000MD00115  01EE**************,15000MD00115--1-----,1,East,2,F,0,8.39,50.43,49.91,50.09,5.9919,https://maps.roads.maryland.gov/itms_public/?stationid=B2949,15961,16032,14500,14531,14492,14170,14441,14792,14030,14031,17081,17322,15660,15691,15512,15160,15451,15832,15010,14871,36,11184,2184,27,513,87,NO ERROR,600,,,0.00256575,0.79709215,0.15565533,0.00192431,0.0365619,0.00620056,0.04276245,2,8.39,50.43,49.91,50.09,"15,961","16,032","14,500","14,531","14,492","14,170","14,441","14,792","14,030","14,031","17,081","17,322","15,660","15,691","15,512","15,160","15,451","15,832","15,010","14,871",36,"11,184",27,"2,184",513,87,600
-8587209.4695,4752141.5171,8394,S2012150644,15,Montgomery,0,None,Sundown Rd,CO,54,  ,0.13,0,4.09,Sundown Rd - Between Md 108 & Mobley Farm Rd,Laytonsville Rd To Damascus Rd,Rural,5,Major Collector,15000CO00054  01EE**************,15000CO00054--1-----,1,West,2,F,0,9.88,50.6,50.36,49.64,6.779,https://maps.roads.maryland.gov/itms_public/?stationid=S2012150644,,,4230,4211,4212,4313,4414,4515,4490,4541,,,4480,4511,4472,4573,4724,4795,4760,4811,,,,,,,NO ERROR,,,,,,,,,,,2,9.88,50.6,50.36,49.64,N/A,N/A,"4,230","4,211","4,212","4,313","4,414","4,515","4,490","4,541",N/A,N/A,"4,480","4,511","4,472","4,573","4,724","4,795","4,760","4,811",N/A,N/A,N/A,N/A,N/A,N/A,N/A
-8568666.6109,4744953.7206,8395,B2753,15,Montgomery,0,None,Ashton Rd,MD,108,  ,18.99,16.57,18.99,Md108-.10 Mi W Of Howard Co/l,Md 650 To Howard Co/l,Urban,4,Minor Arterial,15000MD00108  01EE**************,15000MD00108--1-----,1,East,2,F,1,9.34,52.84,50.54,49.46,11.2806,https://maps.roads.maryland.gov/itms_public/?stationid=B2753,13061,12812,12930,12871,12832,13173,13424,13755,12770,12771,13711,13842,13710,13771,13602,13963,14364,14725,13660,13541,13,10738,1466,79,425,50,NO ERROR,475,,,0.00101793,0.84081121,0.11479132,0.00618589,0.03327852,0.00391512,0.03719364,2,9.34,52.84,50.54,49.46,"13,061","12,812","12,930","12,871","12,832","13,173","13,424","13,755","12,770","12,771","13,711","13,842","13,710","13,771","13,602","13,963","14,364","14,725","13,660","13,541",13,"10,738",79,"1,466",425,50,475
-8603152.218,4755091.5052,8406,S2007150048,15,Montgomery,0,None,Ramp 4 Fr Is 270 Nb To Md 121 Eb,RP,270,  ,0.25,0.22,0.268,Exit 18 Ramp 4 Fr Is 270 Nb To Md 121 Eb,Exit 18 Ramp 04 Ramp 1 Fr Ramp 4 (fr Is270) To Md 121 Wb To Clarksburg Rd,Urban,1,Interstate,15000RP00270  02SSIS18        04,15000RP00270--101804,2,North,1,F,0,9.61,100,100,0,0.1312,https://maps.roads.maryland.gov/itms_public/?stationid=S2007150048,5623,5634,5665,6800,6791,6952,7103,7274,7440,7491,5743,5974,6015,7210,7131,7302,7463,7574,7740,7791,,,,,,,NO ERROR,,,,,,,,,,,1,9.61,100,100,0,"5,623","5,634","5,665","6,800","6,791","6,952","7,103","7,274","7,440","7,491","5,743","5,974","6,015","7,210","7,131","7,302","7,463","7,574","7,740","7,791",N/A,N/A,N/A,N/A,N/A,N/A,N/A
-8582648.2963,4718312.6621,8407,B150020,15,Montgomery,0,None,Arlington Rd,CO,362,  ,0.75,0,0.99,Arlington Rd-.10 Mi S Of Md191,Md 187 To Little Falls Pkwy,Urban,4,Minor Arterial,15000CO00362  01SS**************,15000CO00362--1-----,1,South,4,F,0,9.39,58,45.38,54.62,3.8271,https://maps.roads.maryland.gov/itms_public/?stationid=B150020,9581,9622,9990,10011,9982,11240,11451,11732,10590,10591,10251,10392,10790,10811,10682,12030,12251,12442,11230,11651,43,9805,660,8,60,15,NO ERROR,75,,,0.00406005,0.92578604,0.06231706,0.00075536,0.00566519,0.0014163,0.00708148,4,9.39,58,45.38,54.62,"9,581","9,622","9,990","10,011","9,982","11,240","11,451","11,732","10,590","10,591","10,251","10,392","10,790","10,811","10,682","12,030","12,251","12,442","11,230","11,651",43,"9,805",8,660,60,15,75
-8587969.9841,4733990.9693,8412,S2012150975,15,Montgomery,130,Rockville,N Stonestreet Ave,MU,2850,  ,0.8,0,0.84,N Stonestreet Ave - Between Park Rd & England Terr,Ashley Ave To Park Rd,Urban,5,Major Collector,15130MU02850  01SS**************,15130MU02850--1-----,1,North,2,F,0,7.85,55.65,48.59,51.41,1.6192,https://maps.roads.maryland.gov/itms_public/?stationid=S2012150975,,,4830,4841,4832,4963,5064,5195,5280,5281,,,5220,5231,5172,5313,5424,5515,5600,5811,,,,,,,NO ERROR,,,,,,,,,,,2,7.85,55.65,48.59,51.41,N/A,N/A,"4,830","4,841","4,832","4,963","5,064","5,195","5,280","5,281",N/A,N/A,"5,220","5,231","5,172","5,313","5,424","5,515","5,600","5,811",N/A,N/A,N/A,N/A,N/A,N/A,N/A
-8578560.2408,4719324.5754,8413,S2012150753,15,Montgomery,0,None,Pomander La,CO,525,  ,0.06,0,0.38,Pomander La - Between Leland St & Lynnhurst St,Leland St To Turner La,Urban,7,Local,15000CO00525  01SS**************,15000CO00525--1-----,1,North,2,C,0,12.74,84.81,50.52,49.48,0.0777,https://maps.roads.maryland.gov/itms_public/?stationid=S2012150753,,,400,540,541,562,573,594,595,560,,,430,580,581,602,613,634,635,620,6,457,64,1,29,3,NO ERROR,32,,,0.01071429,0.81607143,0.11428571,0.00178571,0.05178571,0.00535714,0.05714286,2,12.74,84.81,50.52,49.48,N/A,N/A,400,540,541,562,573,594,595,560,N/A,N/A,430,580,581,602,613,634,635,620,6,457,1,64,29,3,32
-8580104.3298,4736759.8792,8415,B150087,15,Montgomery,0,None,Georgia Ave,MD,97,  ,8.52,7.67,8.82,Md97-.30 Mi S Of Md28,Bel Pre Rd To Md 28,Urban,3,Principal Arterial Other,15000MD00097  01NN**************,15000MD00097--1-----,1,South,6,F,1,7.88,66.53,48.73,51.27,17.483,https://maps.roads.maryland.gov/itms_public/?stationid=B150087,40031,40192,39920,40001,42280,38000,38721,39652,39970,41651,42831,43412,43110,43201,45240,40660,41431,42432,42770,42371,,,,,,,NO ERROR,,,,,,,,,,,6,7.88,66.53,48.73,51.27,"40,031","40,192","39,920","40,001","42,280","38,000","38,721","39,652","39,970","41,651","42,831","43,412","43,110","43,201","45,240","40,660","41,431","42,432","42,770","42,371",N/A,N/A,N/A,N/A,N/A,N/A,N/A
-8617554.3361,4754508.8797,8416,B2983,15,Montgomery,0,None,Barnesville Rd,CO,237,  ,0.2,0,2.16,Barnesville Rd-.20 Mi E Of Mt Ephraim Rd,Mt. Ephraim Rd To Md 109,Rural,5,Major Collector,15000CO00237  01EE**************,15000CO00237--1-----,1,East,2,F,0,13,90.59,51.64,48.36,2.3896,https://maps.roads.maryland.gov/itms_public/?stationid=B2983,2361,2322,2240,2231,2232,2610,2671,2732,2990,3031,2481,2512,2370,2391,2372,2770,2861,2902,3170,3211,15,2354,534,4,112,12,NO ERROR,124,,,0.00494886,0.77664137,0.17617948,0.0013197,0.0369515,0.00395909,0.04091059,2,13,90.59,51.64,48.36,"2,361","2,322","2,240","2,231","2,232","2,610","2,671","2,732","2,990","3,031","2,481","2,512","2,370","2,391","2,372","2,770","2,861","2,902","3,170","3,211",15,"2,354",4,534,112,12,124
-8592312.5929,4748791.2378,8421,S2012150638,15,Montgomery,0,None,Goshen Rd,CO,33,  ,2.71,1.31,3.84,Goshen Rd - Between Snouffers School Rd & East Village Ave,Centerway Rd To Brink Rd,Urban,4,Minor Arterial,15000CO00033  01NN**************,15000CO00033--1-----,1,North,2,F,0,8.95,61.91,52.19,47.81,11.858,https://maps.roads.maryland.gov/itms_public/?stationid=S2012150638,,,11900,11921,11892,12203,12444,12745,12840,12841,,,12850,12881,12722,13063,13324,13645,13740,13611,,,,,,,NO ERROR,,,,,,,,,,,2,8.95,61.91,52.19,47.81,N/A,N/A,"11,900","11,921","11,892","12,203","12,444","12,745","12,840","12,841",N/A,N/A,"12,850","12,881","12,722","13,063","13,324","13,645","13,740","13,611",N/A,N/A,N/A,N/A,N/A,N/A,N/A
-8581220.9392,4733022.9197,8441,S2012150683,15,Montgomery,0,None,Aspen Hill Rd,CO,142,  ,1.29,1.25,1.43,Aspen Hill Rd - Between Parkland Dr & Frankfort Dr,Parkland Dr To Grenoble Dr,Urban,4,Minor Arterial,15000CO00142  01NN**************,15000CO00142--1-----,1,North,2,F,0,8.59,58.66,53.08,46.92,1.0335,https://maps.roads.maryland.gov/itms_public/?stationid=S2012150683,,,15760,15791,15742,16153,16464,16865,15730,15731,,,17020,17051,16842,17283,17624,18055,16830,16681,,,,,,,NO ERROR,,,,,,,,,,,2,8.59,58.66,53.08,46.92,N/A,N/A,"15,760","15,791","15,742","16,153","16,464","16,865","15,730","15,731",N/A,N/A,"17,020","17,051","16,842","17,283","17,624","18,055","16,830","16,681",N/A,N/A,N/A,N/A,N/A,N/A,N/A
-8587500.2117,4733451.5629,8452,S2002150153,15,Montgomery,130,Rockville,S Stonestreet Ave,MU,2851,  ,0.3,0,0.32,S Stonestreet Ave - 100ft North Of Reading Ave,Park Rd To Reading Ave,Urban,5,Major Collector,15130MU02851  01SS**************,15130MU02851--1-----,1,South,4,C,0,8.91,56.16,48.54,51.46,0.4111,https://maps.roads.maryland.gov/itms_public/?stationid=S2002150153,,,,3390,3381,3472,3543,3634,3605,3520,,,,3660,3621,3722,3793,3854,3825,3870,,,,,,,NO ERROR,,,,,,,,,,,4,8.91,56.16,48.54,51.46,N/A,N/A,N/A,"3,390","3,381","3,472","3,543","3,634","3,605","3,520",N/A,N/A,N/A,"3,660","3,621","3,722","3,793","3,854","3,825","3,870",N/A,N/A,N/A,N/A,N/A,N/A,N/A
-8566138.2725,4732803.4573,8460,S2012151288,15,Montgomery,0,None,Ramp 7 Fr Rp 2 (fr Md200 Wb) To Us 29 Sb,RP,200,  ,0.13,0,0.546,Exit 16 Ramp 7 Fr Ramp 2 (fr Md 200 Wb) To Us 29 Sb,Exit 16 Ramp 07 Ramp 2 (fr Md 200 Wb) To Us 29 Sb,Urban,2,Principal Arterial Other Freeways and Expressways,15000RP00200  02WWMD16        07,15000RP00200--101607,2,South,2,F,0,15.83,100,0,100,0.387,https://maps.roads.maryland.gov/itms_public/?stationid=S2012151288,,,770,771,1500,1541,1572,1960,1941,1942,,,830,831,1610,1651,1682,2100,2081,2062,,,,,,,NO ERROR,,,,,,,,,,,2,15.83,100,0,100,N/A,N/A,770,771,"1,500","1,541","1,572","1,960","1,941","1,942",N/A,N/A,830,831,"1,610","1,651","1,682","2,100","2,081","2,062",N/A,N/A,N/A,N/A,N/A,N/A,N/A
-8571265.1265,4721551.4032,8462,B2858,15,Montgomery,0,None,Piney Branch Rd,MD,320,  ,2,1.63,2.09,Md320-.10 Mi W Of Md193,Md 787 To Md 193,Urban,4,Minor Arterial,15000MD00320  01NN**************,15000MD00320--1-----,1,South,4,F,1,7.56,54.18,48.29,51.71,4.6416,https://maps.roads.maryland.gov/itms_public/?stationid=B2858,23610,23701,23512,23563,26040,26721,27232,27893,27644,27645,25260,25601,25392,25453,27860,28591,29142,29853,29584,29305,104,22014,3930,575,917,105,NO ERROR,1022,,,0.00376198,0.79631036,0.14215952,0.02079942,0.03317056,0.00379816,0.03696871,4,7.56,54.18,48.29,51.71,"23,610","23,701","23,512","23,563","26,040","26,721","27,232","27,893","27,644","27,645","25,260","25,601","25,392","25,453","27,860","28,591","29,142","29,853","29,584","29,305",104,"22,014",575,"3,930",917,105,1022
-8588295.0654,4735238.074,8465,S2012150948,15,Montgomery,130,Rockville,Frederick Ave,MU,1160,  ,0.1,0,0.42,Frederick Ave - Between N Stonestreet Ave & Lenmor Ave,Road End To N Horners La,Urban,5,Major Collector,15130MU01160  01EE**************,15130MU01160--1-----,1,East,2,F,0,8.65,65.52,48.66,51.34,0.1856,https://maps.roads.maryland.gov/itms_public/?stationid=S2012150948,,,1140,1141,1142,1173,1204,1235,1210,1211,,,1230,1231,1222,1263,1294,1315,1280,1331,,,,,,,NO ERROR,,,,,,,,,,,2,8.65,65.52,48.66,51.34,N/A,N/A,"1,140","1,141","1,142","1,173","1,204","1,235","1,210","1,211",N/A,N/A,"1,230","1,231","1,222","1,263","1,294","1,315","1,280","1,331",N/A,N/A,N/A,N/A,N/A,N/A,N/A
-8569126.6195,4734057.5409,8469,T0011,15,Montgomery,0,None,Intercounty Connector,MD,200,  ,14.467,13.245,15.978,Md 200 - Between Md 650 & Us 29,Md 650 To Us 29,Urban,2,Principal Arterial Other Freeways and Expressways,15000MD00200  01EE**************,15000MD00200--1-----,1,West,6,F,1,12.6,54,50,50,59.9953,https://maps.roads.maryland.gov/itms_public/?stationid=T0011,,,24979,31892,38028,45448,52343,55561,57480,60143,,,27647,35678,42454,50723,58600,62166,64335,67427,,,,,,,NO ERROR,,,,,,,,,,,6,12.6,54,50,50,N/A,N/A,"24,979","31,892","38,028","45,448","52,343","55,561","57,480","60,143",N/A,N/A,"27,647","35,678","42,454","50,723","58,600","62,166","64,335","67,427",N/A,N/A,N/A,N/A,N/A,N/A,N/A
-8563620.4657,4737692.1004,8471,S2010150035,15,Montgomery,0,None,Ramp 2 Fr Md 198 Wb To Us 29 Nb,RP,29,  ,0.005,0,0.015,Exit 11a Ramp 2 Fr Md 198 Wb To Us 29 Nb,Exit 11 Ramp 02 Sandy Spring Rd To Ramp 3 Fr Md 198 Eb To Ramp 2 (us 29),Urban,2,Principal Arterial Other Freeways and Expressways,15000RP00029  02WWUS11A       02,15000RP00029--111A02,2,West,1,F,0,8.69,100,0,100,0.0181,https://maps.roads.maryland.gov/itms_public/?stationid=S2010150035,3170,3230,3350,3361,3352,3443,3514,3340,3311,3312,3390,3490,3620,3631,3592,3683,3764,3570,3541,3512,,,,,,,NO ERROR,,,,,,,,,,,1,8.69,100,0,100,"3,170","3,230","3,350","3,361","3,352","3,443","3,514","3,340","3,311","3,312","3,390","3,490","3,620","3,631","3,592","3,683","3,764","3,570","3,541","3,512",N/A,N/A,N/A,N/A,N/A,N/A,N/A
-8588508.6267,4729621.6088,8482,S1999150162,15,Montgomery,0,None,Ramp 4 Fr Is 270 Nb To Montrose Rd Eb,RP,270,  ,0.18,0.13,0.35,Exit 4 Ramp 4 Fr Is 270 Nb To Montrose Rd Eb,Exit 4  Ramp 04 Ramp 10 Fr Ramp 4 To Tower Oaks Blvd To Montrose Rd,Urban,1,Interstate,15000RP00270  02NNIS4         04,15000RP00270--100404,2,North,1,F,0,9.43,100,100,0,0.6024,https://maps.roads.maryland.gov/itms_public/?stationid=S1999150162,7105,7010,7051,7112,7113,8000,8171,7490,7451,7502,7505,7430,7471,7542,7473,8400,8581,7790,7751,7802,,,,,,,NO ERROR,,,,,,,,,,,1,9.43,100,100,0,"7,105","7,010","7,051","7,112","7,113","8,000","8,171","7,490","7,451","7,502","7,505","7,430","7,471","7,542","7,473","8,400","8,581","7,790","7,751","7,802",N/A,N/A,N/A,N/A,N/A,N/A,N/A
-8585138.7676,4740989.0926,8503,S2012150673,15,Montgomery,0,None,Bowie Mill Rd,CO,135,  ,3.27,0.95,3.34,Bowie Mill Rd - Between Md 115 & Willow Hill La,Cashell Rd To Md 115,Urban,5,Major Collector,15000CO00135  01WW**************,15000CO00135--1-----,1,East,3,F,0,9.81,70.28,49.77,50.23,9.2129,https://maps.roads.maryland.gov/itms_public/?stationid=S2012150673,,,10330,10351,10322,10593,10794,11055,10560,10561,,,11160,11181,11052,11343,11554,11725,11190,11621,,,,,,,NO ERROR,,,,,,,,,,,3,9.81,70.28,49.77,50.23,N/A,N/A,"10,330","10,351","10,322","10,593","10,794","11,055","10,560","10,561",N/A,N/A,"11,160","11,181","11,052","11,343","11,554","11,725","11,190","11,621",N/A,N/A,N/A,N/A,N/A,N/A,N/A
-8567403.5824,4730667.6432,8519,S2006150071,15,Montgomery,0,None,Ramp 3 Fr Cherry Hill Rd Wb To Ramp 2,RP,29,  ,0.01,0,0.013,Exit 7 Ramp 3 Fr Cherry Hill Rd Eb To Ramp 2 (to Us 29 Nb),Exit 7  Ramp 03 Cherry Hill Rd To Ramp 2 Fr Cherry Hill Rd Wb To Us 29 Nb,Urban,2,Principal Arterial Other Freeways and Expressways,15000RP00029  02NNUS7         03,15000RP00029--100703,2,North,1,F,0,10.02,100,100,0,0.0083,https://maps.roads.maryland.gov/itms_public/?stationid=S2006150071,,1950,1650,1651,1652,1703,1744,1795,1750,1751,,2110,1780,1781,1772,1823,1874,1925,1870,1861,,,,,,,NO ERROR,,,,,,,,,,,1,10.02,100,100,0,N/A,"1,950","1,650","1,651","1,652","1,703","1,744","1,795","1,750","1,751",N/A,"2,110","1,780","1,781","1,772","1,823","1,874","1,925","1,870","1,861",N/A,N/A,N/A,N/A,N/A,N/A,N/A
-8578630.9588,4723120.2882,8536,B150035,15,Montgomery,0,None,Jones Mill Rd,CO,4460,  ,0.1,0,1.36,Jones Mill Rd-.10 Mi S Of Forsythe Ave,Forsythe Ave To Md 410,Urban,5,Major Collector,15000CO04460  01SS**************,15000CO04460--1-----,1,South,2,C,0,10.76,78.78,52.02,47.98,3.6585,https://maps.roads.maryland.gov/itms_public/?stationid=B150035,6520,6551,6502,6900,6881,7062,7140,7311,7252,7370,6980,7081,7022,7450,7361,7562,7640,7821,7762,7810,41,6625,547,5,137,15,NO ERROR,152,,,0.00556309,0.89891452,0.07421981,0.00067843,0.01858887,0.00203528,0.02062415,2,10.76,78.78,52.02,47.98,"6,520","6,551","6,502","6,900","6,881","7,062","7,140","7,311","7,252","7,370","6,980","7,081","7,022","7,450","7,361","7,562","7,640","7,821","7,762","7,810",41,"6,625",5,547,137,15,152
-8610422.0471,4757335.0019,8551,B2758,15,Montgomery,0,None,Old Hundred Rd,MD,109,  ,8.58,6.03,9.66,Md109-.10 Mi N Of Comus Rd,Barnesville Rd To Thurston Rd,Rural,5,Major Collector,15000MD00109  01NN**************,15000MD00109--1-----,1,North,2,F,0,11.14,73.95,53.15,46.85,2.6287,https://maps.roads.maryland.gov/itms_public/?stationid=B2758,2080,2041,2052,2043,2044,1880,1921,1962,1953,1984,2180,2201,2182,2193,2174,1990,2061,2082,2073,2104,44,1362,425,4,117,32,NO ERROR,149,,,0.02217742,0.68649194,0.21421371,0.00201613,0.05897177,0.01612903,0.07510081,2,11.14,73.95,53.15,46.85,"2,080","2,041","2,052","2,043","2,044","1,880","1,921","1,962","1,953","1,984","2,180","2,201","2,182","2,193","2,174","1,990","2,061","2,082","2,073","2,104",44,"1,362",4,425,117,32,149
-8590031.5693,4732160.385,8584,S2000150051,15,Montgomery,0,None,Ramp 8 Fr Is 270 Sb To Md 189 Wb,RP,270,  ,0.17,0.12,0.2,Exit 5 Ramp 8 Fr Is 270 Sb To Md 189 Wb,Exit 5  Ramp 08 Ramp 5 Fr Ramp 8 (fr Is270) To Md 189 Eb To Falls Rd,Urban,1,Interstate,15000RP00270  02SSIS5         08,15000RP00270--100508,2,South,1,F,0,9.07,100,0,100,0.2012,https://maps.roads.maryland.gov/itms_public/?stationid=S2000150051,5905,6580,6611,6672,6673,6834,6985,6880,6841,6892,6305,6980,7011,7072,7013,7184,7335,7160,7121,7172,,,,,,,NO ERROR,,,,,,,,,,,1,9.07,100,0,100,"5,905","6,580","6,611","6,672","6,673","6,834","6,985","6,880","6,841","6,892","6,305","6,980","7,011","7,072","7,013","7,184","7,335","7,160","7,121","7,172",N/A,N/A,N/A,N/A,N/A,N/A,N/A
-8567388.6206,4730663.8345,8590,S2006150070,15,Montgomery,0,None,Ramp 2 Fr Cherry Hill Rd Wb To Us 29 Nb,RP,29,  ,0.01,0,0.015,Exit 7 Ramp 2 Fr Cherry Hill Rd Wb To Us 29 Nb ,Exit 7  Ramp 02 Cherry Hill Rd To Ramp 3 Fr Cherry Hill Rd Wb To Ramp 2,Urban,2,Principal Arterial Other Freeways and Expressways,15000RP00029  02NNUS7         02,15000RP00029--100702,2,North,2,F,0,11.28,100,100,0,0.0291,https://maps.roads.maryland.gov/itms_public/?stationid=S2006150070,5164,5800,4990,5001,4992,5123,5224,5355,5320,5321,5534,6260,5390,5401,5342,5483,5594,5735,5690,5641,,,,,,,NO ERROR,,,,,,,,,,,2,11.28,100,100,0,"5,164","5,800","4,990","5,001","4,992","5,123","5,224","5,355","5,320","5,321","5,534","6,260","5,390","5,401","5,342","5,483","5,594","5,735","5,690","5,641",N/A,N/A,N/A,N/A,N/A,N/A,N/A
-8589911.0328,4732311.4026,8593,S2005150086,15,Montgomery,0,None,Ramp 3 Fr Md 189 Eb To Is 270 Nb,RP,270,  ,0.02,0,0.08,Exit 5 Ramp 3 Fr Md 189 Eb To Is 270 Nb,Exit 5  Ramp 03 Falls Rd To Ramp 2 Fr Md 189 Wb To Ramp 3 (to Is270),Urban,1,Interstate,15000RP00270  02NNIS5         03,15000RP00270--100503,2,North,1,F,0,9.32,100,100,0,0.177,https://maps.roads.maryland.gov/itms_public/?stationid=S2005150086,5605,5680,5711,5762,5763,5904,6035,6060,6021,6062,5905,6020,6051,6112,6053,6204,6345,6300,6261,6302,,,,,,,NO ERROR,,,,,,,,,,,1,9.32,100,100,0,"5,605","5,680","5,711","5,762","5,763","5,904","6,035","6,060","6,021","6,062","5,905","6,020","6,051","6,112","6,053","6,204","6,345","6,300","6,261","6,302",N/A,N/A,N/A,N/A,N/A,N/A,N/A
-8595970.0088,4737590.278,8599,B150007,15,Montgomery,0,None,Great Seneca Hwy,MD,119,  ,0.9,0.8,2.57,Md119-.10 Mi N Of Muddy Branch Rd,Muddy Branch Rd To Md 124,Urban,3,Principal Arterial Other,15000MD00119  01NN**************,15000MD00119--1-----,1,North,5,F,0,9.23,66.61,51.19,48.81,25.5978,https://maps.roads.maryland.gov/itms_public/?stationid=B150007,34612,39660,39341,39422,38820,39831,40592,39980,39621,39622,37042,42830,42491,42582,41540,42621,43432,42780,42391,42002,53,35400,3174,124,726,145,NO ERROR,871,,,0.00133764,0.89344304,0.08010701,0.00312957,0.01832315,0.00365958,0.02198274,5,9.23,66.61,51.19,48.81,"34,612","39,660","39,341","39,422","38,820","39,831","40,592","39,980","39,621","39,622","37,042","42,830","42,491","42,582","41,540","42,621","43,432","42,780","42,391","42,002",53,"35,400",124,"3,174",726,145,871
-8591204.7956,4718020.2754,8601,S2000150119,15,Montgomery,0,None,Ramp 7 Fr C B Pkwy To Ramp 6 (to Is 495),RP,495,  ,0.1,0,0.4,Exit 41 Ramp 7 Fr Clara Barton Pkwy Wb To Is 495 Sb,Exit 41 Ramp 7 Fr Clara Barton Pkwy Nb To Ramp 6 (to Is 495 Sb),Urban,1,Interstate,15000RP00495  02WWIS41        07,15000RP00495--104107,2,South,1,F,0,13.69,100,0,100,1.0192,https://maps.roads.maryland.gov/itms_public/?stationid=S2000150119,4874,4885,5690,5741,5742,5883,6014,6165,6930,6981,5174,5185,6030,6091,6032,6183,6324,6415,7210,7261,,,,,,,NO ERROR,,,,,,,,,,,1,13.69,100,0,100,"4,874","4,885","5,690","5,741","5,742","5,883","6,014","6,165","6,930","6,981","5,174","5,185","6,030","6,091","6,032","6,183","6,324","6,415","7,210","7,261",N/A,N/A,N/A,N/A,N/A,N/A,N/A
-8585910.0662,4726149.3628,8603,S2005150092,15,Montgomery,0,None,Ramp 2 Fr Is 270 To Ramp 9 (to Md 187b),RP,270,  ,0.05,0,0.106,Exit 1b Ramp 2 Fr Is 270 Wb To Ramp 9 (to Md 187b),Exit 1b Ramp 02 Eisenhower Memorial Hwy To Ramp 9 Fr Md 187 Nb To Md 187b Sb,Urban,1,Interstate,15000RP00270  02NNIS1B        02,15000RP00270--101B02,2,North,1,F,0,14.78,100,100,0,0.1657,https://maps.roads.maryland.gov/itms_public/?stationid=S2005150092,3505,3850,3871,3912,3913,4014,4105,4280,4251,4282,3705,4080,4101,4152,4113,4224,4315,4450,4421,4452,,,,,,,NO ERROR,,,,,,,,,,,1,14.78,100,100,0,"3,505","3,850","3,871","3,912","3,913","4,014","4,105","4,280","4,251","4,282","3,705","4,080","4,101","4,152","4,113","4,224","4,315","4,450","4,421","4,452",N/A,N/A,N/A,N/A,N/A,N/A,N/A
-8599844.55,4746634.7208,8611,S2012150890,15,Montgomery,0,None,Waring Station Rd,CO,5502,  ,0.08,0,1.19,Waring Station Rd - .10 Mi South Of Middlebrook Rd,Middlebrook Rd To Wisteria Dr,Urban,5,Major Collector,15000CO05502  01SS**************,15000CO05502--1-----,1,South,2,F,0,8.01,66.5,46.46,53.54,4.6697,https://maps.roads.maryland.gov/itms_public/?stationid=S2012150890,,,9680,9701,9672,9923,10114,10365,10750,10751,,,10450,10481,10352,10623,10824,10995,11400,11831,,,,,,,NO ERROR,,,,,,,,,,,2,8.01,66.5,46.46,53.54,N/A,N/A,"9,680","9,701","9,672","9,923","10,114","10,365","10,750","10,751",N/A,N/A,"10,450","10,481","10,352","10,623","10,824","10,995","11,400","11,831",N/A,N/A,N/A,N/A,N/A,N/A,N/A
-8586265.4593,4726097.7717,8613,S2005150091,15,Montgomery,0,None,Rockledge Blvd,MD,187,B ,0.09,0.086,0.166,Md 187b South Of Is 270,Rockledge Blvd (back) To Ramp 8 To Is 270 Wb,Urban,7,Local,15000MD00187B 01NN**************,15000MD00187B-1-----,1,North,5,F,0,8.88,67.57,40.36,59.64,0.5849,https://maps.roads.maryland.gov/itms_public/?stationid=S2005150091,18505,19120,18971,19012,18963,19464,19835,20210,20031,20032,19805,20650,20491,20532,20293,20834,21235,21420,21231,22042,37,16714,2684,65,405,127,NO ERROR,532,,,0.00184704,0.83436502,0.13398562,0.00324481,0.02021765,0.00633986,0.02655751,5,8.88,67.57,40.36,59.64,"18,505","19,120","18,971","19,012","18,963","19,464","19,835","20,210","20,031","20,032","19,805","20,650","20,491","20,532","20,293","20,834","21,235","21,420","21,231","22,042",37,"16,714",65,"2,684",405,127,532
-8569127.9227,4724286.9744,8640,S2000150197,15,Montgomery,0,None,Ramp 5 Fr Md 650 Sb To Is 495 Eb,RP,495,  ,0.05,0,0.14,Exit 28 Ramp 5 Fr Md 650 Sb To Is 495 Eb,Exit 28 Ramp 05 New Hampshire Ave To Capital Beltway,Urban,1,Interstate,15000RP00495  02SSIS28        05,15000RP00495--102805,2,East,1,F,0,6.59,100,100,0,0.4748,https://maps.roads.maryland.gov/itms_public/?stationid=S2000150197,8304,8430,8471,8552,8543,8754,8945,9280,9221,9292,8804,8940,8981,9072,8973,9194,9395,9650,9591,9662,,,,,,,NO ERROR,,,,,,,,,,,1,6.59,100,100,0,"8,304","8,430","8,471","8,552","8,543","8,754","8,945","9,280","9,221","9,292","8,804","8,940","8,981","9,072","8,973","9,194","9,395","9,650","9,591","9,662",N/A,N/A,N/A,N/A,N/A,N/A,N/A
-8598652.1889,4750121.5317,8641,S2017150250,15,Montgomery,0,None,Shakespeare Blvd,CO,6136,  ,0.63,0.53,0.97,Shakespeare Blvd - .10 Mile East Of Md 355,Md 355 To Shakespeare Blvd (ahead),Urban,5,Major Collector,15000CO06136  01EE**************,15000CO06136--1-----,1,East,2,F,0,8.83,50.64,49.08,50.92,0.7873,https://maps.roads.maryland.gov/itms_public/?stationid=S2017150250,,,,,,,,4940,4901,4902,,,,,,,,5240,5201,5392,6,4495,330,0,69,2,NO ERROR,71,,,0.00122399,0.91697266,0.06731946,0,0.01407589,0.000408,0.01448388,2,8.83,50.64,49.08,50.92,N/A,N/A,N/A,N/A,N/A,N/A,N/A,"4,940","4,901","4,902",N/A,N/A,N/A,N/A,N/A,N/A,N/A,"5,240","5,201","5,392",6,"4,495",0,330,69,2,71
-8585044.5169,4728679.0419,8672,B150070,15,Montgomery,0,None,Executive Blvd,CO,3239,  ,0.77,0.67,1.045,Executive Blvd-.20 Mi N Of Md187,Md 187 To E. Jefferson St (ahead),Urban,5,Major Collector,15000CO03239  01NN**************,15000CO03239--1-----,1,North,4,F,0,9.22,53.87,48.83,51.17,2.6459,https://maps.roads.maryland.gov/itms_public/?stationid=B150070,20671,20752,21930,21971,21912,22100,22521,23062,19330,19331,22121,22412,23680,23731,23452,23650,24101,24452,20490,21261,9,17850,844,226,377,25,NO ERROR,402,,,0.00046557,0.92338731,0.04366044,0.01169107,0.01950235,0.00129326,0.02079561,4,9.22,53.87,48.83,51.17,"20,671","20,752","21,930","21,971","21,912","22,100","22,521","23,062","19,330","19,331","22,121","22,412","23,680","23,731","23,452","23,650","24,101","24,452","20,490","21,261",9,"17,850",226,844,377,25,402
-8588582.9413,4717614.2971,8684,S2009150016,15,Montgomery,0,None,Ramp 2 Fr Gv 6 To Gv 31,RP,6,  ,0.22,0.2,0.24,Exit 2 Ramp 2 Fr Clara Barton Pkwy Wb To Ericsson Rd Nb,Exit 2  Ramp 02 Ramp 7 Fr Ramp 2 To Ericsson Rd To Ericsson Rd,Urban,2,Principal Arterial Other Freeways and Expressways,15000RP00006  02WWGV2         02,15000RP00006--100202,2,North,1,F,0,15.37,100,100,0,0.0107,https://maps.roads.maryland.gov/itms_public/?stationid=S2009150016,,691,691,692,693,700,711,732,733,734,,0,751,752,743,750,761,782,783,784,,,,,,,NO ERROR,,,,,,,,,,,1,15.37,100,100,0,N/A,691,691,692,693,700,711,732,733,734,N/A,0,751,752,743,750,761,782,783,784,N/A,N/A,N/A,N/A,N/A,N/A,N/A
-8607751.275,4761469.6985,8689,S2007150043,15,Montgomery,0,None,Ramp 8 Fr Ramp 5 (fr Is270) To Md 109 Wb,RP,270,  ,0.005,0,0.01,Exit 22 Ramp 8 Fr Ramp 5 (fr Is 270 Sb) To Md 109 Wb,Exit 22 Ramp 08 Ramp 5 Fr Is 270 Sb To Md 109 Eb To Old Hundred Rd,Rural,1,Interstate,15000RP00270  02NNIS22        08,15000RP00270--102208,2,West,1,F,0,10.3,100,0,100,0.0015,https://maps.roads.maryland.gov/itms_public/?stationid=S2007150043,,453,451,450,451,462,493,430,421,422,,0,451,460,451,462,493,430,421,412,,,,,,,NO ERROR,,,,,,,,,,,1,10.3,100,0,100,N/A,453,451,450,451,462,493,430,421,422,N/A,0,451,460,451,462,493,430,421,412,N/A,N/A,N/A,N/A,N/A,N/A,N/A
-8593398.2657,4717784.9425,8709,S2009150007,15,Montgomery,0,None,Ramp 1 Fr Gv 29 To Ramp 8,RP,6,  ,0.01,0,0.03,Exit 1 Ramp 1 Fr Gv 29 To Ramp 8 (to Clara Barton Pkwy Wb),Exit 1  Ramp 01 Govt Spur Fr R&d Ctr To Ramp 8 Fr Gv 29 To Clara Barton Pkwy,Urban,2,Principal Arterial Other Freeways and Expressways,15000RP00006  02WWGV1         01,15000RP00006--100101,2,West,1,F,0,13.95,100,0,100,0.0005,https://maps.roads.maryland.gov/itms_public/?stationid=S2009150007,,41,41,42,43,40,41,42,43,44,,0,41,52,53,40,41,52,53,54,,,,,,,NO ERROR,,,,,,,,,,,1,13.95,100,0,100,N/A,41,41,42,43,40,41,42,43,44,N/A,0,41,52,53,40,41,52,53,54,N/A,N/A,N/A,N/A,N/A,N/A,N/A
-8591899.9344,4724845.9749,8711,S2012150851,15,Montgomery,0,None,Newbridge Dr,CO,3998,  ,1.33,1.2,1.45,Newbridge Dr - .10 Mi South Of Democracy Blvd,Kentsdale Dr To Democracy Blvd,Urban,6,Minor Collector,15000CO03998  01NN**************,15000CO03998--1-----,1,South,2,F,0,11.65,59.3,50.5,49.5,0.3514,https://maps.roads.maryland.gov/itms_public/?stationid=S2012150851,,,3890,3901,3892,3993,4074,4175,3850,3851,,,4200,4211,4162,4273,4364,4435,4080,4241,,,,,,,NO ERROR,,,,,,,,,,,2,11.65,59.3,50.5,49.5,N/A,N/A,"3,890","3,901","3,892","3,993","4,074","4,175","3,850","3,851",N/A,N/A,"4,200","4,211","4,162","4,273","4,364","4,435","4,080","4,241",N/A,N/A,N/A,N/A,N/A,N/A,N/A
-8586757.1508,4733051.2784,8719,B2959,15,Montgomery,0,None,Veirs Mill Rd,MD,586,  ,0.1,0,1.48,Md586-.10 Mi E Of Md28,Md 28 To Twinbrook Pkwy,Urban,3,Principal Arterial Other,15000MD00586  01EE**************,15000MD00586--1-----,1,East,4,F,0,8.21,55.3,49.48,50.52,14.9047,https://maps.roads.maryland.gov/itms_public/?stationid=B2959,30170,30291,30052,28170,28091,27120,27641,28302,27590,27591,32280,32711,32462,30420,30061,29020,29581,30282,29520,29251,,,,,,,NO ERROR,,,,,,,,,,,4,8.21,55.3,49.48,50.52,"30,170","30,291","30,052","28,170","28,091","27,120","27,641","28,302","27,590","27,591","32,280","32,711","32,462","30,420","30,061","29,020","29,581","30,282","29,520","29,251",N/A,N/A,N/A,N/A,N/A,N/A,N/A
-8582916.248,4720126.8179,8732,B2802,15,Montgomery,0,None,Old Georgetown Rd,MD,187,  ,0.5,0.17,0.91,Md187-.50 Mi N Of Md355,Woodmont Ave To Huntington Pkwy,Urban,3,Principal Arterial Other,15000MD00187  01NN**************,15000MD00187--1-----,1,North,4,F,0,9.55,62.09,50.45,49.55,7.4121,https://maps.roads.maryland.gov/itms_public/?stationid=B2802,31712,30030,29791,29852,29010,29761,30332,27690,27441,27442,33932,32430,32171,32242,31040,31841,32462,29630,29361,29092,42,24271,1727,284,901,217,NO ERROR,1118,,,0.0015305,0.8844472,0.06293273,0.0103491,0.03283288,0.00790759,0.04074047,4,9.55,62.09,50.45,49.55,"31,712","30,030","29,791","29,852","29,010","29,761","30,332","27,690","27,441","27,442","33,932","32,430","32,171","32,242","31,040","31,841","32,462","29,630","29,361","29,092",42,"24,271",284,"1,727",901,217,1118
-8587136.3409,4732373.3165,8748,B150072,15,Montgomery,130,Rockville,Wootton Pkwy,MU,2593,  ,0.2,0,2.3,Wootton Pkwy-.20 Mi W Of Md355,Md 355 To Md 189,Urban,4,Minor Arterial,15130MU02593  01WW**************,15130MU02593--1-----,1,East,4,F,0,7.47,62.19,51.63,48.37,16.9764,https://maps.roads.maryland.gov/itms_public/?stationid=B150072,19102,18890,18741,18782,18733,19224,19595,19580,19401,20222,20442,20400,20241,20292,20043,20574,20985,20950,20761,20572,,,,,,,NO ERROR,,,,,,,,,,,4,7.47,62.19,51.63,48.37,"19,102","18,890","18,741","18,782","18,733","19,224","19,595","19,580","19,401","20,222","20,442","20,400","20,241","20,292","20,043","20,574","20,985","20,950","20,761","20,572",N/A,N/A,N/A,N/A,N/A,N/A,N/A
-8587627.8501,4724686.2923,8762,S2004150048,15,Montgomery,0,None,Ramp 7 Fr Democracy Blvd Wb To Ramp 6,RP,270,Y ,0.05,0,0.09,Exit 1 Ramp 7 Fr Democracy Blvd Wb To Ramp 6 (to Is 270y Sb),Exit 1  Ramp 07 Democracy Blvd To Ramp 6 Fr Democracy Blvd To Is 270y Sb,Urban,1,Interstate,15000RP00270Y 02SSIS1         07,15000RP00270Y-100107,2,South,2,F,0,10.42,100,0,100,0.1318,https://maps.roads.maryland.gov/itms_public/?stationid=S2004150048,4614,4625,3960,4001,4002,4103,4194,4000,3981,4012,4894,4905,4200,4241,4202,4313,4404,4160,4141,4172,,,,,,,NO ERROR,,,,,,,,,,,2,10.42,100,0,100,"4,614","4,625","3,960","4,001","4,002","4,103","4,194","4,000","3,981","4,012","4,894","4,905","4,200","4,241","4,202","4,313","4,404","4,160","4,141","4,172",N/A,N/A,N/A,N/A,N/A,N/A,N/A
-8572184.277,4723963.4302,8772,S2013150136,15,Montgomery,0,None,Ramp 7 Fr Rp 2 (fr Is495 Wb) To 193,RP,495,  ,0.01,0,0.02,Exit 29 Ramp 7 Fr Rp 2 (fr Is495 Wb) To 193,Exit 29 Ramp 07 Fr Rp 2 (fr Is495 Wb) To 193,Urban,1,Interstate,15000RP00495  02WWIS29        07,15000RP00495--102907,2,West,2,F,0,8.22,100,0,100,0.0212,https://maps.roads.maryland.gov/itms_public/?stationid=S2013150136,,,,2310,2311,2760,2821,2892,2883,2904,,,,2450,2431,2900,2961,3012,3003,3024,,,,,,,NO ERROR,,,,,,,,,,,2,8.22,100,0,100,N/A,N/A,N/A,"2,310","2,311","2,760","2,821","2,892","2,883","2,904",N/A,N/A,N/A,"2,450","2,431","2,900","2,961","3,012","3,003","3,024",N/A,N/A,N/A,N/A,N/A,N/A,N/A
